{"routes": [{"overview_polyline": {"points": "{jttE_jq{X?k@Y?}CDw@@oFAEA?B_@?{BHy@B_@?BaB?k@HkANkDD{H@oK?sO?{LCeJCsIKcFUiA?wA?wB?kB`D?vB@TD\\HP@f@AVA?EN?V?hA@|@AbBC"}, "warnings": [], "bounds": {"northeast": {"lat": 35.011021, "lng": 135.7705442}, "southwest": {"lat": 35.0073412, "lng": 135.7534414}}, "waypoint_order": [], "summary": "\u5fa1\u6c60\u901a\u308a/\u5e9c\u905337\u53f7", "copyrights": "Map data \u00a92020", "legs": [{"distance": {"text": "2.4 km", "value": 2370}, "traffic_speed_entry": [], "end_address": "183 Zaimokuch\u014d, Nakagy\u014d-ku, Kyoto, 604-8017, Japan", "via_waypoint": [], "start_address": "368 Rokkakuaburanok\u014djich\u014d, Nakagy\u014d-ku, Kyoto, 604-8245, Japan", "start_location": {"lat": 35.0073428, "lng": 135.7534414}, "steps": [{"html_instructions": "Head <b>east</b> on <b>\u516d\u89d2\u901a\u308a</b> toward <b>\u6cb9\u5c0f\u8def\u901a\u308a</b>", "distance": {"text": "20 m", "value": 20}, "travel_mode": "DRIVING", "start_location": {"lat": 35.0073428, "lng": 135.7534414}, "polyline": {"points": "{jttE_jq{X?k@"}, "duration": {"text": "1 min", "value": 6}, "end_location": {"lat": 35.0073412, "lng": 135.753662}}, {"html_instructions": "Turn <b>left</b> onto <b>\u6cb9\u5c0f\u8def\u901a\u308a</b>", "distance": {"text": "0.4 km", "value": 408}, "travel_mode": "DRIVING", "maneuver": "turn-left", "start_location": {"lat": 35.0073412, "lng": 135.753662}, "polyline": {"points": "{jttEkkq{XY?yBDc@?E@Q?[?C?CAO@q@?iA?E?C?q@Ac@?EA?BE?Y?e@@]Bw@BK?m@B_@?"}, "duration": {"text": "2 mins", "value": 117}, "end_location": {"lat": 35.0109955, "lng": 135.7535472}}, {"html_instructions": "Turn <b>right</b> onto <b>\u5fa1\u6c60\u901a\u308a</b>/<wbr/><b>\u5e9c\u905337\u53f7</b>", "distance": {"text": "1.6 km", "value": 1552}, "travel_mode": "DRIVING", "maneuver": "turn-right", "start_location": {"lat": 35.0109955, "lng": 135.7535472}, "polyline": {"points": "wautEujq{XBaB?]?MF{@@O?CHaBDaA?CBgA@qA?_A?aB?a@@s@A_B?G@gA?oA?a@?W?OAwA?U@gB?q@?iB?y@?wA?uE?kA@eAAsAAgB?kBAeA?kA?qA?S?g@?_A?W?}@ASA[Aa@?QAMCuAAg@?K?IAMUiA?wA?uA?a@?K?O?I?eA"}, "duration": {"text": "5 mins", "value": 292}, "end_location": {"lat": 35.0110208, "lng": 135.7705442}}, {"html_instructions": "Turn <b>right</b> onto <b>\u6728\u5c4b\u753a\u901a\u308a</b><div style=\"font-size:0.9em\">Destination will be on the left</div>", "distance": {"text": "0.4 km", "value": 390}, "travel_mode": "DRIVING", "maneuver": "turn-right", "start_location": {"lat": 35.0110208, "lng": 135.7705442}, "polyline": {"points": "{autE{tt{XZ?R?`@?x@?D?B@B?FAh@?\\?Z?R@F?LD\\HP@NAV?VA?EJAB@D?P?T?d@?H?B@D@PAD?^AB?D?\\AZAX?D?"}, "duration": {"text": "2 mins", "value": 143}, "end_location": {"lat": 35.0075611, "lng": 135.7705059}}], "duration": {"text": "9 mins", "value": 558}, "end_location": {"lat": 35.0075611, "lng": 135.7705059}}]}], "status": "OK", "geocoded_waypoints": [{"place_id": "ChIJ5bwDQ4IIAWARMIH8lkPHIes", "geocoder_status": "OK", "types": ["street_address"]}, {"place_id": "ChIJ-cG8rpQIAWARoimIciZ6YSc", "geocoder_status": "OK", "types": ["street_address"]}]}