{"routes": [{"overview_polyline": {"points": "otstEwgt{XFjG@lH@fC?fEBbAAx@@jE@bH?vEEbO?jFB~C?F[@_FA?FkAAYA]?"}, "warnings": [], "bounds": {"northeast": {"lat": 35.0055961, "lng": 135.7684444}, "southwest": {"lat": 35.0036682, "lng": 135.7550829}}, "waypoint_order": [], "summary": "\u56db\u6761\u901a\u308a/\u5e9c\u9053186\u53f7", "copyrights": "Map data \u00a92020", "legs": [{"distance": {"text": "1.4 km", "value": 1429}, "traffic_speed_entry": [], "end_address": "441 Furunishich\u014d, Nakagy\u014d-ku, Kyoto, 604-8227, Japan", "via_waypoint": [], "start_address": "39 Otabich\u014d, Shimogy\u014d-ku, Kyoto, 600-8002, Japan", "start_location": {"lat": 35.0037577, "lng": 135.7684444}, "steps": [{"html_instructions": "Head <b>west</b> on <b>\u56db\u6761\u901a\u308a</b>/<wbr/><b>\u5e9c\u9053186\u53f7</b>", "distance": {"text": "1.2 km", "value": 1210}, "travel_mode": "DRIVING", "start_location": {"lat": 35.0037577, "lng": 135.7684444}, "polyline": {"points": "otstEwgt{X@z@?H?@?P@z@@Z@fA?P@j@?`@?N?T?b@?L?bC?B@`A?N?H?j@?j@@~A?j@AN?d@?D@J@J?N?@?VAN?F?L?R?B@j@?p@?d@?X?`A?L@J?~@?j@?b@?X?\\?L?T?T@RA\\?R?vA?VAtA?n@?bAAvA?F?bBA|A?`B@bC?@AB?F?p@@R@pA"}, "duration": {"text": "6 mins", "value": 370}, "end_location": {"lat": 35.0036836, "lng": 135.7551641}}, {"html_instructions": "Turn <b>right</b> at <b>\u56db\u6761\u897f\u6d1e\u9662\uff08\u4ea4\u5dee\u70b9\uff09</b> onto <b>\u897f\u6d1e\u9662\u901a\u308a</b><div style=\"font-size:0.9em\">Destination will be on the left</div>", "distance": {"text": "0.2 km", "value": 219}, "travel_mode": "DRIVING", "maneuver": "turn-right", "start_location": {"lat": 35.0036836, "lng": 135.7551641}, "polyline": {"points": "_tstEwtq{X?F[@_FA?Fi@Aa@?QAG?[?A?"}, "duration": {"text": "1 min", "value": 65}, "end_location": {"lat": 35.0055961, "lng": 135.755102}}], "duration": {"text": "7 mins", "value": 435}, "end_location": {"lat": 35.0055961, "lng": 135.755102}}]}], "status": "OK", "geocoded_waypoints": [{"place_id": "ChIJ62J7n5UIAWARi4v6_DRJeCU", "geocoder_status": "OK", "types": ["street_address"]}, {"place_id": "ChIJ6dXxJYMIAWAR-XI79EfJalw", "geocoder_status": "OK", "types": ["street_address"]}]}