{"routes": [{"overview_polyline": {"points": "ckstEevt{XWbAj@h@rAxAb@VhBv@NFB@Kf@]rAdA`@`C~@DBGVGZ?z@CnCN??nB?fA@|A@~CBjCU?iB@_E@gD@sBAWAs@A{@@gF@kC?M?"}, "warnings": [], "bounds": {"northeast": {"lat": 35.0057227, "lng": 135.7707475}, "southwest": {"lat": 35.0000915, "lng": 135.7639671}}, "waypoint_order": [], "summary": "\u9ad8\u8fbb\u901a\u308a and \u67f3\u99ac\u5834\u901a\u308a", "copyrights": "Map data \u00a92019", "legs": [{"distance": {"text": "1.4 km", "value": 1427}, "traffic_speed_entry": [], "end_address": "580 Takamiyach\u014d, Nakagy\u014d-ku, Kyoto, 604-8056, Japan", "via_waypoint": [], "start_address": "140-27 Sait\u014dch\u014d, Shimogy\u014d-ku, Kyoto, 600-8012, Japan", "start_location": {"lat": 35.0022557, "lng": 135.7707475}, "steps": [{"html_instructions": "Head <b>west</b> on <b>\u56e3\u6817\u901a\u308a</b> toward <b>\u6728\u5c4b\u753a\u901a\u308a</b>", "distance": {"text": "33 m", "value": 33}, "travel_mode": "DRIVING", "start_location": {"lat": 35.0022557, "lng": 135.7707475}, "polyline": {"points": "ckstEevt{XCLCLCHK\\"}, "duration": {"text": "1 min", "value": 9}, "end_location": {"lat": 35.0023781, "lng": 135.770412}}, {"html_instructions": "Turn <b>left</b> onto <b>\u6728\u5c4b\u753a\u901a\u308a</b>", "distance": {"text": "0.2 km", "value": 190}, "travel_mode": "DRIVING", "maneuver": "turn-left", "start_location": {"lat": 35.0023781, "lng": 135.770412}, "polyline": {"points": "{kstEatt{XRPVVbAhANNJJVJj@V|@^D@HD"}, "duration": {"text": "1 min", "value": 43}, "end_location": {"lat": 35.0009457, "lng": 135.7693099}}, {"html_instructions": "Turn <b>right</b> onto <b>\u4ecf\u5149\u5bfa\u901a\u308a</b>", "distance": {"text": "64 m", "value": 64}, "travel_mode": "DRIVING", "maneuver": "turn-right", "start_location": {"lat": 35.0009457, "lng": 135.7693099}, "polyline": {"points": "}bstEemt{XB@Kf@]rA"}, "duration": {"text": "1 min", "value": 35}, "end_location": {"lat": 35.0011364, "lng": 135.7686762}}, {"html_instructions": "Turn <b>left</b> at <b>\u6cb3\u539f\u753a\u4ecf\u5149\u5bfa\uff08\u4ea4\u5dee\u70b9\uff09</b> onto <b>\u6cb3\u539f\u753a\u901a\u308a</b>/<wbr/><b>\u5e9c\u905332\u53f7</b>", "distance": {"text": "0.1 km", "value": 119}, "travel_mode": "DRIVING", "maneuver": "turn-left", "start_location": {"lat": 35.0011364, "lng": 135.7686762}, "polyline": {"points": "cdstEgit{XdA`@p@XnAd@"}, "duration": {"text": "1 min", "value": 37}, "end_location": {"lat": 35.0001442, "lng": 135.7681877}}, {"html_instructions": "Turn <b>right</b> at <b>\u6cb3\u539f\u753a\u9ad8\u8fbb\uff08\u4ea4\u5dee\u70b9\uff09</b> onto <b>\u9ad8\u8fbb\u901a\u308a</b>", "distance": {"text": "0.4 km", "value": 394}, "travel_mode": "DRIVING", "maneuver": "turn-right", "start_location": {"lat": 35.0001442, "lng": 135.7681877}, "polyline": {"points": "{}rtEeft{XDBGVELAL?B?V?H?TAt@AxAN??nB?N?v@@rA?H?J?h@@zA?L?FBbC"}, "duration": {"text": "2 mins", "value": 130}, "end_location": {"lat": 35.0000915, "lng": 135.7639987}}, {"html_instructions": "Turn <b>right</b> onto <b>\u67f3\u99ac\u5834\u901a\u308a</b><div style=\"font-size:0.9em\">Destination will be on the right</div>", "distance": {"text": "0.6 km", "value": 627}, "travel_mode": "DRIVING", "maneuver": "turn-right", "start_location": {"lat": 35.0000915, "lng": 135.7639987}, "polyline": {"points": "q}rtE_ls{XKAI@U?A?gA@I?G?[?q@?]@G?A?Y?g@?c@?a@@G?M?q@?S?E?G?[AgA?G?A?E?GAG?E?W?EAO?W?I@E?S?s@?O?S@c@?gA?O?S?K@E?K?u@?EAO?M?S?M?"}, "duration": {"text": "4 mins", "value": 211}, "end_location": {"lat": 35.0057227, "lng": 135.7639791}}], "duration": {"text": "8 mins", "value": 465}, "end_location": {"lat": 35.0057227, "lng": 135.7639791}}]}], "status": "OK", "geocoded_waypoints": [{"place_id": "ChIJ--g18r8IAWARgljWNbZERD8", "geocoder_status": "OK", "types": ["premise"]}, {"place_id": "ChIJ6WPTJJEIAWARia1-FlUh208", "geocoder_status": "OK", "types": ["street_address"]}]}