{"routes": [{"overview_polyline": {"points": "qwttEufr{XrCCF?@`@?`@?vD?b@[?}EC?FS?qD?E|EQvDGhAC~B?nB"}, "warnings": [], "bounds": {"northeast": {"lat": 35.010999, "lng": 135.7580477}, "southwest": {"lat": 35.0085806, "lng": 135.7529879}}, "waypoint_order": [], "summary": "\u65b0\u753a\u901a and \u5fa1\u6c60\u901a\u308a/\u5e9c\u905337\u53f7", "copyrights": "Map data \u00a92020", "legs": [{"distance": {"text": "0.8 km", "value": 800}, "traffic_speed_entry": [], "end_address": "Japan, \u3012604-8267 Kyoto, Nakagy\u014d-ku, \u5fa1\u6c60\u901a\u5800\u5ddd\u6771\u5165\u935b\u51b6\u753a\uff11\uff19\uff10", "via_waypoint": [], "start_address": "366 Ennogy\u014djach\u014d, Nakagy\u014d-ku, Kyoto, 604-8174, Japan", "start_location": {"lat": 35.0093724, "lng": 135.758032}, "steps": [{"html_instructions": "Head <b>south</b> on <b>\u5ba4\u753a\u901a\u308a</b> toward <b>\u4e09\u6761\u901a\u308a</b>", "distance": {"text": "88 m", "value": 88}, "travel_mode": "DRIVING", "start_location": {"lat": 35.0093724, "lng": 135.758032}, "polyline": {"points": "qwttEufr{XrAAZ?T?LAF?"}, "duration": {"text": "1 min", "value": 21}, "end_location": {"lat": 35.0085851, "lng": 135.7580452}}, {"html_instructions": "Turn <b>right</b> onto <b>\u4e09\u6761\u901a\u308a</b>", "distance": {"text": "0.1 km", "value": 131}, "travel_mode": "DRIVING", "maneuver": "turn-right", "start_location": {"lat": 35.0085851, "lng": 135.7580452}, "polyline": {"points": "urttEyfr{X@`@?`@?xA?J?nA?@?N?R"}, "duration": {"text": "1 min", "value": 36}, "end_location": {"lat": 35.0085821, "lng": 135.7566116}}, {"html_instructions": "Turn <b>right</b> onto <b>\u65b0\u753a\u901a</b>", "distance": {"text": "0.3 km", "value": 252}, "travel_mode": "DRIVING", "maneuver": "turn-right", "start_location": {"lat": 35.0085821, "lng": 135.7566116}, "polyline": {"points": "srttEy}q{XE?U?o@?kAA{A?EA?FS?uC?[?"}, "duration": {"text": "1 min", "value": 86}, "end_location": {"lat": 35.0108204, "lng": 135.7565878}}, {"html_instructions": "Turn <b>left</b> onto <b>\u5fa1\u6c60\u901a\u308a</b>/<wbr/><b>\u5e9c\u905337\u53f7</b>", "distance": {"text": "0.3 km", "value": 329}, "travel_mode": "DRIVING", "maneuver": "turn-left", "start_location": {"lat": 35.0108204, "lng": 135.7565878}, "polyline": {"points": "s`utEu}q{X?~@ApACfA?BE`AI`B?BANGz@?L?\\C`B?R?zA"}, "duration": {"text": "1 min", "value": 64}, "end_location": {"lat": 35.010999, "lng": 135.7529879}}], "duration": {"text": "3 mins", "value": 207}, "end_location": {"lat": 35.010999, "lng": 135.7529879}}]}], "status": "OK", "geocoded_waypoints": [{"place_id": "ChIJPXtDW4QIAWAR0XN_mJVOWCE", "geocoder_status": "OK", "types": ["premise"]}, {"place_id": "ChIJA-OIzIEIAWARExAxAUw6FfU", "geocoder_status": "OK", "types": ["street_address"]}]}