{"routes": [{"overview_polyline": {"points": "{xstEcgr{XtBAb@??G@{C@eC?Wb@?p@?T?`BA~@?nDAT??iC?cE?wAAqBA{D?kB?OA??_@A{G?y@m@A"}, "warnings": [], "bounds": {"northeast": {"lat": 35.0044624, "lng": 135.7658607}, "southwest": {"lat": 35.0013255, "lng": 135.7581042}}, "waypoint_order": [], "summary": "\u4ecf\u5149\u5bfa\u901a\u308a", "copyrights": "Map data \u00a92020", "legs": [{"distance": {"text": "1.1 km", "value": 1077}, "traffic_speed_entry": [], "end_address": "Japan, \u3012600-8037 Kyoto, Shimogy\u014d-ku, Maruyach\u014d, \u5fa1\u5e78\u753a\u901a\u7dbe\u5c0f\u8def\u4e0b\u308b\u2212\uff14\uff11\uff18\u2212\uff13", "via_waypoint": [], "start_address": "Japan, \u3012604-8154 Kyoto, Nakagy\u014d-ku, Kikusuibokoch\u014d, \u56db\u6761\u4e0a\u304c\u308b\u83ca\u6c34\u927e\u753a576", "start_location": {"lat": 35.0044624, "lng": 135.7581042}, "steps": [{"html_instructions": "Head <b>south</b> on <b>\u5ba4\u753a\u901a\u308a</b> toward <b>\u56db\u6761\u901a\u308a</b>/<wbr/><b>\u5e9c\u9053186\u53f7</b>", "distance": {"text": "86 m", "value": 86}, "travel_mode": "DRIVING", "start_location": {"lat": 35.0044624, "lng": 135.7581042}, "polyline": {"points": "{xstEcgr{XHA~A?J?b@?"}, "duration": {"text": "1 min", "value": 31}, "end_location": {"lat": 35.0036934, "lng": 135.7581148}}, {"html_instructions": "Turn <b>left</b> onto <b>\u56db\u6761\u901a\u308a</b>/<wbr/><b>\u5e9c\u9053186\u53f7</b>", "distance": {"text": "0.1 km", "value": 135}, "travel_mode": "DRIVING", "maneuver": "turn-left", "start_location": {"lat": 35.0036934, "lng": 135.7581148}, "polyline": {"points": "atstEegr{X?G@wA?cA?o@@uA"}, "duration": {"text": "1 min", "value": 75}, "end_location": {"lat": 35.0036692, "lng": 135.7595968}}, {"html_instructions": "Turn <b>right</b> at <b>\u56db\u6761\u70cf\u4e38\uff08\u4ea4\u5dee\u70b9\uff09</b> onto <b>\u70cf\u4e38\u901a\u308a</b>/<wbr/><b>\u56fd\u9053367\u53f7</b>", "distance": {"text": "0.3 km", "value": 272}, "travel_mode": "DRIVING", "maneuver": "turn-right", "start_location": {"lat": 35.0036692, "lng": 135.7595968}, "polyline": {"points": "}sstEopr{X?Wb@?b@?L?@?R?b@?b@AD@RAP?B?D?b@?n@?b@?z@A^?N?D?"}, "duration": {"text": "1 min", "value": 63}, "end_location": {"lat": 35.0013277, "lng": 135.7597355}}, {"html_instructions": "Turn <b>left</b> onto <b>\u4ecf\u5149\u5bfa\u901a\u308a</b>", "distance": {"text": "0.6 km", "value": 559}, "travel_mode": "DRIVING", "maneuver": "turn-left", "start_location": {"lat": 35.0013277, "lng": 135.7597355}, "polyline": {"points": "iestEkqr{X?{A?m@?wA?k@?k@?S?Y?k@?O?A?C?AAC?A?E?K?C?oAAW@IAI?c@AQ?A@gA?O?[?c@?i@?A?OA?AO@OA{B?Q?o@?}A?y@"}, "duration": {"text": "2 mins", "value": 144}, "end_location": {"lat": 35.0013714, "lng": 135.76585}}, {"html_instructions": "Turn <b>left</b><div style=\"font-size:0.9em\">Restricted usage road</div>", "distance": {"text": "25 m", "value": 25}, "travel_mode": "DRIVING", "maneuver": "turn-left", "start_location": {"lat": 35.0013714, "lng": 135.76585}, "polyline": {"points": "qestEqws{Xm@A"}, "duration": {"text": "1 min", "value": 6}, "end_location": {"lat": 35.0015976, "lng": 135.7658607}}], "duration": {"text": "5 mins", "value": 319}, "end_location": {"lat": 35.0015976, "lng": 135.7658607}}]}], "status": "OK", "geocoded_waypoints": [{"place_id": "ChIJYT0DCpsIAWARXpLo5tEs210", "geocoder_status": "OK", "types": ["establishment", "food", "point_of_interest", "restaurant"]}, {"place_id": "ChIJJd4xD5YIAWARjSPlKDIdONM", "geocoder_status": "OK", "types": ["street_address"]}]}