{"routes": [{"overview_polyline": {"points": "q`utEems{XCeOCeCGwCCkAUiA^?`C?h@?"}, "warnings": [], "bounds": {"northeast": {"lat": 35.011018, "lng": 135.7689609}, "southwest": {"lat": 35.0099977, "lng": 135.7641934}}, "waypoint_order": [], "summary": "\u5fa1\u6c60\u901a\u308a/\u5e9c\u905337\u53f7", "copyrights": "Map data \u00a92019", "legs": [{"distance": {"text": "0.5 km", "value": 549}, "traffic_speed_entry": [], "end_address": "522 Shimomaruyach\u014d, Nakagy\u014d-ku, Kyoto, 604-8006, Japan", "via_waypoint": [], "start_address": "66 Yanagihachimanch\u014d, Nakagy\u014d-ku, Kyoto, 604-8101, Japan", "start_location": {"lat": 35.0108133, "lng": 135.7641934}, "steps": [{"html_instructions": "Head <b>east</b> on <b>\u5fa1\u6c60\u901a\u308a</b>/<wbr/><b>\u5e9c\u905337\u53f7</b> toward <b>\u5bcc\u5c0f\u8def\u901a\u308a</b>", "distance": {"text": "0.4 km", "value": 400}, "travel_mode": "DRIVING", "start_location": {"lat": 35.0108133, "lng": 135.7641934}, "polyline": {"points": "q`utEems{XAy@?kBAeA?kA?qA?S?g@?_A?W?}@ASA[Aa@?QAMCuAAg@?K?IAM"}, "duration": {"text": "1 min", "value": 74}, "end_location": {"lat": 35.0109079, "lng": 135.7685863}}, {"html_instructions": "Turn <b>right</b> at <b>\u6cb3\u539f\u753a\u5fa1\u6c60\uff08\u4ea4\u5dee\u70b9\uff09</b> onto <b>\u6cb3\u539f\u753a\u901a\u308a</b>/<wbr/><b>\u5e9c\u905332\u53f7</b> (signs for <b>Kawaramachigojo</b>)<div style=\"font-size:0.9em\">Destination will be on the right</div>", "distance": {"text": "0.1 km", "value": 149}, "travel_mode": "DRIVING", "maneuver": "turn-right", "start_location": {"lat": 35.0109079, "lng": 135.7685863}, "polyline": {"points": "eautEuht{XUiA^?lB?R?h@?"}, "duration": {"text": "1 min", "value": 39}, "end_location": {"lat": 35.0099977, "lng": 135.7689606}}], "duration": {"text": "2 mins", "value": 113}, "end_location": {"lat": 35.0099977, "lng": 135.7689606}}]}], "status": "OK", "geocoded_waypoints": [{"place_id": "ChIJF-ntSY4IAWARmQfCNV_t7OY", "geocoder_status": "OK", "types": ["street_address"]}, {"place_id": "ChIJVQM7X5IIAWARyB2KMTANNBc", "geocoder_status": "OK", "types": ["street_address"]}]}