{"routes": [{"overview_polyline": {"points": "owttEmyr{XfC?D?@F?R@rB@|BD??T?|C@lCL?hFAAG?iA@Q"}, "warnings": [], "bounds": {"northeast": {"lat": 35.009356, "lng": 135.7610323}, "southwest": {"lat": 35.0073419, "lng": 135.7580707}}, "waypoint_order": [], "summary": "\u4e09\u6761\u901a\u308a and \u5ba4\u753a\u901a\u308a", "copyrights": "Map data \u00a92020", "legs": [{"distance": {"text": "0.5 km", "value": 536}, "traffic_speed_entry": [], "end_address": "Japan, \u3012604-8163 Kyoto, Nakagy\u014d-ku, Koiyamach\u014d, \uff15\uff11\uff13 \u5ba4\u753a\u67f4\u30d3\u30eb", "via_waypoint": [], "start_address": "Japan, \u3012604-8184 Kyoto, Nakagy\u014d-ku, Dongein Maech\u014d, \uff17\uff10\uff16\u2212\uff13 \u6559\u80b2\u76f8\u8ac7\u7dcf\u5408\u30bb\u30f3\u30bf\u30fc", "start_location": {"lat": 35.009356, "lng": 135.761032}, "steps": [{"html_instructions": "Head <b>south</b> on <b>\u6771\u6d1e\u9662\u901a\u308a</b> toward <b>\u4e09\u6761\u901a\u308a</b>", "distance": {"text": "79 m", "value": 79}, "travel_mode": "DRIVING", "start_location": {"lat": 35.009356, "lng": 135.761032}, "polyline": {"points": "owttEmyr{XbC?B?D?"}, "duration": {"text": "1 min", "value": 21}, "end_location": {"lat": 35.0086463, "lng": 135.7610313}}, {"html_instructions": "Turn <b>right</b> onto <b>\u4e09\u6761\u901a\u308a</b>", "distance": {"text": "0.3 km", "value": 273}, "travel_mode": "DRIVING", "maneuver": "turn-right", "start_location": {"lat": 35.0086463, "lng": 135.7610313}, "polyline": {"points": "asttEmyr{X@F?N?B?\\@tA@~A?\\D??T?|A?~@@lC"}, "duration": {"text": "2 mins", "value": 103}, "end_location": {"lat": 35.0085846, "lng": 135.758071}}, {"html_instructions": "Turn <b>left</b> onto <b>\u5ba4\u753a\u901a\u308a</b>", "distance": {"text": "0.1 km", "value": 138}, "travel_mode": "DRIVING", "maneuver": "turn-left", "start_location": {"lat": 35.0085846, "lng": 135.758071}, "polyline": {"points": "srttE}fr{XL?hFA"}, "duration": {"text": "1 min", "value": 38}, "end_location": {"lat": 35.0073419, "lng": 135.7580788}}, {"html_instructions": "Turn <b>left</b> onto <b>\u516d\u89d2\u901a\u308a</b><div style=\"font-size:0.9em\">Destination will be on the right</div>", "distance": {"text": "46 m", "value": 46}, "travel_mode": "DRIVING", "maneuver": "turn-left", "start_location": {"lat": 35.0073419, "lng": 135.7580788}, "polyline": {"points": "{jttE_gr{XAG?]?k@@Q"}, "duration": {"text": "1 min", "value": 20}, "end_location": {"lat": 35.0073446, "lng": 135.75858}}], "duration": {"text": "3 mins", "value": 182}, "end_location": {"lat": 35.0073446, "lng": 135.75858}}]}], "status": "OK", "geocoded_waypoints": [{"place_id": "ChIJowmrfIUIAWARnsWeXIDH_yA", "geocoder_status": "OK", "types": ["premise"]}, {"place_id": "ChIJb8wfzIQIAWARpmi9ruLS8G0", "geocoder_status": "OK", "types": ["premise"]}]}