{"routes": [{"overview_polyline": {"points": "cdttEyft{XqBFGAUA]@w@Eg@EG?@c@?YAe@?q@cAD_DFGuAS{EOkDQuDkEEuAA"}, "warnings": [], "bounds": {"northeast": {"lat": 35.0105535, "lng": 135.7723391}, "southwest": {"lat": 35.0062642, "lng": 135.7682521}}, "waypoint_order": [], "summary": "\u4e09\u6761\u901a\u308a", "copyrights": "Map data \u00a92020", "legs": [{"distance": {"text": "0.8 km", "value": 814}, "traffic_speed_entry": [], "end_address": "Japan, \u3012605-0009 Kyoto, Higashiyama-ku, \u014chashich\u014d, \u4e09\u6761\u5927\u6a4b\u6771\u8a70 Sanjo Station", "via_waypoint": [], "start_address": "595 Uraderach\u014d, Nakagy\u014d-ku, Kyoto, 604-8041, Japan", "start_location": {"lat": 35.0062642, "lng": 135.7682904}, "steps": [{"html_instructions": "Head <b>north</b> toward <b>\u516d\u89d2\u901a\u308a</b>", "distance": {"text": "0.2 km", "value": 155}, "travel_mode": "DRIVING", "start_location": {"lat": 35.0062642, "lng": 135.7682904}, "polyline": {"points": "cdttEyft{XyADW@A?EAGAC?E?C?C?K?G?E@YAE@ICMASASCG?"}, "duration": {"text": "1 min", "value": 57}, "end_location": {"lat": 35.0076493, "lng": 135.7683186}}, {"html_instructions": "Turn <b>right</b> onto <b>\u516d\u89d2\u901a\u308a</b>", "distance": {"text": "68 m", "value": 68}, "travel_mode": "DRIVING", "maneuver": "turn-right", "start_location": {"lat": 35.0076493, "lng": 135.7683186}, "polyline": {"points": "ylttE_gt{X@c@?K?M?AAc@?Y?W"}, "duration": {"text": "1 min", "value": 26}, "end_location": {"lat": 35.0076522, "lng": 135.7690677}}, {"html_instructions": "Turn <b>left</b> onto <b>\u6cb3\u539f\u753a\u901a\u308a</b>/<wbr/><b>\u5e9c\u905332\u53f7</b>", "distance": {"text": "0.1 km", "value": 127}, "travel_mode": "DRIVING", "maneuver": "turn-left", "start_location": {"lat": 35.0076522, "lng": 135.7690677}, "polyline": {"points": "ylttEukt{XS@o@Bi@@]@c@@s@@"}, "duration": {"text": "1 min", "value": 39}, "end_location": {"lat": 35.0087929, "lng": 135.7689951}}, {"html_instructions": "Turn <b>right</b> at <b>\u6cb3\u539f\u753a\u4e09\u6761\uff08\u4ea4\u5dee\u70b9\uff09</b> onto <b>\u4e09\u6761\u901a\u308a</b>", "distance": {"text": "0.3 km", "value": 303}, "travel_mode": "DRIVING", "maneuver": "turn-right", "start_location": {"lat": 35.0087929, "lng": 135.7689951}, "polyline": {"points": "}sttEgkt{XCg@?UASACS_EAM?E@GAKAW?QCg@AOAOASAYASAUIwA?EAE?C?EA]"}, "duration": {"text": "2 mins", "value": 110}, "end_location": {"lat": 35.0091024, "lng": 135.772299}}, {"html_instructions": "Turn <b>left</b> at <b>\u4e09\u6761\u5927\u6a4b\uff08\u4ea4\u5dee\u70b9\uff09</b> onto <b>\u5ddd\u7aef\u901a\u308a</b>/<wbr/><b>\u5e9c\u905337\u53f7</b><div style=\"font-size:0.9em\">Destination will be on the left</div>", "distance": {"text": "0.2 km", "value": 161}, "travel_mode": "DRIVING", "maneuver": "turn-left", "start_location": {"lat": 35.0091024, "lng": 135.772299}, "polyline": {"points": "{uttE{_u{Xk@AG?Q?A?e@AQ?i@Aa@?Q?m@AU?"}, "duration": {"text": "1 min", "value": 36}, "end_location": {"lat": 35.0105535, "lng": 135.7723391}}], "duration": {"text": "4 mins", "value": 268}, "end_location": {"lat": 35.0105535, "lng": 135.7723391}}]}], "status": "OK", "geocoded_waypoints": [{"place_id": "ChIJ41-2ZZQIAWART7zovISA29Q", "geocoder_status": "OK", "types": ["street_address"]}, {"place_id": "ChIJf4friesIAWARLyrpc9w6duk", "geocoder_status": "OK", "types": ["establishment", "point_of_interest", "train_station", "transit_station"]}]}