{"routes": [{"overview_polyline": {"points": "mlstEshq{XCvAvDFt@?rAAvA@z@?@mBAkAAy@ByGCgPC_IA]AgE?kE"}, "warnings": [], "bounds": {"northeast": {"lat": 35.0024859, "lng": 135.7619022}, "southwest": {"lat": 35.0001313, "lng": 135.7527363}}, "waypoint_order": [], "summary": "\u9ad8\u8fbb\u901a\u308a", "copyrights": "Map data \u00a92019", "legs": [{"distance": {"text": "1.1 km", "value": 1138}, "traffic_speed_entry": [], "end_address": "555-9 Sangench\u014d, Shimogy\u014d-ku, Kyoto, 600-8097, Japan", "via_waypoint": [], "start_address": "100 Nishiayanok\u014dji Higashihanch\u014d, Shimogy\u014d-ku, Kyoto, 600-8479, Japan", "start_location": {"lat": 35.002475, "lng": 135.753223}, "steps": [{"html_instructions": "Head <b>west</b> on <b>\u7dbe\u5c0f\u8def\u901a\u308a</b> toward <b>\u9192\u30f6\u4e95\u901a</b>", "distance": {"text": "41 m", "value": 41}, "travel_mode": "DRIVING", "start_location": {"lat": 35.002475, "lng": 135.753223}, "polyline": {"points": "mlstEshq{XA@?b@?\\AR"}, "duration": {"text": "1 min", "value": 11}, "end_location": {"lat": 35.0024859, "lng": 135.7527753}}, {"html_instructions": "Turn <b>left</b> onto <b>\u9192\u30f6\u4e95\u901a</b>", "distance": {"text": "0.3 km", "value": 262}, "travel_mode": "DRIVING", "maneuver": "turn-left", "start_location": {"lat": 35.0024859, "lng": 135.7527753}, "polyline": {"points": "qlstE{eq{XlADR?Z@x@?d@@NA?ArA?h@?l@@z@?"}, "duration": {"text": "1 min", "value": 76}, "end_location": {"lat": 35.0001404, "lng": 135.7527404}}, {"html_instructions": "Turn <b>left</b> onto <b>\u9ad8\u8fbb\u901a\u308a</b><div style=\"font-size:0.9em\">Destination will be on the left</div>", "distance": {"text": "0.8 km", "value": 835}, "travel_mode": "DRIVING", "maneuver": "turn-left", "start_location": {"lat": 35.0001404, "lng": 135.7527404}, "polyline": {"points": "{}rtEseq{X@mB?w@AS?_@AY@i@?w@?sC@c@?uBAeB?g@?CAU?i@?eC?yAAeC?kC?WAUAK?C?G?E?M?w@?C?Y?k@AM?]?K?k@?k@?m@?i@?A?G?I?G"}, "duration": {"text": "4 mins", "value": 224}, "end_location": {"lat": 35.0001862, "lng": 135.7619022}}], "duration": {"text": "5 mins", "value": 311}, "end_location": {"lat": 35.0001862, "lng": 135.7619022}}]}], "status": "OK", "geocoded_waypoints": [{"place_id": "ChIJRRFwC50IAWAR9dzcVSrZK2g", "geocoder_status": "OK", "types": ["street_address"]}, {"place_id": "ChIJdf9a85cIAWARWunZpifK1R0", "geocoder_status": "OK", "types": ["premise"]}]}