{"routes": [{"overview_polyline": {"points": "whstEyyr{XlB??k@?m@?aACeC?_E?_BA?AO?kC?yE@kC?aA{@?S?@g@B}B@WLm@"}, "warnings": [], "bounds": {"northeast": {"lat": 35.0018806, "lng": 135.768062}, "southwest": {"lat": 35.0013282, "lng": 135.7610894}}, "waypoint_order": [], "summary": "\u4ecf\u5149\u5bfa\u901a\u308a", "copyrights": "Map data \u00a92019", "legs": [{"distance": {"text": "0.7 km", "value": 743}, "traffic_speed_entry": [], "end_address": "Japan, \u3012600-8023 Kyoto, Shimogy\u014d-ku, Tominagach\u014d, \uff13\uff14\uff13\u2212\uff12 \u52dd\u5713\u5bfa", "via_waypoint": [], "start_address": "Japan, \u3012600-8094 Kyoto, Shimogy\u014d-ku, \u4ecf\u5149\u5bfa\u901a\u6771\u6d1e\u9662\u6771\u5165\u4ecf\u5149\u5bfa\u897f\u753a\uff13\uff14\uff15", "start_location": {"lat": 35.0018806, "lng": 135.7610904}, "steps": [{"html_instructions": "Head <b>south</b> on <b>\u6771\u6d1e\u9662\u901a\u308a</b> toward <b>\u4ecf\u5149\u5bfa\u901a\u308a</b>", "distance": {"text": "61 m", "value": 61}, "travel_mode": "DRIVING", "start_location": {"lat": 35.0018806, "lng": 135.7610904}, "polyline": {"points": "whstEyyr{XlB?"}, "duration": {"text": "1 min", "value": 17}, "end_location": {"lat": 35.0013282, "lng": 135.7610894}}, {"html_instructions": "Turn <b>left</b> onto <b>\u4ecf\u5149\u5bfa\u901a\u308a</b>", "distance": {"text": "0.5 km", "value": 529}, "travel_mode": "DRIVING", "maneuver": "turn-left", "start_location": {"lat": 35.0013282, "lng": 135.7610894}, "polyline": {"points": "iestEyyr{X?k@?S?Y?k@?O?A?C?AAC?A?E?K?C?oAAW@IAI?c@AQ?A@gA?O?[?c@?i@?A?OA?AO@OA{B?Q?o@?}A?y@?e@@s@?A?o@?aA"}, "duration": {"text": "2 mins", "value": 136}, "end_location": {"lat": 35.0013608, "lng": 135.7668786}}, {"html_instructions": "Turn <b>left</b> onto <b>\u5bfa\u753a\u901a\u308a</b>", "distance": {"text": "44 m", "value": 44}, "travel_mode": "DRIVING", "maneuver": "turn-left", "start_location": {"lat": 35.0013608, "lng": 135.7668786}, "polyline": {"points": "oestE_~s{X{@?S?"}, "duration": {"text": "1 min", "value": 13}, "end_location": {"lat": 35.0017578, "lng": 135.7668817}}, {"html_instructions": "Turn <b>right</b><div style=\"font-size:0.9em\">Destination will be on the left</div>", "distance": {"text": "0.1 km", "value": 109}, "travel_mode": "DRIVING", "maneuver": "turn-right", "start_location": {"lat": 35.0017578, "lng": 135.7668817}, "polyline": {"points": "_hstE_~s{X@g@@eB@W?Q@E@IJc@"}, "duration": {"text": "1 min", "value": 25}, "end_location": {"lat": 35.0016472, "lng": 135.768062}}], "duration": {"text": "3 mins", "value": 191}, "end_location": {"lat": 35.0016472, "lng": 135.768062}}]}], "status": "OK", "geocoded_waypoints": [{"place_id": "ChIJe7y_fZcIAWARvyK2YjjcF3k", "geocoder_status": "OK", "types": ["street_address"]}, {"place_id": "ChIJDd2nL74IAWARktHNrOsr29s", "geocoder_status": "OK", "types": ["premise"]}]}