{"routes": [{"overview_polyline": {"points": "u}ttEkyr{XhIAH?@VBvE?\\D??rB?~@gA?}A@"}, "warnings": [], "bounds": {"northeast": {"lat": 35.0103456, "lng": 135.761032}, "southwest": {"lat": 35.0085858, "lng": 135.7587732}}, "waypoint_order": [], "summary": "\u6771\u6d1e\u9662\u901a\u308a and \u4e09\u6761\u901a\u308a", "copyrights": "Map data \u00a92020", "legs": [{"distance": {"text": "0.5 km", "value": 490}, "traffic_speed_entry": [], "end_address": "Japan, \u3012604-8173 Kyoto, Nakagy\u014d-ku, Kakimotoch\u014d, \uff13\uff19\uff18\u2212\uff12 \u4e09\u6761\u70cf\u4e38\u571f\u5c71\u30d3\u30eb", "via_waypoint": [], "start_address": "438 Sasayach\u014d, Nakagy\u014d-ku, Kyoto, 604-8187, Japan", "start_location": {"lat": 35.0103456, "lng": 135.7610236}, "steps": [{"html_instructions": "Head <b>south</b> on <b>\u6771\u6d1e\u9662\u901a\u308a</b> toward <b>\u59c9\u5c0f\u8def\u901a\u308a</b>", "distance": {"text": "0.2 km", "value": 189}, "travel_mode": "DRIVING", "start_location": {"lat": 35.0103456, "lng": 135.7610236}, "polyline": {"points": "u}ttEkyr{XF?F?nAAhF?B?D?"}, "duration": {"text": "1 min", "value": 50}, "end_location": {"lat": 35.0086463, "lng": 135.7610313}}, {"html_instructions": "Turn <b>right</b> onto <b>\u4e09\u6761\u901a\u308a</b>", "distance": {"text": "0.2 km", "value": 209}, "travel_mode": "DRIVING", "maneuver": "turn-right", "start_location": {"lat": 35.0086463, "lng": 135.7610313}, "polyline": {"points": "asttEmyr{X@F?N?B?\\@tA@~A?\\D??T?|A?~@"}, "duration": {"text": "1 min", "value": 84}, "end_location": {"lat": 35.0085913, "lng": 135.7587838}}, {"html_instructions": "Turn <b>right</b> onto <b>\u4e21\u66ff\u753a\u901a\u308a</b><div style=\"font-size:0.9em\">Destination will be on the right</div>", "distance": {"text": "92 m", "value": 92}, "travel_mode": "DRIVING", "maneuver": "turn-right", "start_location": {"lat": 35.0085913, "lng": 135.7587838}, "polyline": {"points": "urttEkkr{XgA?}A@"}, "duration": {"text": "1 min", "value": 36}, "end_location": {"lat": 35.009422, "lng": 135.7587732}}], "duration": {"text": "3 mins", "value": 170}, "end_location": {"lat": 35.009422, "lng": 135.7587732}}]}], "status": "OK", "geocoded_waypoints": [{"place_id": "ChIJ4ayEg4UIAWARCmDJXGBYiHc", "geocoder_status": "OK", "types": ["street_address"]}, {"place_id": "ChIJE_LyU4QIAWARmhuM8vtWjyw", "geocoder_status": "OK", "types": ["premise"]}]}