{"routes": [{"overview_polyline": {"points": "w{ttEa`u{XmCC]?@h@AR@tB?hABnD?tD@`AEn@Af@DrCD|A@bK@dAlB@rA@?i@"}, "warnings": [], "bounds": {"northeast": {"lat": 35.0109034, "lng": 135.7723498}, "southwest": {"lat": 35.0098481, "lng": 135.7650026}}, "waypoint_order": [], "summary": "\u5e9c\u905337\u53f7", "copyrights": "Map data \u00a92019", "legs": [{"distance": {"text": "0.9 km", "value": 892}, "traffic_speed_entry": [], "end_address": "Japan, \u3012604-8092 Kyoto, Nakagy\u014d-ku, Anedait\u014dch\u014d, \u59c9\u5c0f\u8def\u901a\u5bcc\u5c0f\u8def\u6771\u5165\uff15\uff16\uff10", "via_waypoint": [], "start_address": "Japan, Kyoto, Higashiyama Ward, \u4e09\u6761\u5927\u6a4b\u6771\u8a70 Sanjo Station", "start_location": {"lat": 35.0100419, "lng": 135.7723277}, "steps": [{"html_instructions": "Head <b>north</b> on <b>\u5ddd\u7aef\u901a\u308a</b>/<wbr/><b>\u5e9c\u905337\u53f7</b> toward <b>\u5fa1\u6c60\u901a\u308a</b>", "distance": {"text": "0.1 km", "value": 96}, "travel_mode": "DRIVING", "start_location": {"lat": 35.0100419, "lng": 135.7723277}, "polyline": {"points": "w{ttEa`u{XO?Q?m@A}@A]?"}, "duration": {"text": "1 min", "value": 20}, "end_location": {"lat": 35.0109005, "lng": 135.7723498}}, {"html_instructions": "Turn <b>left</b> at <b>\u5ddd\u7aef\u5fa1\u6c60\uff08\u4ea4\u5dee\u70b9\uff09</b> onto <b>\u5fa1\u6c60\u901a\u308a</b>/<wbr/><b>\u5e9c\u905337\u53f7</b> (signs for <b>Horikawaoike</b>)", "distance": {"text": "0.7 km", "value": 668}, "travel_mode": "DRIVING", "maneuver": "turn-left", "start_location": {"lat": 35.0109005, "lng": 135.7723498}, "polyline": {"points": "cautEe`u{X@h@AJ?F?F?l@@h@?T?T?T?J?P@L?fA?T?J?L?P@L?HAJ?P@|A?x@@`AEn@CX@L?H?J@f@BtA@L?P@`@@Z@R?|@?V?~@?f@?R?pA?jA@dA"}, "duration": {"text": "3 mins", "value": 156}, "end_location": {"lat": 35.0108248, "lng": 135.7650239}}, {"html_instructions": "Turn <b>left</b> onto <b>\u5bcc\u5c0f\u8def\u901a\u308a</b>", "distance": {"text": "0.1 km", "value": 109}, "travel_mode": "DRIVING", "maneuver": "turn-left", "start_location": {"lat": 35.0108248, "lng": 135.7650239}, "polyline": {"points": "s`utEkrs{XlB@n@?b@@"}, "duration": {"text": "1 min", "value": 32}, "end_location": {"lat": 35.0098481, "lng": 135.7650026}}, {"html_instructions": "Turn <b>left</b> onto <b>\u59c9\u5c0f\u8def\u901a\u308a</b><div style=\"font-size:0.9em\">Destination will be on the left</div>", "distance": {"text": "19 m", "value": 19}, "travel_mode": "DRIVING", "maneuver": "turn-left", "start_location": {"lat": 35.0098481, "lng": 135.7650026}, "polyline": {"points": "qzttEgrs{X?i@"}, "duration": {"text": "1 min", "value": 7}, "end_location": {"lat": 35.0098491, "lng": 135.7652133}}], "duration": {"text": "4 mins", "value": 215}, "end_location": {"lat": 35.0098491, "lng": 135.7652133}}]}], "status": "OK", "geocoded_waypoints": [{"place_id": "ChIJf4friesIAWARLyrpc9w6duk", "geocoder_status": "OK", "types": ["establishment", "point_of_interest", "train_station", "transit_station"]}, {"place_id": "ChIJOzBOHo4IAWARjI-3EUhmYkc", "geocoder_status": "OK", "types": ["street_address"]}]}