{"routes": [{"overview_polyline": {"points": "ypttE}_u{XlB?tFFtJRzADh@FZD?p@@vB?V@~BBr@BpDBrFFrG@zQBh@A|@@dG@zCnCAfF?"}, "warnings": [], "bounds": {"northeast": {"lat": 35.0082867, "lng": 135.7723129}, "southwest": {"lat": 35.001788, "lng": 135.7610824}}, "waypoint_order": [], "summary": "\u5ddd\u7aef\u901a\u308a and \u56db\u6761\u901a\u308a/\u5e9c\u9053186\u53f7", "copyrights": "Map data \u00a92020", "legs": [{"distance": {"text": "1.7 km", "value": 1708}, "traffic_speed_entry": [], "end_address": "298 \u014cgisakayach\u014d, Shimogy\u014d-ku, Kyoto, 600-8095, Japan", "via_waypoint": [], "start_address": "Japan, \u3012605-0009 Kyoto, Higashiyama-ku, \u014chashich\u014d, \u4e09\u6761\u5927\u6a4b\u6771\u8a70 Sanjo Station", "start_location": {"lat": 35.0082867, "lng": 135.7723129}, "steps": [{"html_instructions": "Head <b>south</b> on <b>\u5ddd\u7aef\u901a\u308a</b> toward <b>\u82e5\u677e\u901a\u308a</b>", "distance": {"text": "0.5 km", "value": 497}, "travel_mode": "DRIVING", "start_location": {"lat": 35.0082867, "lng": 135.7723129}, "polyline": {"points": "ypttE}_u{XVAd@@Z?R?`@?f@@jA@~ABL@`A@`BDb@@h@@\\@bABR?r@@f@B^DH@H@PB"}, "duration": {"text": "2 mins", "value": 124}, "end_location": {"lat": 35.0038279, "lng": 135.7720738}}, {"html_instructions": "Turn <b>right</b> at <b>\u56db\u6761\u5927\u6a4b\uff08\u4ea4\u5dee\u70b9\uff09</b> onto <b>\u56db\u6761\u5927\u6a4b</b>/<wbr/><b>\u56db\u6761\u901a\u308a</b>/<wbr/><b>\u5e9c\u9053186\u53f7</b><div style=\"font-size:0.9em\">Continue to follow \u56db\u6761\u901a\u308a/<wbr/>\u5e9c\u9053186\u53f7</div>", "distance": {"text": "1.0 km", "value": 1002}, "travel_mode": "DRIVING", "maneuver": "turn-right", "start_location": {"lat": 35.0038279, "lng": 135.7720738}, "polyline": {"points": "}tstEm~t{X?h@?F?H?n@@n@?L?@?JAD@B?J?F@X@r@?HAF?D?D?F@H?@@^?l@?B@jA@r@?j@?b@?N@`@?N?Z@z@?H?@?P@z@@Z@fA?P@j@?`@?N?T?b@?L?bC?B@`A?N?H?j@?j@@~A?j@AN?d@?D@J@J?N?@?VAN?F?L?R?B@j@?p@?d@?X?`A?L@J?~@?j@?b@"}, "duration": {"text": "6 mins", "value": 349}, "end_location": {"lat": 35.0036681, "lng": 135.7610824}}, {"html_instructions": "Turn <b>left</b> onto <b>\u6771\u6d1e\u9662\u901a\u308a</b>", "distance": {"text": "0.2 km", "value": 209}, "travel_mode": "DRIVING", "maneuver": "turn-left", "start_location": {"lat": 35.0036681, "lng": 135.7610824}, "polyline": {"points": "}sstEwyr{Xb@?r@Ap@?D?b@?t@?`B?H?`@?"}, "duration": {"text": "1 min", "value": 71}, "end_location": {"lat": 35.001788, "lng": 135.7610903}}], "duration": {"text": "9 mins", "value": 544}, "end_location": {"lat": 35.001788, "lng": 135.7610903}}]}], "status": "OK", "geocoded_waypoints": [{"place_id": "ChIJf4friesIAWARLyrpc9w6duk", "geocoder_status": "OK", "types": ["establishment", "point_of_interest", "train_station", "transit_station"]}, {"place_id": "ChIJIzMLOfAJAWARUeSW0YDAuYk", "geocoder_status": "OK", "types": ["establishment", "parking", "point_of_interest"]}]}