{"routes": [{"overview_polyline": {"points": "klttEikq{X_DDs@?eC?uAAEA?B_@?cADqBF_@?BaB?k@RqDDeADyC@wFAaL@mUAmJ|C@b@@?y@?w@?_@?qCx@?vD@AeBE[KkEAW"}, "warnings": [], "bounds": {"northeast": {"lat": 35.0109955, "lng": 135.7682379}, "southwest": {"lat": 35.0075815, "lng": 135.7535472}}, "waypoint_order": [], "summary": "\u5fa1\u6c60\u901a\u308a/\u5e9c\u905337\u53f7", "copyrights": "Map data \u00a92020", "legs": [{"distance": {"text": "2.0 km", "value": 1967}, "traffic_speed_entry": [], "end_address": "21 Ishibashich\u014d, Nakagy\u014d-ku, Kyoto, 604-8036, Japan", "via_waypoint": [], "start_address": "173-6 Sanj\u014daburanok\u014djich\u014d, Nakagy\u014d-ku, Kyoto, 604-8251, Japan", "start_location": {"lat": 35.0075815, "lng": 135.7536522}, "steps": [{"html_instructions": "Head <b>north</b> on <b>\u6cb9\u5c0f\u8def\u901a\u308a</b> toward <b>\u4e09\u6761\u901a\u308a</b>", "distance": {"text": "0.4 km", "value": 381}, "travel_mode": "DRIVING", "start_location": {"lat": 35.0075815, "lng": 135.7536522}, "polyline": {"points": "klttEikq{XcBBc@?E@Q?[?C?CAO@q@?iA?E?C?q@Ac@?EA?BE?Y?e@@]Bw@BK?m@B_@?"}, "duration": {"text": "2 mins", "value": 108}, "end_location": {"lat": 35.0109955, "lng": 135.7535472}}, {"html_instructions": "Turn <b>right</b> onto <b>\u5fa1\u6c60\u901a\u308a</b>/<wbr/><b>\u5e9c\u905337\u53f7</b>", "distance": {"text": "1.0 km", "value": 1046}, "travel_mode": "DRIVING", "maneuver": "turn-right", "start_location": {"lat": 35.0109955, "lng": 135.7535472}, "polyline": {"points": "wautEujq{XBaB?]?MF{@@O?CHaBDaA?CBgA@qA?_A?aB?a@@s@A_B?G@gA?oA?a@?W?OAwA?U@gB?q@?iB?y@?wA?uE?kA@eAAsAAgB?kB"}, "duration": {"text": "3 mins", "value": 184}, "end_location": {"lat": 35.0108248, "lng": 135.7650239}}, {"html_instructions": "Turn <b>right</b> onto <b>\u5bcc\u5c0f\u8def\u901a\u308a</b>", "distance": {"text": "0.1 km", "value": 109}, "travel_mode": "DRIVING", "maneuver": "turn-right", "start_location": {"lat": 35.0108248, "lng": 135.7650239}, "polyline": {"points": "s`utEkrs{XlB@n@?b@@"}, "duration": {"text": "1 min", "value": 39}, "end_location": {"lat": 35.0098481, "lng": 135.7650026}}, {"html_instructions": "Turn <b>left</b> onto <b>\u59c9\u5c0f\u8def\u901a\u308a</b>", "distance": {"text": "0.1 km", "value": 133}, "travel_mode": "DRIVING", "maneuver": "turn-left", "start_location": {"lat": 35.0098481, "lng": 135.7650026}, "polyline": {"points": "qzttEgrs{X?y@?E?q@?U?I?M?cC"}, "duration": {"text": "1 min", "value": 39}, "end_location": {"lat": 35.009847, "lng": 135.7664628}}, {"html_instructions": "Turn <b>right</b> onto <b>\u5fa1\u5e78\u753a\u901a\u308a</b>", "distance": {"text": "0.1 km", "value": 134}, "travel_mode": "DRIVING", "maneuver": "turn-right", "start_location": {"lat": 35.009847, "lng": 135.7664628}, "polyline": {"points": "qzttEk{s{XF?p@?dA?jA?X?J@"}, "duration": {"text": "1 min", "value": 35}, "end_location": {"lat": 35.0086437, "lng": 135.7664489}}, {"html_instructions": "Turn <b>left</b> onto <b>\u4e09\u6761\u901a\u308a</b>", "distance": {"text": "60 m", "value": 60}, "travel_mode": "DRIVING", "maneuver": "turn-left", "start_location": {"lat": 35.0086437, "lng": 135.7664489}, "polyline": {"points": "_sttEi{s{XAaB?C?QEI"}, "duration": {"text": "1 min", "value": 51}, "end_location": {"lat": 35.0086773, "lng": 135.7670956}}, {"html_instructions": "Continue straight to stay on <b>\u4e09\u6761\u901a\u308a</b><div style=\"font-size:0.9em\">Closed 12:00 \u2013 10:00 AM</div><div style=\"font-size:0.9em\">Destination will be on the left</div>", "distance": {"text": "0.1 km", "value": 104}, "travel_mode": "DRIVING", "maneuver": "straight", "start_location": {"lat": 35.0086773, "lng": 135.7670956}, "polyline": {"points": "gsttEk_t{X?QAWAYGgCAW"}, "duration": {"text": "1 min", "value": 76}, "end_location": {"lat": 35.0087518, "lng": 135.7682379}}], "duration": {"text": "9 mins", "value": 532}, "end_location": {"lat": 35.0087518, "lng": 135.7682379}}]}], "status": "OK", "geocoded_waypoints": [{"place_id": "ChIJ4yUKRoIIAWARfD_FBAKP05Q", "geocoder_status": "OK", "types": ["premise"]}, {"place_id": "ChIJL8HWUpIIAWARqXUvv7dOkZ8", "geocoder_status": "OK", "types": ["premise"]}]}