{"routes": [{"overview_polyline": {"points": "iustEwyr{Xj@??oAA{CAkE@y@CcA?gEAgCAmHGkGA}A?oAgA@mA@uAB{BH{@B@T?ZAv@"}, "warnings": [], "bounds": {"northeast": {"lat": 35.0058728, "lng": 135.769309}, "southwest": {"lat": 35.0036681, "lng": 135.7610824}}, "waypoint_order": [], "summary": "\u56db\u6761\u901a\u308a/\u5e9c\u9053186\u53f7", "copyrights": "Map data \u00a92020", "legs": [{"distance": {"text": "1.1 km", "value": 1056}, "traffic_speed_entry": [], "end_address": "Japan, \u3012604-8041 Kyoto, Nakagy\u014d-ku, Uraderach\u014d, \u88cf\u5bfa\u753a\u901a\u86f8\u85ac\u5e2b\u4e0b\u308b\u2212\uff13\uff11\uff19", "via_waypoint": [], "start_address": "60 Tachiuri Nishimachi, Shimogy\u014d-ku, Kyoto, 600-8007, Japan", "start_location": {"lat": 35.0038883, "lng": 135.7610837}, "steps": [{"html_instructions": "Head <b>south</b> on <b>\u6771\u6d1e\u9662\u901a\u308a</b> toward <b>\u56db\u6761\u901a\u308a</b>/<wbr/><b>\u5e9c\u9053186\u53f7</b>", "distance": {"text": "24 m", "value": 24}, "travel_mode": "DRIVING", "start_location": {"lat": 35.0038883, "lng": 135.7610837}, "polyline": {"points": "iustEwyr{X@?h@?"}, "duration": {"text": "1 min", "value": 9}, "end_location": {"lat": 35.0036681, "lng": 135.7610824}}, {"html_instructions": "Turn <b>left</b> onto <b>\u56db\u6761\u901a\u308a</b>/<wbr/><b>\u5e9c\u9053186\u53f7</b>", "distance": {"text": "0.8 km", "value": 750}, "travel_mode": "DRIVING", "maneuver": "turn-left", "start_location": {"lat": 35.0036681, "lng": 135.7610824}, "polyline": {"points": "}sstEwyr{X?c@?k@?_AAK?M?aA?Y?e@?q@Ak@?C?S?M?G@O?W?A?OAKAK?E?e@@O?k@A_B?k@?k@?I?OAaA?C?cC?M?c@?U?O?a@Ak@?QAgAA[A{@?Q?A?IA{@?[?OAa@?O?c@?k@"}, "duration": {"text": "5 mins", "value": 273}, "end_location": {"lat": 35.0037747, "lng": 135.769309}}, {"html_instructions": "Turn <b>left</b> at <b>\u56db\u6761\u6cb3\u539f\u753a\uff08\u4ea4\u5dee\u70b9\uff09</b> onto <b>\u6cb3\u539f\u753a\u901a\u308a</b>/<wbr/><b>\u5e9c\u905332\u53f7</b><div style=\"font-size:0.9em\">Pass by FamilyMart Shijo-Kawaramachi (on the right)</div>", "distance": {"text": "0.2 km", "value": 234}, "travel_mode": "DRIVING", "maneuver": "turn-left", "start_location": {"lat": 35.0037747, "lng": 135.769309}, "polyline": {"points": "qtstEemt{Xc@@c@?[@O?S?M?S@c@@O?M?c@@W@[@c@B{@B"}, "duration": {"text": "1 min", "value": 73}, "end_location": {"lat": 35.0058728, "lng": 135.769196}}, {"html_instructions": "Turn <b>left</b> onto <b>\u86f8\u85ac\u5e2b\u901a\u308a</b><div style=\"font-size:0.9em\">Closed 1:00 \u2013 3:00 PM</div><div style=\"font-size:0.9em\">Destination will be on the left</div>", "distance": {"text": "48 m", "value": 48}, "travel_mode": "DRIVING", "maneuver": "turn-left", "start_location": {"lat": 35.0058728, "lng": 135.769196}, "polyline": {"points": "uattEolt{X@T?T?DAv@"}, "duration": {"text": "1 min", "value": 22}, "end_location": {"lat": 35.0058669, "lng": 135.7686727}}], "duration": {"text": "6 mins", "value": 377}, "end_location": {"lat": 35.0058669, "lng": 135.7686727}}]}], "status": "OK", "geocoded_waypoints": [{"place_id": "ChIJN-FVBpoIAWARtRduEtUu_Bw", "geocoder_status": "OK", "types": ["street_address"]}, {"place_id": "ChIJQ-6K-5QIAWARYohqj0S2o0M", "geocoder_status": "OK", "types": ["street_address"]}]}