{"routes": [{"overview_polyline": {"points": "itttEmyt{X]@@RB^F|ARzEFtAmADsA@{F?_@??wA?wB?kBjC?lC@TD\\HP@f@AVA?E?SAi@I{AKmB"}, "warnings": [], "bounds": {"northeast": {"lat": 35.011021, "lng": 135.7718077}, "southwest": {"lat": 35.0087929, "lng": 135.7689574}}, "waypoint_order": [], "summary": "\u6cb3\u539f\u753a\u901a\u308a/\u5e9c\u905332\u53f7 and \u4e09\u6761\u901a\u308a", "copyrights": "Map data \u00a92020", "legs": [{"distance": {"text": "1.0 km", "value": 974}, "traffic_speed_entry": [], "end_address": "Japan, \u3012605-0009 Kyoto, Higashiyama-ku, \u014chashich\u014d, \u4e09\u6761\u5927\u6a4b\u6771\u8a70 Sanjo Station", "via_waypoint": [], "start_address": "Japan, \u3012604-8004 Kyoto, Nakagy\u014d-ku, \u4e09\u6761\u901a\u6728\u5c4b\u753a\u6771\u5165\u4e2d\u5cf6\u753a\uff11\uff11\uff10", "start_location": {"lat": 35.00884500000001, "lng": 135.771268}, "steps": [{"html_instructions": "Head <b>north</b> toward <b>\u4e09\u6761\u901a\u308a</b>", "distance": {"text": "17 m", "value": 17}, "travel_mode": "DRIVING", "start_location": {"lat": 35.00884500000001, "lng": 135.771268}, "polyline": {"points": "itttEmyt{X]@"}, "duration": {"text": "1 min", "value": 6}, "end_location": {"lat": 35.0089993, "lng": 135.7712591}}, {"html_instructions": "Turn <b>left</b> onto <b>\u4e09\u6761\u901a\u308a</b>", "distance": {"text": "0.2 km", "value": 208}, "travel_mode": "DRIVING", "maneuver": "turn-left", "start_location": {"lat": 35.0089993, "lng": 135.7712591}, "polyline": {"points": "guttEkyt{X@R@N@NBf@?P@V@JAF?D@LR~D@B@R?TBf@"}, "duration": {"text": "1 min", "value": 74}, "end_location": {"lat": 35.0087929, "lng": 135.7689951}}, {"html_instructions": "Turn <b>right</b> at <b>\u6cb3\u539f\u753a\u4e09\u6761\uff08\u4ea4\u5dee\u70b9\uff09</b> onto <b>\u6cb3\u539f\u753a\u901a\u308a</b>/<wbr/><b>\u5e9c\u905332\u53f7</b>", "distance": {"text": "0.2 km", "value": 230}, "travel_mode": "DRIVING", "maneuver": "turn-right", "start_location": {"lat": 35.0087929, "lng": 135.7689951}, "polyline": {"points": "}sttEgkt{XKBO?W@Y?W?I?g@?I@EAsB@S?mB?"}, "duration": {"text": "1 min", "value": 64}, "end_location": {"lat": 35.0108633, "lng": 135.7689609}}, {"html_instructions": "Turn <b>right</b> at <b>\u6cb3\u539f\u753a\u5fa1\u6c60\uff08\u4ea4\u5dee\u70b9\uff09</b> onto <b>\u5fa1\u6c60\u901a\u308a</b>/<wbr/><b>\u5e9c\u905337\u53f7</b>", "distance": {"text": "0.2 km", "value": 162}, "travel_mode": "DRIVING", "maneuver": "turn-right", "start_location": {"lat": 35.0108633, "lng": 135.7689609}, "polyline": {"points": "{`utE_kt{X_@??wA?uA?a@?K?O?I?eA"}, "duration": {"text": "1 min", "value": 44}, "end_location": {"lat": 35.0110208, "lng": 135.7705442}}, {"html_instructions": "Turn <b>right</b> onto <b>\u6728\u5c4b\u753a\u901a\u308a</b>", "distance": {"text": "0.2 km", "value": 233}, "travel_mode": "DRIVING", "maneuver": "turn-right", "start_location": {"lat": 35.0110208, "lng": 135.7705442}, "polyline": {"points": "{autE{tt{XZ?R?`@?x@?D?B@B?FAh@?\\?Z?R@F?LD\\HP@NAV?VA"}, "duration": {"text": "1 min", "value": 80}, "end_location": {"lat": 35.0089358, "lng": 135.7704559}}, {"html_instructions": "Turn <b>left</b> onto <b>\u4e09\u6761\u901a\u308a</b>", "distance": {"text": "0.1 km", "value": 124}, "travel_mode": "DRIVING", "maneuver": "turn-left", "start_location": {"lat": 35.0089358, "lng": 135.7704559}, "polyline": {"points": "{tttEktt{X?E@GAKAW?QCg@AOAOASAYASAUEi@"}, "duration": {"text": "1 min", "value": 58}, "end_location": {"lat": 35.0090563, "lng": 135.7718077}}], "duration": {"text": "5 mins", "value": 326}, "end_location": {"lat": 35.0090563, "lng": 135.7718077}}]}], "status": "OK", "geocoded_waypoints": [{"place_id": "ChIJI91rs-wIAWAReAaN9itabb8", "geocoder_status": "OK", "types": ["street_address"]}, {"place_id": "ChIJf4friesIAWARLyrpc9w6duk", "geocoder_status": "OK", "types": ["establishment", "point_of_interest", "train_station", "transit_station"]}]}