{"routes": [{"overview_polyline": {"points": "ugstEgdt{X`@cB`@sArBx@`C~@DBGVGZ?ZCnDN??nB?fA@rCDtF@pHGjAGZEP?P?dC@bB?`DB`@?bD@nKBfDAxCeF?A{B"}, "warnings": [], "bounds": {"northeast": {"lat": 35.0017101, "lng": 135.768797}, "southwest": {"lat": 35.0000813, "lng": 135.7551887}}, "waypoint_order": [], "summary": "\u9ad8\u8fbb\u901a\u308a", "copyrights": "Map data \u00a92019", "legs": [{"distance": {"text": "1.6 km", "value": 1623}, "traffic_speed_entry": [], "end_address": "185-2 Kandaijinch\u014d, Shimogy\u014d-ku, Kyoto, 600-8444, Japan", "via_waypoint": [], "start_address": "Japan, \u3012600-8023 Kyoto, Shimogy\u014d-ku, Tominagach\u014d, \uff13\uff14\uff16 \uff2d\u30fb\uff27\uff28\uff49\uff4c\uff4c\uff53\u56db\u6761\u6cb3\u539f\u753a", "start_location": {"lat": 35.0017101, "lng": 135.7678841}, "steps": [{"html_instructions": "Head <b>southeast</b> toward <b>\u6cb3\u539f\u753a\u901a\u308a</b>/<wbr/><b>\u5e9c\u905332\u53f7</b>", "distance": {"text": "92 m", "value": 92}, "travel_mode": "DRIVING", "start_location": {"lat": 35.0017101, "lng": 135.7678841}, "polyline": {"points": "ugstEgdt{XNk@?CH[FWHWV{@"}, "duration": {"text": "1 min", "value": 24}, "end_location": {"lat": 35.0013659, "lng": 135.768797}}, {"html_instructions": "Turn <b>right</b> onto <b>\u6cb3\u539f\u753a\u901a\u308a</b>/<wbr/><b>\u5e9c\u905332\u53f7</b>", "distance": {"text": "0.1 km", "value": 147}, "travel_mode": "DRIVING", "maneuver": "turn-right", "start_location": {"lat": 35.0013659, "lng": 135.768797}, "polyline": {"points": "qestE_jt{Xl@VdA`@p@XnAd@"}, "duration": {"text": "1 min", "value": 51}, "end_location": {"lat": 35.0001442, "lng": 135.7681877}}, {"html_instructions": "Turn <b>right</b> at <b>\u6cb3\u539f\u753a\u9ad8\u8fbb\uff08\u4ea4\u5dee\u70b9\uff09</b> onto <b>\u9ad8\u8fbb\u901a\u308a</b>", "distance": {"text": "1.2 km", "value": 1199}, "travel_mode": "DRIVING", "maneuver": "turn-right", "start_location": {"lat": 35.0001442, "lng": 135.7681877}, "polyline": {"points": "{}rtEeft{XDBGVELAL?B?V?H?TAt@AxAN??nB?N?v@@rA?H?J?h@@zA?L?FBbC?lB@V?lA?B?dA?@?N?@?D?RAH?BALAN?@AB?BAHCDAFCBAL?H?F?@?h@?l@?j@?j@?J?\\@L?j@?X?B?v@?L?D?F?B@J@T?V?jC@dC?xA?dC?h@@T?B?f@@dB?tBAb@"}, "duration": {"text": "6 mins", "value": 359}, "end_location": {"lat": 35.0001361, "lng": 135.7551927}}, {"html_instructions": "Turn <b>right</b> at <b>\u897f\u6d1e\u9662\u9ad8\u8fbb\uff08\u4ea4\u5dee\u70b9\uff09</b> onto <b>\u897f\u6d1e\u9662\u901a\u308a</b>", "distance": {"text": "0.1 km", "value": 128}, "travel_mode": "DRIVING", "maneuver": "turn-right", "start_location": {"lat": 35.0001361, "lng": 135.7551927}, "polyline": {"points": "{}rtE}tq{XmB@wBA"}, "duration": {"text": "1 min", "value": 35}, "end_location": {"lat": 35.001291, "lng": 135.7551887}}, {"html_instructions": "Turn <b>right</b> onto <b>\u4ecf\u5149\u5bfa\u901a\u308a</b>", "distance": {"text": "57 m", "value": 57}, "travel_mode": "DRIVING", "maneuver": "turn-right", "start_location": {"lat": 35.001291, "lng": 135.7551887}, "polyline": {"points": "aestE}tq{XA{B"}, "duration": {"text": "1 min", "value": 18}, "end_location": {"lat": 35.0013012, "lng": 135.7558108}}], "duration": {"text": "8 mins", "value": 487}, "end_location": {"lat": 35.0013012, "lng": 135.7558108}}]}], "status": "OK", "geocoded_waypoints": [{"place_id": "ChIJ0SotO74IAWARYDFCSHaEd0I", "geocoder_status": "OK", "types": ["premise"]}, {"place_id": "ChIJ7YzPoZ4IAWARlOfLQhGzFiM", "geocoder_status": "OK", "types": ["street_address"]}]}