{"routes": [{"overview_polyline": {"points": "}fstEggr{Xt@A?k@?cDB{@?]E??sB?}E?iBAc@A{F?yB?QA?AO?kC?aA@qF?q@?aA{@?S?@g@B}B@WPu@ZoAV{@aA_@yAm@o@UYEwA?{@?mDDcDD{BH{@B@T?ZC~BEAg@BoCHGAUAAbAA@Q?AVA@GFE^C`AMP"}, "warnings": [], "bounds": {"northeast": {"lat": 35.0072681, "lng": 135.7693329}, "southwest": {"lat": 35.0012971, "lng": 135.7581174}}, "waypoint_order": [], "summary": "\u4ecf\u5149\u5bfa\u901a\u308a and \u6cb3\u539f\u753a\u901a\u308a/\u5e9c\u905332\u53f7", "copyrights": "Map data \u00a92020", "legs": [{"distance": {"text": "1.9 km", "value": 1895}, "traffic_speed_entry": [], "end_address": "430-8 Sakuranoch\u014d, Nakagy\u014d-ku, Kyoto, 604-8035, Japan", "via_waypoint": [], "start_address": "528 Hakurakutench\u014d, Shimogy\u014d-ku, Kyoto, 600-8422, Japan", "start_location": {"lat": 35.0015875, "lng": 135.7581174}, "steps": [{"html_instructions": "Head <b>south</b> on <b>\u5ba4\u753a\u901a\u308a</b> toward <b>\u4ecf\u5149\u5bfa\u901a\u308a</b>", "distance": {"text": "30 m", "value": 30}, "travel_mode": "DRIVING", "start_location": {"lat": 35.0015875, "lng": 135.7581174}, "polyline": {"points": "}fstEggr{Xt@?"}, "duration": {"text": "1 min", "value": 8}, "end_location": {"lat": 35.0013215, "lng": 135.7581152}}, {"html_instructions": "Turn <b>left</b> onto <b>\u4ecf\u5149\u5bfa\u901a\u308a</b>", "distance": {"text": "0.8 km", "value": 804}, "travel_mode": "DRIVING", "maneuver": "turn-left", "start_location": {"lat": 35.0013215, "lng": 135.7581152}, "polyline": {"points": "gestEggr{X?A?_@?K?k@?k@?I?aA@K?]?M@C?]E??W?{A?m@?wA?k@?k@?S?Y?k@?O?A?C?AAC?A?E?K?C?oAAW@IAI?c@AQ?A@gA?O?[?c@?i@?A?OA?AO@OA{B?Q?o@?}A?y@?e@@s@?A?o@?aA"}, "duration": {"text": "4 mins", "value": 245}, "end_location": {"lat": 35.0013608, "lng": 135.7668786}}, {"html_instructions": "Turn <b>left</b> onto <b>\u5bfa\u753a\u901a\u308a</b>", "distance": {"text": "44 m", "value": 44}, "travel_mode": "DRIVING", "maneuver": "turn-left", "start_location": {"lat": 35.0013608, "lng": 135.7668786}, "polyline": {"points": "oestE_~s{X{@?S?"}, "duration": {"text": "1 min", "value": 13}, "end_location": {"lat": 35.0017578, "lng": 135.7668817}}, {"html_instructions": "Turn <b>right</b> toward <b>\u6cb3\u539f\u753a\u901a\u308a</b>/<wbr/><b>\u5e9c\u905332\u53f7</b>", "distance": {"text": "0.2 km", "value": 183}, "travel_mode": "DRIVING", "maneuver": "turn-right", "start_location": {"lat": 35.0017578, "lng": 135.7668817}, "polyline": {"points": "_hstE_~s{X@g@@eB@W?Q@E@INk@?CH[FWHWV{@"}, "duration": {"text": "1 min", "value": 45}, "end_location": {"lat": 35.0013659, "lng": 135.768797}}, {"html_instructions": "Turn <b>left</b> onto <b>\u6cb3\u539f\u753a\u901a\u308a</b>/<wbr/><b>\u5e9c\u905332\u53f7</b><div style=\"font-size:0.9em\">Pass by FamilyMart Shijo-Kawaramachi (on the right in 450&nbsp;m)</div>", "distance": {"text": "0.5 km", "value": 511}, "travel_mode": "DRIVING", "maneuver": "turn-left", "start_location": {"lat": 35.0013659, "lng": 135.768797}, "polyline": {"points": "qestE_jt{XaA_@w@]a@OMGa@MOEI?SAE?S@i@?W?I?U?C?]@[?E@Y?I?A?c@@c@?[@O?S?M?S@c@@O?M?c@@W@[@c@B{@B"}, "duration": {"text": "2 mins", "value": 147}, "end_location": {"lat": 35.0058728, "lng": 135.769196}}, {"html_instructions": "Turn <b>left</b> onto <b>\u86f8\u85ac\u5e2b\u901a\u308a</b><div style=\"font-size:0.9em\">Closed 1:00 \u2013 3:00 PM</div>", "distance": {"text": "81 m", "value": 81}, "travel_mode": "DRIVING", "maneuver": "turn-left", "start_location": {"lat": 35.0058728, "lng": 135.769196}, "polyline": {"points": "uattEolt{X@T?T?DC~B"}, "duration": {"text": "1 min", "value": 33}, "end_location": {"lat": 35.0058768, "lng": 135.7683127}}, {"html_instructions": "Turn <b>right</b>", "distance": {"text": "0.1 km", "value": 123}, "travel_mode": "DRIVING", "maneuver": "turn-right", "start_location": {"lat": 35.0058768, "lng": 135.7683127}, "polyline": {"points": "wattE}ft{XEAG@_@@wBFW@A?EAGAC?E?C?"}, "duration": {"text": "1 min", "value": 44}, "end_location": {"lat": 35.006981, "lng": 135.7682719}}, {"html_instructions": "Turn <b>left</b> toward <b>\u516d\u89d2\u901a\u308a</b>", "distance": {"text": "43 m", "value": 43}, "travel_mode": "DRIVING", "maneuver": "turn-left", "start_location": {"lat": 35.006981, "lng": 135.7682719}, "polyline": {"points": "shttEuft{X?t@?JA??@?@A?K?C?A?"}, "duration": {"text": "1 min", "value": 22}, "end_location": {"lat": 35.0070882, "lng": 135.7679204}}, {"html_instructions": "Turn <b>left</b> toward <b>\u516d\u89d2\u901a\u308a</b>", "distance": {"text": "64 m", "value": 64}, "travel_mode": "DRIVING", "maneuver": "turn-left", "start_location": {"lat": 35.0070882, "lng": 135.7679204}, "polyline": {"points": "iittEodt{X?R?@?@A??@A?A?A@A??@A@?@AB?@CH?NAd@AZ"}, "duration": {"text": "1 min", "value": 31}, "end_location": {"lat": 35.0071957, "lng": 135.7672647}}, {"html_instructions": "Continue onto <b>\u516d\u89d2\u901a\u308a</b><div style=\"font-size:0.9em\">Destination will be on the right</div>", "distance": {"text": "12 m", "value": 12}, "travel_mode": "DRIVING", "start_location": {"lat": 35.0071957, "lng": 135.7672647}, "polyline": {"points": "_jttEk`t{XMP"}, "duration": {"text": "1 min", "value": 6}, "end_location": {"lat": 35.0072681, "lng": 135.7671683}}], "duration": {"text": "10 mins", "value": 594}, "end_location": {"lat": 35.0072681, "lng": 135.7671683}}]}], "status": "OK", "geocoded_waypoints": [{"place_id": "ChIJEY6-aJkIAWARDLk8EaNnfiE", "geocoder_status": "OK", "types": ["establishment", "point_of_interest"]}, {"place_id": "ChIJcYbh6ZMIAWARDdrFXGL8NZ0", "geocoder_status": "OK", "types": ["establishment", "point_of_interest"]}]}