{"routes": [{"overview_polyline": {"points": "_cttE}_t{X^?@UDiEBeCAk@mENuCH_GP_GBaC?IhABjAFvCBdCBrP?hVAvL?|DEzHEdAhA@vBAnEAnH?BA?W?iB?C"}, "warnings": [], "bounds": {"northeast": {"lat": 35.0109079, "lng": 135.769196}, "southwest": {"lat": 35.0058596, "lng": 135.7551447}}, "waypoint_order": [], "summary": "\u5fa1\u6c60\u901a\u308a/\u5e9c\u905337\u53f7", "copyrights": "Map data \u00a92020", "legs": [{"distance": {"text": "2.5 km", "value": 2472}, "traffic_speed_entry": [], "end_address": "Japan, \u3012604-8217 Kyoto, Nakagy\u014d-ku, Nishirokkakuch\u014d, \u516d\u89d2\u901a\u65b0\u753a\u897f\u5165\uff11\uff10\uff15\u2212\uff13", "via_waypoint": [], "start_address": "503-3 Higashigawach\u014d, Nakagy\u014d-ku, Kyoto, 604-8046, Japan", "start_location": {"lat": 35.00608, "lng": 135.7671929}, "steps": [{"html_instructions": "Head <b>south</b> on <b>\u65b0\u4eac\u6975</b> toward <b>\u86f8\u85ac\u5e2b\u901a\u308a</b>", "distance": {"text": "18 m", "value": 18}, "travel_mode": "DRIVING", "start_location": {"lat": 35.00608, "lng": 135.7671929}, "polyline": {"points": "_cttE}_t{X^?"}, "duration": {"text": "1 min", "value": 4}, "end_location": {"lat": 35.00592270000001, "lng": 135.7671853}}, {"html_instructions": "Turn <b>left</b> onto <b>\u86f8\u85ac\u5e2b\u901a\u308a</b>", "distance": {"text": "0.2 km", "value": 184}, "travel_mode": "DRIVING", "maneuver": "turn-left", "start_location": {"lat": 35.00592270000001, "lng": 135.7671853}, "polyline": {"points": "_bttE}_t{X@UB[@mDB_C?E?UAU"}, "duration": {"text": "2 mins", "value": 99}, "end_location": {"lat": 35.0058728, "lng": 135.769196}}, {"html_instructions": "Turn <b>left</b> onto <b>\u6cb3\u539f\u753a\u901a\u308a</b>/<wbr/><b>\u5e9c\u905332\u53f7</b>", "distance": {"text": "0.6 km", "value": 556}, "travel_mode": "DRIVING", "maneuver": "turn-left", "start_location": {"lat": 35.0058728, "lng": 135.769196}, "polyline": {"points": "uattEolt{X{@Dy@Bc@@s@Bc@@C?gAFe@?S@o@Bi@@]@c@@s@@KBO?W@Y?W?I?g@?I@EAsB@S?mB?"}, "duration": {"text": "3 mins", "value": 152}, "end_location": {"lat": 35.0108633, "lng": 135.7689609}}, {"html_instructions": "Turn <b>left</b> at <b>\u6cb3\u539f\u753a\u5fa1\u6c60\uff08\u4ea4\u5dee\u70b9\uff09</b> onto <b>\u5fa1\u6c60\u901a\u308a</b>/<wbr/><b>\u5e9c\u905337\u53f7</b>", "distance": {"text": "1.3 km", "value": 1259}, "travel_mode": "DRIVING", "maneuver": "turn-left", "start_location": {"lat": 35.0108633, "lng": 135.7689609}, "polyline": {"points": "{`utE_kt{XEn@CX@L?H?J@f@BtA@L?P@`@@Z@R?|@?V?~@?f@?R?pA?jA@dA?jB@fB@rAAdA?jA?tE?vA?x@?hB?p@AfB?T@vA?N?V?`@?nAAfA?F@~AAr@?`@?`B?~@ApACfA?BE`A"}, "duration": {"text": "4 mins", "value": 251}, "end_location": {"lat": 35.0108801, "lng": 135.7551479}}, {"html_instructions": "Turn <b>left</b> onto <b>\u897f\u6d1e\u9662\u901a\u308a</b>", "distance": {"text": "0.4 km", "value": 392}, "travel_mode": "DRIVING", "maneuver": "turn-left", "start_location": {"lat": 35.0108801, "lng": 135.7551479}, "polyline": {"points": "_autEutq{X`@@f@?ZAb@?\\?X?H?F?B?J?fCCX@F?B?x@@@Af@?jE?"}, "duration": {"text": "1 min", "value": 87}, "end_location": {"lat": 35.0073519, "lng": 135.7551641}}, {"html_instructions": "Turn <b>left</b> onto <b>\u516d\u89d2\u901a\u308a</b><div style=\"font-size:0.9em\">Destination will be on the left</div>", "distance": {"text": "63 m", "value": 63}, "travel_mode": "DRIVING", "maneuver": "turn-left", "start_location": {"lat": 35.0073519, "lng": 135.7551641}, "polyline": {"points": "}jttEwtq{XBA?W?gB?A?C"}, "duration": {"text": "1 min", "value": 23}, "end_location": {"lat": 35.0073328, "lng": 135.7558383}}], "duration": {"text": "10 mins", "value": 616}, "end_location": {"lat": 35.0073328, "lng": 135.7558383}}]}], "status": "OK", "geocoded_waypoints": [{"place_id": "ChIJ-cKTC5QIAWAR3lYMlILWEWs", "geocoder_status": "OK", "types": ["street_address"]}, {"place_id": "ChIJP7d-doMIAWAR3QTVrC3gLDE", "geocoder_status": "OK", "types": ["premise"]}]}