{"routes": [{"overview_polyline": {"points": "octtEgkr{X?xJ?j@g@?cC@}A@_FBmFAEA?U@_GAuCmA?"}, "warnings": [], "bounds": {"northeast": {"lat": 35.0102211, "lng": 135.7587739}, "southwest": {"lat": 35.006158, "lng": 135.7566076}}, "waypoint_order": [], "summary": "\u65b0\u753a\u901a", "copyrights": "Map data \u00a92019", "legs": [{"distance": {"text": "0.8 km", "value": 839}, "traffic_speed_entry": [], "end_address": "423-1 Tatsuikech\u014d, Nakagy\u014d-ku, Kyoto, 604-8176, Japan", "via_waypoint": [], "start_address": "Japan, \u3012604-8151 Kyoto, Nakagy\u014d-ku, Hashibenkeich\u014d, \u86f8\u85ac\u5e2b\u901a \u70cf\u4e38\u897f\u5165\u6a4b\u5f01\u6176\u753a224", "start_location": {"lat": 35.006158, "lng": 135.7587643}, "steps": [{"html_instructions": "Head <b>west</b> on <b>\u86f8\u85ac\u5e2b\u901a\u308a</b> toward <b>\u5ba4\u753a\u901a\u308a</b>", "distance": {"text": "0.2 km", "value": 192}, "travel_mode": "DRIVING", "start_location": {"lat": 35.006158, "lng": 135.7587643}, "polyline": {"points": "octtEgkr{XAdC@bD?l@?`@?R?V"}, "duration": {"text": "1 min", "value": 57}, "end_location": {"lat": 35.0061647, "lng": 135.7566533}}, {"html_instructions": "Turn <b>right</b> onto <b>\u65b0\u753a\u901a</b>", "distance": {"text": "0.4 km", "value": 408}, "travel_mode": "DRIVING", "maneuver": "turn-right", "start_location": {"lat": 35.0061647, "lng": 135.7566533}, "polyline": {"points": "octtEa~q{XE?a@?W?O@_A?[?o@?I?C@_@?i@?eDBI?E?U?o@?kAA{A?EA"}, "duration": {"text": "2 mins", "value": 112}, "end_location": {"lat": 35.0098294, "lng": 135.7566261}}, {"html_instructions": "Turn <b>right</b> onto <b>\u59c9\u5c0f\u8def\u901a\u308a</b>", "distance": {"text": "0.2 km", "value": 195}, "travel_mode": "DRIVING", "maneuver": "turn-right", "start_location": {"lat": 35.0098294, "lng": 135.7566261}, "polyline": {"points": "mzttE}}q{X?U@eB?yCAuC"}, "duration": {"text": "1 min", "value": 58}, "end_location": {"lat": 35.0098262, "lng": 135.758768}}, {"html_instructions": "Turn <b>left</b> onto <b>\u4e21\u66ff\u753a\u901a\u308a</b><div style=\"font-size:0.9em\">Destination will be on the left</div>", "distance": {"text": "44 m", "value": 44}, "travel_mode": "DRIVING", "maneuver": "turn-left", "start_location": {"lat": 35.0098262, "lng": 135.758768}, "polyline": {"points": "mzttEikr{XmA?"}, "duration": {"text": "1 min", "value": 33}, "end_location": {"lat": 35.0102211, "lng": 135.7587739}}], "duration": {"text": "4 mins", "value": 260}, "end_location": {"lat": 35.0102211, "lng": 135.7587739}}]}], "status": "OK", "geocoded_waypoints": [{"place_id": "ChIJRxLdI5sIAWARGEyyD142IT4", "geocoder_status": "OK", "types": ["establishment", "food", "point_of_interest", "restaurant"]}, {"place_id": "ChIJhc-QN4QIAWARNgRnj2B_h9U", "geocoder_status": "OK", "types": ["establishment", "food", "point_of_interest", "restaurant"]}]}