{"routes": [{"overview_polyline": {"points": "gvstEufq{XlA?CqCAoHC_D@EAcCi@?c@?gC@kDAyD@i@?"}, "warnings": [], "bounds": {"northeast": {"lat": 35.0067733, "lng": 135.756652}, "southwest": {"lat": 35.0036541, "lng": 135.7529062}}, "waypoint_order": [], "summary": "\u56db\u6761\u901a\u308a/\u5e9c\u9053186\u53f7 and \u65b0\u753a\u901a", "copyrights": "Map data \u00a92019", "legs": [{"distance": {"text": "0.7 km", "value": 725}, "traffic_speed_entry": [], "end_address": "Japan, \u3012604-8217 Kyoto, Nakagy\u014d-ku, \u516d\u89d2\u901a\u65b0\u753a\u897f\u5165\u897f\u516d\u89d2\u753a\uff11\uff10\uff19", "via_waypoint": [], "start_address": "603 Fujinishich\u014d, Nakagy\u014d-ku, Kyoto, 604-8234, Japan", "start_location": {"lat": 35.00403500000001, "lng": 135.7529135}, "steps": [{"html_instructions": "Head <b>south</b> on <b>\u9192\u30f6\u4e95\u901a</b> toward <b>\u56db\u6761\u901a\u308a</b>/<wbr/><b>\u5e9c\u9053186\u53f7</b>", "distance": {"text": "42 m", "value": 42}, "travel_mode": "DRIVING", "start_location": {"lat": 35.00403500000001, "lng": 135.7529135}, "polyline": {"points": "gvstEufq{XB?hA?"}, "duration": {"text": "1 min", "value": 14}, "end_location": {"lat": 35.0036541, "lng": 135.7529062}}, {"html_instructions": "Turn <b>left</b> onto <b>\u56db\u6761\u901a\u308a</b>/<wbr/><b>\u5e9c\u9053186\u53f7</b>", "distance": {"text": "0.3 km", "value": 341}, "travel_mode": "DRIVING", "maneuver": "turn-left", "start_location": {"lat": 35.0036541, "lng": 135.7529062}, "polyline": {"points": "ysstEufq{XCoC?A?cBAyA?iB?GAqAAS?q@?G@C?AAcC"}, "duration": {"text": "1 min", "value": 87}, "end_location": {"lat": 35.0036979, "lng": 135.7566505}}, {"html_instructions": "Turn <b>left</b> at <b>\u56db\u6761\u65b0\u753a\uff08\u4ea4\u5dee\u70b9\uff09</b> onto <b>\u65b0\u753a\u901a</b><div style=\"font-size:0.9em\">Destination will be on the left</div>", "distance": {"text": "0.3 km", "value": 342}, "travel_mode": "DRIVING", "maneuver": "turn-left", "start_location": {"lat": 35.0036979, "lng": 135.7566505}, "polyline": {"points": "ctstEa~q{Xi@?[?G?w@?oA@e@?}@?c@?c@Ae@?I?u@?C?E?a@?W?O@i@?"}, "duration": {"text": "2 mins", "value": 93}, "end_location": {"lat": 35.0067733, "lng": 135.7566402}}], "duration": {"text": "3 mins", "value": 194}, "end_location": {"lat": 35.0067733, "lng": 135.7566402}}]}], "status": "OK", "geocoded_waypoints": [{"place_id": "ChIJaR54S50IAWARV8ptg2FSEks", "geocoder_status": "OK", "types": ["street_address"]}, {"place_id": "ChIJ3YupaYMIAWARJbuu0zpD8u8", "geocoder_status": "OK", "types": ["street_address"]}]}