{"routes": [{"overview_polyline": {"points": "_|ttE{tt{X_D?@~D@zBIhABjAFvCBdCBrP?hVAvL?|DEzHOjDIvBCzGDpCx@AtDBpF?rFJpCC`DAbECpBOvBUh@GDEv@I"}, "warnings": [], "bounds": {"northeast": {"lat": 35.0110008, "lng": 135.7705424}, "southwest": {"lat": 35.0031311, "lng": 135.7518243}}, "waypoint_order": [], "summary": "\u5fa1\u6c60\u901a\u308a/\u5e9c\u905337\u53f7 and \u5800\u5ddd\u901a\u308a/\u978d\u99ac\u8857\u9053/\u5e9c\u905338\u53f7", "copyrights": "Map data \u00a92019", "legs": [{"distance": {"text": "2.7 km", "value": 2664}, "traffic_speed_entry": [], "end_address": "Japan, \u3012600-8481 Kyoto, Shimogy\u014d-ku, \u5800\u5ddd\u901a\u56db\u6761\u4e0b\u308b\u56db\u6761\u5800\u5ddd\u753a\uff12\uff16\uff14\u2212\uff14", "via_waypoint": [], "start_address": "Japan, \u3012604-8001 Kyoto, Nakagyo Ward, \u6728\u5c4b\u753a\u901a\u4e09\u6761\u4e0a\u30eb \u4eac\u90fd\u30a8\u30f3\u30d1\u30a4\u30e4\u30d3\u30eb5F", "start_location": {"lat": 35.0100798, "lng": 135.7705402}, "steps": [{"html_instructions": "Head <b>north</b> on <b>\u6728\u5c4b\u753a\u901a\u308a</b> toward <b>\u5fa1\u6c60\u901a\u308a</b>/<wbr/><b>\u5e9c\u905337\u53f7</b>", "distance": {"text": "89 m", "value": 89}, "travel_mode": "DRIVING", "start_location": {"lat": 35.0100798, "lng": 135.7705402}, "polyline": {"points": "_|ttE{tt{XY?G@C?CAE?y@?a@?S?"}, "duration": {"text": "1 min", "value": 34}, "end_location": {"lat": 35.0108774, "lng": 135.7705424}}, {"html_instructions": "Turn <b>left</b> onto <b>\u5fa1\u6c60\u901a\u308a</b>/<wbr/><b>\u5e9c\u905337\u53f7</b>", "distance": {"text": "1.7 km", "value": 1687}, "travel_mode": "DRIVING", "maneuver": "turn-left", "start_location": {"lat": 35.0108774, "lng": 135.7705424}, "polyline": {"points": "_autE{tt{X?J?L?P@L?HAJ?P@|A?x@@`AEn@CX@L?H?J@f@BtA@L?P@`@@Z@R?|@?V?~@?f@?R?pA?jA@dA?jB@fB@rAAdA?jA?tE?vA?x@?hB?p@AfB?T@vA?N?V?`@?nAAfA?F@~AAr@?`@?`B?~@ApACfA?BE`AI`B?BANGz@?L?\\C`B?R?zA?hA@lA?@@b@"}, "duration": {"text": "6 mins", "value": 358}, "end_location": {"lat": 35.010978, "lng": 135.7520364}}, {"html_instructions": "Turn <b>left</b> at <b>\u5800\u5ddd\u5fa1\u6c60\uff08\u4ea4\u5dee\u70b9\uff09</b> onto <b>\u5800\u5ddd\u901a\u308a</b>/<wbr/><b>\u978d\u99ac\u8857\u9053</b>/<wbr/><b>\u5e9c\u905338\u53f7</b><div style=\"font-size:0.9em\">Destination will be on the left</div>", "distance": {"text": "0.9 km", "value": 888}, "travel_mode": "DRIVING", "maneuver": "turn-left", "start_location": {"lat": 35.010978, "lng": 135.7520364}, "polyline": {"points": "sautEgaq{X@\\NAN?J?L?J@hD@xCAvA@rFJpCC|AAbA?b@?b@A`BAX?b@CZCVCXCbAMN?LATEb@EDABA@Cb@EPC@?"}, "duration": {"text": "3 mins", "value": 152}, "end_location": {"lat": 35.0031311, "lng": 135.7521765}}], "duration": {"text": "9 mins", "value": 544}, "end_location": {"lat": 35.0031311, "lng": 135.7521765}}]}], "status": "OK", "geocoded_waypoints": [{"place_id": "ChIJRX0X1pIIAWARKs_T3Ibiudk", "geocoder_status": "OK", "types": ["bar", "establishment", "night_club", "point_of_interest"]}, {"place_id": "ChIJO-ThW50IAWARmcq3FfDZR1s", "geocoder_status": "OK", "types": ["street_address"]}]}