{"routes": [{"overview_polyline": {"points": "kittE}kt{XqITmADsA@{F?IhA@VFvCDbB@tL@lJ?rL?zLAvCp@?jC@|@A"}, "warnings": [], "bounds": {"northeast": {"lat": 35.0109079, "lng": 135.7691059}, "southwest": {"lat": 35.0071005, "lng": 135.7580173}}, "waypoint_order": [], "summary": "\u6cb3\u539f\u753a\u901a\u308a/\u5e9c\u905332\u53f7 and \u5fa1\u6c60\u901a\u308a/\u5e9c\u905337\u53f7", "copyrights": "Map data \u00a92019", "legs": [{"distance": {"text": "1.6 km", "value": 1557}, "traffic_speed_entry": [], "end_address": "Japan, \u3012604-8174 Kyoto, Nakagy\u014d-ku, \u5ba4\u753a\u901a\u59c9\u5c0f\u8def\u4e0b\u308b\u5f79\u884c\u8005\u753a\uff13\uff17\uff19", "via_waypoint": [], "start_address": "250\u756a\u5730 Yamazakich\u014d, Nakagy\u014d-ku, Kyoto, 604-8032, Japan", "start_location": {"lat": 35.0071005, "lng": 135.7691059}, "steps": [{"html_instructions": "Head <b>north</b> on <b>\u6cb3\u539f\u753a\u901a\u308a</b>/<wbr/><b>\u5e9c\u905332\u53f7</b> toward <b>\u516d\u89d2\u901a\u308a</b>", "distance": {"text": "0.4 km", "value": 419}, "travel_mode": "DRIVING", "start_location": {"lat": 35.0071005, "lng": 135.7691059}, "polyline": {"points": "kittE}kt{XgAFe@?S@o@Bi@@]@c@@s@@KBO?W@Y?W?I?g@?I@EAsB@S?mB?"}, "duration": {"text": "2 mins", "value": 105}, "end_location": {"lat": 35.0108633, "lng": 135.7689609}}, {"html_instructions": "Turn <b>left</b> at <b>\u6cb3\u539f\u753a\u5fa1\u6c60\uff08\u4ea4\u5dee\u70b9\uff09</b> onto <b>\u5fa1\u6c60\u901a\u308a</b>/<wbr/><b>\u5e9c\u905337\u53f7</b>", "distance": {"text": "1.0 km", "value": 997}, "travel_mode": "DRIVING", "maneuver": "turn-left", "start_location": {"lat": 35.0108633, "lng": 135.7689609}, "polyline": {"points": "{`utE_kt{XEn@CX@L?H?J@f@BtA@L?P@`@@Z@R?|@?V?~@?f@?R?pA?jA@dA?jB@fB@rAAdA?jA?tE?vA?x@?hB?p@AfB?T@vA?N?V?`@?nAAfA"}, "duration": {"text": "4 mins", "value": 211}, "end_location": {"lat": 35.0108185, "lng": 135.7580265}}, {"html_instructions": "Turn <b>left</b> onto <b>\u5ba4\u753a\u901a\u308a</b><div style=\"font-size:0.9em\">Destination will be on the left</div>", "distance": {"text": "0.1 km", "value": 141}, "travel_mode": "DRIVING", "maneuver": "turn-left", "start_location": {"lat": 35.0108185, "lng": 135.7580265}, "polyline": {"points": "s`utEufr{Xj@?D?P?h@?p@@\\?D?B?r@A"}, "duration": {"text": "1 min", "value": 40}, "end_location": {"lat": 35.009555, "lng": 135.7580291}}], "duration": {"text": "6 mins", "value": 356}, "end_location": {"lat": 35.009555, "lng": 135.7580291}}]}], "status": "OK", "geocoded_waypoints": [{"place_id": "ChIJ7QGJf5MIAWARvYFqYvRcfDs", "geocoder_status": "OK", "types": ["bowling_alley", "establishment", "point_of_interest"]}, {"place_id": "ChIJSf-_Q4QIAWAR-1Z7UOFDZoM", "geocoder_status": "OK", "types": ["street_address"]}]}