{"routes": [{"overview_polyline": {"points": "}sstEuvr{XCoN@y@Au@AQ@u@AcFAkHGaHCiECoDCyA@[C_BAqC?Q?i@QCSCgAIiDGqFKyIKuABoCAY?"}, "warnings": [], "bounds": {"northeast": {"lat": 35.0094477, "lng": 135.7723163}, "southwest": {"lat": 35.0036681, "lng": 135.760587}}, "waypoint_order": [], "summary": "\u56db\u6761\u901a\u308a/\u5e9c\u9053186\u53f7 and \u5ddd\u7aef\u901a\u308a", "copyrights": "Map data \u00a92019", "legs": [{"distance": {"text": "1.7 km", "value": 1673}, "traffic_speed_entry": [], "end_address": "Japan, Kyoto, Higashiyama Ward, \u4e09\u6761\u5927\u6a4b\u6771\u8a70 Sanjo Station", "via_waypoint": [], "start_address": "Karasuma Station, Japan", "start_location": {"lat": 35.0036681, "lng": 135.760587}, "steps": [{"html_instructions": "Head <b>east</b> on <b>\u56db\u6761\u901a\u308a</b>/<wbr/><b>\u5e9c\u9053186\u53f7</b> toward <b>\u6771\u6d1e\u9662\u901a\u308a</b>", "distance": {"text": "1.0 km", "value": 1047}, "travel_mode": "DRIVING", "start_location": {"lat": 35.0036681, "lng": 135.760587}, "polyline": {"points": "}sstEuvr{X?E?U?M?]?Y?c@?k@?_AAK?M?aA?Y?e@?q@Ak@?C?S?M?G@O?W?A?OAKAK?E?e@@O?k@A_B?k@?k@?I?OAaA?C?cC?M?c@?U?O?a@Ak@?QAgAA[A{@?Q?A?IA{@?[?OAa@?O?c@?k@As@AkA?C?m@A_@?AAI?G?E?E@G?IAs@AY?G?KAC@E?K?A?MAo@?o@?I?G?i@"}, "duration": {"text": "6 mins", "value": 362}, "end_location": {"lat": 35.0038279, "lng": 135.7720738}}, {"html_instructions": "Turn <b>left</b> at <b>\u56db\u6761\u5927\u6a4b\uff08\u4ea4\u5dee\u70b9\uff09</b> onto <b>\u5ddd\u7aef\u901a\u308a</b>", "distance": {"text": "0.6 km", "value": 626}, "travel_mode": "DRIVING", "maneuver": "turn-left", "start_location": {"lat": 35.0038279, "lng": 135.7720738}, "polyline": {"points": "}tstEm~t{XQCIAIA_@Eg@Cs@AS?cAC]Ai@Ac@AaBEaAAMA_BCkAAg@Aa@?S?[?e@Ae@@a@?C@I?_A?I?Y?k@AG?Q?"}, "duration": {"text": "2 mins", "value": 130}, "end_location": {"lat": 35.0094477, "lng": 135.772311}}], "duration": {"text": "8 mins", "value": 492}, "end_location": {"lat": 35.0094477, "lng": 135.772311}}]}], "status": "OK", "geocoded_waypoints": [{"place_id": "ChIJF7FjtZsIAWARqv03I6L2lzs", "geocoder_status": "OK", "types": ["establishment", "point_of_interest", "train_station", "transit_station"]}, {"place_id": "ChIJf4friesIAWARLyrpc9w6duk", "geocoder_status": "OK", "types": ["establishment", "point_of_interest", "train_station", "transit_station"]}]}