{"routes": [{"overview_polyline": {"points": "i_utE_kt{Xq@?En@Af@DrCD|A@hDDfQC|VlJDhDA|OAfLCdKCD??{A?m@\\?"}, "warnings": [], "bounds": {"northeast": {"lat": 35.0109034, "lng": 135.7689609}, "southwest": {"lat": 35.0011798, "lng": 135.7596786}}, "waypoint_order": [], "summary": "\u5fa1\u6c60\u901a\u308a/\u5e9c\u905337\u53f7 and \u70cf\u4e38\u901a\u308a/\u56fd\u9053367\u53f7", "copyrights": "Map data \u00a92019", "legs": [{"distance": {"text": "2.0 km", "value": 2006}, "traffic_speed_entry": [], "end_address": "329 Kamiyanagich\u014d, Shimogy\u014d-ku, Kyoto, 600-8099, Japan", "via_waypoint": [], "start_address": "396 Shimomaruyach\u014d, Nakagy\u014d-ku, Kyoto, 604-8006, Japan", "start_location": {"lat": 35.0106072, "lng": 135.7689599}, "steps": [{"html_instructions": "Head <b>north</b> on <b>\u6cb3\u539f\u753a\u901a\u308a</b>/<wbr/><b>\u5e9c\u905332\u53f7</b> toward <b>\u5fa1\u6c60\u901a\u308a</b>/<wbr/><b>\u5e9c\u905337\u53f7</b>", "distance": {"text": "28 m", "value": 28}, "travel_mode": "DRIVING", "start_location": {"lat": 35.0106072, "lng": 135.7689599}, "polyline": {"points": "i_utE_kt{Xq@?"}, "duration": {"text": "1 min", "value": 7}, "end_location": {"lat": 35.0108633, "lng": 135.7689609}}, {"html_instructions": "Turn <b>left</b> at <b>\u6cb3\u539f\u753a\u5fa1\u6c60\uff08\u4ea4\u5dee\u70b9\uff09</b> onto <b>\u5fa1\u6c60\u901a\u308a</b>/<wbr/><b>\u5e9c\u905337\u53f7</b>", "distance": {"text": "0.8 km", "value": 843}, "travel_mode": "DRIVING", "maneuver": "turn-left", "start_location": {"lat": 35.0108633, "lng": 135.7689609}, "polyline": {"points": "{`utE_kt{XEn@CX@L?H?J@f@BtA@L?P@`@@Z@R?|@?V?~@?f@?R?pA?jA@dA?jB@fB@rAAdA?jA?tE?vA?x@?hB?p@AfB"}, "duration": {"text": "3 mins", "value": 182}, "end_location": {"lat": 35.0108183, "lng": 135.7597069}}, {"html_instructions": "Turn <b>left</b> at <b>\u70cf\u4e38\u5fa1\u6c60\uff08\u4ea4\u5dee\u70b9\uff09</b> onto <b>\u70cf\u4e38\u901a\u308a</b>/<wbr/><b>\u56fd\u9053367\u53f7</b> (signs for <b>Karasumagojo</b>)", "distance": {"text": "1.1 km", "value": 1055}, "travel_mode": "DRIVING", "maneuver": "turn-left", "start_location": {"lat": 35.0108183, "lng": 135.7597069}, "polyline": {"points": "s`utEeqr{X|DDD?`D?F?hA?D?Z?|@AxA?\\Aj@@tCArA?T?tA?b@?fA?N?FA`@?@?b@?r@?B?B?J?P?hAAP?@?b@?b@?L?@?R?b@?b@AD@RAP?B?D?b@?n@?b@?z@A^?N?D?"}, "duration": {"text": "4 mins", "value": 220}, "end_location": {"lat": 35.0013277, "lng": 135.7597355}}, {"html_instructions": "Turn <b>left</b> onto <b>\u4ecf\u5149\u5bfa\u901a\u308a</b>", "distance": {"text": "64 m", "value": 64}, "travel_mode": "DRIVING", "maneuver": "turn-left", "start_location": {"lat": 35.0013277, "lng": 135.7597355}, "polyline": {"points": "iestEkqr{X?{A?m@"}, "duration": {"text": "1 min", "value": 20}, "end_location": {"lat": 35.0013255, "lng": 135.7604328}}, {"html_instructions": "Turn <b>right</b><div style=\"font-size:0.9em\">Destination will be on the left</div>", "distance": {"text": "16 m", "value": 16}, "travel_mode": "DRIVING", "maneuver": "turn-right", "start_location": {"lat": 35.0013255, "lng": 135.7604328}, "polyline": {"points": "iestEuur{X\\?"}, "duration": {"text": "1 min", "value": 6}, "end_location": {"lat": 35.0011798, "lng": 135.7604333}}], "duration": {"text": "7 mins", "value": 435}, "end_location": {"lat": 35.0011798, "lng": 135.7604333}}]}], "status": "OK", "geocoded_waypoints": [{"place_id": "ChIJheMejZIIAWARaOzfuDkeS-4", "geocoder_status": "OK", "types": ["establishment", "point_of_interest", "school"]}, {"place_id": "ChIJ2bUjypkIAWARRxJ5lvwSsvA", "geocoder_status": "OK", "types": ["establishment", "food", "point_of_interest", "restaurant"]}]}