{"routes": [{"overview_polyline": {"points": "akttEyts{X@u@o@AsAA{BABvO@`B@fHID@F?R@rB@|BD??T?|C?pC@|C?xE?hB@~Af@?nEAf@?hD?X?@HhA@fA@r@@h@@?GzF??GPAxBAbB@xAA"}, "warnings": [], "bounds": {"northeast": {"lat": 35.0086463, "lng": 135.7657081}, "southwest": {"lat": 35.0020307, "lng": 135.7550829}}, "waypoint_order": [], "summary": "\u4e09\u6761\u901a\u308a and \u897f\u6d1e\u9662\u901a\u308a", "copyrights": "Map data \u00a92019", "legs": [{"distance": {"text": "1.9 km", "value": 1872}, "traffic_speed_entry": [], "end_address": "746 Ayanishit\u014dinch\u014d, Shimogy\u014d-ku, Kyoto, 600-8474, Japan", "via_waypoint": [], "start_address": "Japan, \u3012604-8073 Kyoto, Nakagy\u014d-ku, Daikokuch\u014d, \u67f3\u99ac\u5834\u6771\u5165\u5927\u9ed2\u753a\uff18\uff18\uff10", "start_location": {"lat": 35.0073654, "lng": 135.7654105}, "steps": [{"html_instructions": "Head <b>east</b> on <b>\u516d\u89d2\u901a\u308a</b> toward <b>\u9ea9\u5c4b\u753a\u901a\u308a</b>", "distance": {"text": "25 m", "value": 25}, "travel_mode": "DRIVING", "start_location": {"lat": 35.0073654, "lng": 135.7654105}, "polyline": {"points": "akttEyts{X@u@"}, "duration": {"text": "1 min", "value": 8}, "end_location": {"lat": 35.0073639, "lng": 135.765684}}, {"html_instructions": "Turn <b>left</b> onto <b>\u9ea9\u5c4b\u753a\u901a\u308a</b>", "distance": {"text": "0.1 km", "value": 142}, "travel_mode": "DRIVING", "maneuver": "turn-left", "start_location": {"lat": 35.0073639, "lng": 135.765684}, "polyline": {"points": "_kttEovs{Xo@Ag@?k@AY?s@Ac@?I?"}, "duration": {"text": "1 min", "value": 41}, "end_location": {"lat": 35.0086411, "lng": 135.7657081}}, {"html_instructions": "Turn <b>left</b> onto <b>\u4e09\u6761\u901a\u308a</b>", "distance": {"text": "1.0 km", "value": 968}, "travel_mode": "DRIVING", "maneuver": "turn-left", "start_location": {"lat": 35.0086411, "lng": 135.7657081}, "polyline": {"points": "_sttEuvs{X?pC@F?~@@|B?R?`C?N?X?`@?X?P@R?dG@`@ID@F?N?B?\\@tA@~A?\\D??T?|A?~@@lCAB@`@?`@?xA?J?nA?@?N?R?H?d@?f@?|@?j@@~A"}, "duration": {"text": "5 mins", "value": 305}, "end_location": {"lat": 35.0085698, "lng": 135.755155}}, {"html_instructions": "Turn <b>left</b> onto <b>\u897f\u6d1e\u9662\u901a\u308a</b><div style=\"font-size:0.9em\">Destination will be on the left</div>", "distance": {"text": "0.7 km", "value": 737}, "travel_mode": "DRIVING", "maneuver": "turn-left", "start_location": {"lat": 35.0085698, "lng": 135.755155}, "polyline": {"points": "qrttEwtq{Xf@?jE?BAR?R?R?|@AfA@N?X?@Hr@@T?N@R?Z?F?P@`@?h@@?G~E@ZA?GPAfA?p@Av@@j@?b@?t@A"}, "duration": {"text": "3 mins", "value": 181}, "end_location": {"lat": 35.0020307, "lng": 135.7551752}}], "duration": {"text": "9 mins", "value": 535}, "end_location": {"lat": 35.0020307, "lng": 135.7551752}}]}], "status": "OK", "geocoded_waypoints": [{"place_id": "ChIJkd2WdpEIAWARVzngeaf8zuk", "geocoder_status": "OK", "types": ["establishment", "parking", "point_of_interest"]}, {"place_id": "ChIJxeozR5wIAWARiafsyJEbfmQ", "geocoder_status": "OK", "types": ["establishment", "point_of_interest"]}]}