{"routes": [{"overview_polyline": {"points": "uattEmit{X?aBmENaHRsBFsA@kD@aC?IhABjAFvCBrIBdJ?xCzAC`HEbCAlFC"}, "warnings": [], "bounds": {"northeast": {"lat": 35.0109079, "lng": 135.769196}, "southwest": {"lat": 35.0058659, "lng": 135.7631918}}, "waypoint_order": [], "summary": "\u6cb3\u539f\u753a\u901a\u308a/\u5e9c\u905332\u53f7, \u5fa1\u6c60\u901a\u308a/\u5e9c\u905337\u53f7 and \u583a\u753a\u901a\u308a", "copyrights": "Map data \u00a92020", "legs": [{"distance": {"text": "1.5 km", "value": 1545}, "traffic_speed_entry": [], "end_address": "Japan, \u3012604-8114 Kyoto, Nakagy\u014d-ku, Kabutoyach\u014d, \u583a\u753a\u901a\u516d\u89d2\u4e0b\u308b\u2212\uff13\uff18\uff14\u2212\uff11", "via_waypoint": [], "start_address": "592 Uraderach\u014d, Nakagy\u014d-ku, Kyoto, 604-8041, Japan", "start_location": {"lat": 35.0058659, "lng": 135.7687057}, "steps": [{"html_instructions": "Head <b>east</b> on <b>\u86f8\u85ac\u5e2b\u901a\u308a</b> toward <b>\u6cb3\u539f\u753a\u901a\u308a</b>/<wbr/><b>\u5e9c\u905332\u53f7</b>", "distance": {"text": "45 m", "value": 45}, "travel_mode": "DRIVING", "start_location": {"lat": 35.0058659, "lng": 135.7687057}, "polyline": {"points": "uattEmit{X@o@?E?UAU"}, "duration": {"text": "1 min", "value": 16}, "end_location": {"lat": 35.0058728, "lng": 135.769196}}, {"html_instructions": "Turn <b>left</b> onto <b>\u6cb3\u539f\u753a\u901a\u308a</b>/<wbr/><b>\u5e9c\u905332\u53f7</b>", "distance": {"text": "0.6 km", "value": 556}, "travel_mode": "DRIVING", "maneuver": "turn-left", "start_location": {"lat": 35.0058728, "lng": 135.769196}, "polyline": {"points": "uattEolt{X{@Dy@Bc@@s@Bc@@C?gAFe@?S@o@Bi@@]@c@@s@@KBO?W@Y?W?I?g@?I@EAsB@S?mB?"}, "duration": {"text": "3 mins", "value": 152}, "end_location": {"lat": 35.0108633, "lng": 135.7689609}}, {"html_instructions": "Turn <b>left</b> at <b>\u6cb3\u539f\u753a\u5fa1\u6c60\uff08\u4ea4\u5dee\u70b9\uff09</b> onto <b>\u5fa1\u6c60\u901a\u308a</b>/<wbr/><b>\u5e9c\u905337\u53f7</b>", "distance": {"text": "0.5 km", "value": 526}, "travel_mode": "DRIVING", "maneuver": "turn-left", "start_location": {"lat": 35.0108633, "lng": 135.7689609}, "polyline": {"points": "{`utE_kt{XEn@CX@L?H?J@f@BtA@L?P@`@@Z@R?|@?V?~@?f@?R?pA?jA@dA?jB@fB@rAAdA"}, "duration": {"text": "2 mins", "value": 112}, "end_location": {"lat": 35.0108065, "lng": 135.7631918}}, {"html_instructions": "Turn <b>left</b> onto <b>\u583a\u753a\u901a\u308a</b><div style=\"font-size:0.9em\">Destination will be on the left</div>", "distance": {"text": "0.4 km", "value": 418}, "travel_mode": "DRIVING", "maneuver": "turn-left", "start_location": {"lat": 35.0108065, "lng": 135.7631918}, "polyline": {"points": "q`utE}fs{Xj@An@AxAAF?D?xDCh@?L?fAAB?~@?^?lAADAL?j@?"}, "duration": {"text": "2 mins", "value": 110}, "end_location": {"lat": 35.007048, "lng": 135.7632671}}], "duration": {"text": "7 mins", "value": 390}, "end_location": {"lat": 35.007048, "lng": 135.7632671}}]}], "status": "OK", "geocoded_waypoints": [{"place_id": "ChIJm2TDiZQIAWARRG-OvqrPP18", "geocoder_status": "OK", "types": ["premise"]}, {"place_id": "ChIJadymUJAIAWARR4hWBt_c2Mk", "geocoder_status": "OK", "types": ["street_address"]}]}