{"routes": [{"overview_polyline": {"points": "wustEufq{X|@?CoC?eBC}G?wK@gG@eC?Wb@?p@?T?`BAnFAzE@^??K?_@AeF?eC?QDQF[Dc@@aCCoG"}, "warnings": [], "bounds": {"northeast": {"lat": 35.0039612, "lng": 135.7642759}, "southwest": {"lat": 35.0000781, "lng": 135.7529062}}, "waypoint_order": [], "summary": "\u56db\u6761\u901a\u308a/\u5e9c\u9053186\u53f7, \u70cf\u4e38\u901a\u308a/\u56fd\u9053367\u53f7 and \u9ad8\u8fbb\u901a\u308a", "copyrights": "Map data \u00a92019", "legs": [{"distance": {"text": "1.5 km", "value": 1462}, "traffic_speed_entry": [], "end_address": "Japan, \u3012600-8060 Kyoto, Shimogy\u014d-ku, Kariganech\u014d, \u9ad8\u8fbb\u901a\u5bcc\u5c0f\u8def\u897f\u5165\uff11\uff15\uff17", "via_waypoint": [], "start_address": "Japan, \u3012600-8498 Kyoto, Shimogy\u014d-ku, Kashiwayach\u014d, \uff11\uff19 \u4e80\u5c4b\u826f\u9577\u83d3\u5b50\u8217", "start_location": {"lat": 35.0039612, "lng": 135.7529114}, "steps": [{"html_instructions": "Head <b>south</b> on <b>\u9192\u30f6\u4e95\u901a</b> toward <b>\u56db\u6761\u901a\u308a</b>/<wbr/><b>\u5e9c\u9053186\u53f7</b>", "distance": {"text": "34 m", "value": 34}, "travel_mode": "DRIVING", "start_location": {"lat": 35.0039612, "lng": 135.7529114}, "polyline": {"points": "wustEufq{X|@?"}, "duration": {"text": "1 min", "value": 11}, "end_location": {"lat": 35.0036541, "lng": 135.7529062}}, {"html_instructions": "Turn <b>left</b> onto <b>\u56db\u6761\u901a\u308a</b>/<wbr/><b>\u5e9c\u9053186\u53f7</b>", "distance": {"text": "0.6 km", "value": 610}, "travel_mode": "DRIVING", "maneuver": "turn-left", "start_location": {"lat": 35.0036541, "lng": 135.7529062}, "polyline": {"points": "ysstEufq{XCoC?A?cBAyA?iB?GAqAAS?q@?G@C?AAcC?aB@}A?cB?G@wA?cA?o@@uA"}, "duration": {"text": "3 mins", "value": 179}, "end_location": {"lat": 35.0036692, "lng": 135.7595968}}, {"html_instructions": "Turn <b>right</b> at <b>\u56db\u6761\u70cf\u4e38\uff08\u4ea4\u5dee\u70b9\uff09</b> onto <b>\u70cf\u4e38\u901a\u308a</b>/<wbr/><b>\u56fd\u9053367\u53f7</b>", "distance": {"text": "0.4 km", "value": 401}, "travel_mode": "DRIVING", "maneuver": "turn-right", "start_location": {"lat": 35.0036692, "lng": 135.7595968}, "polyline": {"points": "}sstEopr{X?Wb@?b@?L?@?R?b@?b@AD@RAP?B?D?b@?n@?b@?z@A^?N?D?D@b@?dA?L?b@?b@?N?N?@?"}, "duration": {"text": "1 min", "value": 88}, "end_location": {"lat": 35.0001694, "lng": 135.75973}}, {"html_instructions": "Turn <b>left</b> at <b>\u70cf\u4e38\u9ad8\u8fbb\uff08\u4ea4\u5dee\u70b9\uff09</b> onto <b>\u9ad8\u8fbb\u901a\u308a</b><div style=\"font-size:0.9em\">Destination will be on the left</div>", "distance": {"text": "0.4 km", "value": 417}, "travel_mode": "DRIVING", "maneuver": "turn-left", "start_location": {"lat": 35.0001694, "lng": 135.75973}, "polyline": {"points": "a~rtEiqr{XAK?C?G?E?M?w@?C?Y?k@AM?]?K?k@?k@?m@?i@?A?G?I@MBC@GBE@I?C@C?A@O@M?C@I?S?E?A?O?A?eA?C?mAAW?mBAw@"}, "duration": {"text": "2 mins", "value": 94}, "end_location": {"lat": 35.0000973, "lng": 135.7642759}}], "duration": {"text": "6 mins", "value": 372}, "end_location": {"lat": 35.0000973, "lng": 135.7642759}}]}], "status": "OK", "geocoded_waypoints": [{"place_id": "ChIJdaZRSZ0IAWARzBMFEX9yW4E", "geocoder_status": "OK", "types": ["premise"]}, {"place_id": "ChIJYdPFhr0IAWARgK8QtQtmCKo", "geocoder_status": "OK", "types": ["street_address"]}]}