{"routes": [{"overview_polyline": {"points": "edstE{|t{XuC_@Cx@Uv@a@QsBs@{Ac@uBYeAMsDIiMUyBAqB@uDA_HGBbKB`HIhA@VFvCDbB?|DBdR|DED??o@?iBA{A"}, "warnings": [], "bounds": {"northeast": {"lat": 35.0109079, "lng": 135.7723498}, "southwest": {"lat": 35.0011457, "lng": 135.7631918}}, "waypoint_order": [], "summary": "\u5ddd\u7aef\u901a\u308a and \u5fa1\u6c60\u901a\u308a/\u5e9c\u905337\u53f7", "copyrights": "Map data \u00a92019", "legs": [{"distance": {"text": "2.2 km", "value": 2193}, "traffic_speed_entry": [], "end_address": "570 Kikuyach\u014d, Nakagy\u014d-ku, Kyoto, 604-8102, Japan", "via_waypoint": [], "start_address": "99 Hakatach\u014d, Higashiyama-ku, Kyoto, 605-0805, Japan", "start_location": {"lat": 35.0011457, "lng": 135.7718234}, "steps": [{"html_instructions": "Head <b>north</b> toward <b>\u56e3\u6817\u901a\u308a</b>", "distance": {"text": "85 m", "value": 85}, "travel_mode": "DRIVING", "start_location": {"lat": 35.0011457, "lng": 135.7718234}, "polyline": {"points": "edstE{|t{XkBWi@G"}, "duration": {"text": "1 min", "value": 30}, "end_location": {"lat": 35.0018951, "lng": 135.7719798}}, {"html_instructions": "Turn <b>left</b> onto <b>\u56e3\u6817\u901a\u308a</b>", "distance": {"text": "48 m", "value": 48}, "travel_mode": "DRIVING", "maneuver": "turn-left", "start_location": {"lat": 35.0018951, "lng": 135.7719798}, "polyline": {"points": "{hstE{}t{XAb@ATOj@"}, "duration": {"text": "1 min", "value": 34}, "end_location": {"lat": 35.0019971, "lng": 135.771471}}, {"html_instructions": "Turn <b>right</b> onto <b>\u5ddd\u7aef\u901a\u308a</b>", "distance": {"text": "1.0 km", "value": 1004}, "travel_mode": "DRIVING", "maneuver": "turn-right", "start_location": {"lat": 35.0019971, "lng": 135.771471}, "polyline": {"points": "oistEuzt{XEJOIQGUIQGA?iAa@YIYKc@KCAKASEA?_@GGASCGAOAQCIAIA_@Eg@Cs@AS?cAC]Ai@Ac@AaBEaAAMA_BCkAAg@Aa@?S?[?e@Ae@@a@?C@I?_A?I?Y?k@AG?Q?A?e@AQ?i@Aa@?Q?m@A}@A]?"}, "duration": {"text": "4 mins", "value": 239}, "end_location": {"lat": 35.0109005, "lng": 135.7723498}}, {"html_instructions": "Turn <b>left</b> at <b>\u5ddd\u7aef\u5fa1\u6c60\uff08\u4ea4\u5dee\u70b9\uff09</b> onto <b>\u5fa1\u6c60\u901a\u308a</b>/<wbr/><b>\u5e9c\u905337\u53f7</b> (signs for <b>Horikawaoike</b>)", "distance": {"text": "0.8 km", "value": 835}, "travel_mode": "DRIVING", "maneuver": "turn-left", "start_location": {"lat": 35.0109005, "lng": 135.7723498}, "polyline": {"points": "cautEe`u{X@h@AJ?F?F?l@@h@?T?T?T?J?P@L?fA?T?J?L?P@L?HAJ?P@|A?x@@`AEn@CX@L?H?J@f@BtA@L?P@`@@Z@R?|@?V?~@?f@?R?pA?jA@dA?jB@fB@rAAdA"}, "duration": {"text": "3 mins", "value": 187}, "end_location": {"lat": 35.0108065, "lng": 135.7631918}}, {"html_instructions": "Turn <b>left</b> onto <b>\u583a\u753a\u901a\u308a</b>", "distance": {"text": "0.1 km", "value": 109}, "travel_mode": "DRIVING", "maneuver": "turn-left", "start_location": {"lat": 35.0108065, "lng": 135.7631918}, "polyline": {"points": "q`utE}fs{Xj@An@AxAAF?D?"}, "duration": {"text": "1 min", "value": 30}, "end_location": {"lat": 35.0098272, "lng": 135.763219}}, {"html_instructions": "Turn <b>left</b> onto <b>\u59c9\u5c0f\u8def\u901a\u308a</b><div style=\"font-size:0.9em\">Destination will be on the right</div>", "distance": {"text": "0.1 km", "value": 112}, "travel_mode": "DRIVING", "maneuver": "turn-left", "start_location": {"lat": 35.0098272, "lng": 135.763219}, "polyline": {"points": "mzttEcgs{X?o@?yA?O?KAK?cA"}, "duration": {"text": "1 min", "value": 39}, "end_location": {"lat": 35.0098403, "lng": 135.7644539}}], "duration": {"text": "9 mins", "value": 559}, "end_location": {"lat": 35.0098403, "lng": 135.7644539}}]}], "status": "OK", "geocoded_waypoints": [{"place_id": "ChIJv9f1kcAIAWARy7Vz-kxMIBo", "geocoder_status": "OK", "types": ["premise"]}, {"place_id": "ChIJY47RKI4IAWARRzh-jykOoCQ", "geocoder_status": "OK", "types": ["street_address"]}]}