{"routes": [{"overview_polyline": {"points": "kcttEavq{X?xD?|C@dEA`D@j@wCBwA@Ak@AkA?aB~@?T?"}, "warnings": [], "bounds": {"northeast": {"lat": 35.0073514, "lng": 135.7553658}, "southwest": {"lat": 35.0061341, "lng": 135.7516048}}, "waypoint_order": [], "summary": "\u86f8\u85ac\u5e2b\u901a\u308a", "copyrights": "Map data \u00a92020", "legs": [{"distance": {"text": "0.6 km", "value": 622}, "traffic_speed_entry": [], "end_address": "294 Echigotsukinukech\u014d, Nakagy\u014d-ku, Kyoto, 604-8252, Japan", "via_waypoint": [], "start_address": "166 Fud\u014dch\u014d, Nakagy\u014d-ku, Kyoto, 604-8215, Japan", "start_location": {"lat": 35.0061435, "lng": 135.7553658}, "steps": [{"html_instructions": "Head <b>west</b> on <b>\u86f8\u85ac\u5e2b\u901a\u308a</b> toward <b>\u897f\u6d1e\u9662\u901a\u308a</b>", "distance": {"text": "0.3 km", "value": 321}, "travel_mode": "DRIVING", "start_location": {"lat": 35.0061435, "lng": 135.7553658}, "polyline": {"points": "kcttEavq{XA`@?D@H?fC?B?|B?X?@?D?~@?~@?L@X?J?D?D?xBAf@"}, "duration": {"text": "2 mins", "value": 97}, "end_location": {"lat": 35.0061388, "lng": 135.7518467}}, {"html_instructions": "Turn <b>right</b> at <b>\u5800\u5ddd\u901a\u86f8\u85ac\u5e2b\uff08\u4ea4\u5dee\u70b9\uff09</b> onto <b>\u5800\u5ddd\u901a\u308a</b>/<wbr/><b>\u978d\u99ac\u8857\u9053</b>/<wbr/><b>\u5e9c\u905338\u53f7</b>", "distance": {"text": "0.2 km", "value": 154}, "travel_mode": "DRIVING", "maneuver": "turn-right", "start_location": {"lat": 35.0061388, "lng": 135.7518467}, "polyline": {"points": "kcttEa`q{X@j@wCBwA@"}, "duration": {"text": "1 min", "value": 34}, "end_location": {"lat": 35.0073343, "lng": 135.7516048}}, {"html_instructions": "Turn <b>right</b> onto <b>\u516d\u89d2\u901a\u308a</b>", "distance": {"text": "0.1 km", "value": 99}, "travel_mode": "DRIVING", "maneuver": "turn-right", "start_location": {"lat": 35.0073343, "lng": 135.7516048}, "polyline": {"points": "yjttEo~p{XAk@Au@?U?G?c@?_@?U"}, "duration": {"text": "1 min", "value": 47}, "end_location": {"lat": 35.00734990000001, "lng": 135.7526948}}, {"html_instructions": "Turn <b>right</b> onto <b>\u9192\u30f6\u4e95\u901a</b>", "distance": {"text": "48 m", "value": 48}, "travel_mode": "DRIVING", "maneuver": "turn-right", "start_location": {"lat": 35.00734990000001, "lng": 135.7526948}, "polyline": {"points": "}jttEieq{XHAV?R@H?T?"}, "duration": {"text": "1 min", "value": 24}, "end_location": {"lat": 35.006915, "lng": 135.7526937}}], "duration": {"text": "3 mins", "value": 202}, "end_location": {"lat": 35.006915, "lng": 135.7526937}}]}], "status": "OK", "geocoded_waypoints": [{"place_id": "ChIJ_wEtPIMIAWARo5qCIiVdw7A", "geocoder_status": "OK", "types": ["street_address"]}, {"place_id": "ChIJva-bb4IIAWAR4egeQmbrN2o", "geocoder_status": "OK", "types": ["premise"]}]}