{"routes": [{"overview_polyline": {"points": "mlstEi{q{XAnE`FCbC@lBA@c@A{E?k@A_HC_IA]?cBAsG@a@J[BYBo@AiEEcLAkGO?@yA@kA@s@Le@uAi@gFsBiCcAYEYA_B@_CBsBBa@?S@AOCi@AU?cAAmB"}, "warnings": [], "bounds": {"northeast": {"lat": 35.0046651, "lng": 135.7705705}, "southwest": {"lat": 35.0000817, "lng": 135.755172}}, "waypoint_order": [], "summary": "\u9ad8\u8fbb\u901a\u308a", "copyrights": "Map data \u00a92019", "legs": [{"distance": {"text": "2.2 km", "value": 2191}, "traffic_speed_entry": [], "end_address": "216-4 Nabeyach\u014d, Nakagy\u014d-ku, Kyoto, 604-8015, Japan", "via_waypoint": [], "start_address": "Japan, \u3012600-8442 Kyoto, Shimogy\u014d-ku, Yadach\u014d, \uff11\uff12\uff17\u2212\uff11 \u30cf\u30a6\u30b9\u30d4\u30a8\u30fc\u30e1", "start_location": {"lat": 35.0024723, "lng": 135.7562139}, "steps": [{"html_instructions": "Head <b>west</b> on <b>\u7dbe\u5c0f\u8def\u901a\u308a</b> toward <b>\u897f\u6d1e\u9662\u901a\u308a</b>", "distance": {"text": "0.1 km", "value": 95}, "travel_mode": "DRIVING", "start_location": {"lat": 35.0024723, "lng": 135.7562139}, "polyline": {"points": "mlstEi{q{X?F?V?T?PAR?T?hA?R"}, "duration": {"text": "1 min", "value": 38}, "end_location": {"lat": 35.0024815, "lng": 135.755172}}, {"html_instructions": "Turn <b>left</b> onto <b>\u897f\u6d1e\u9662\u901a\u308a</b>", "distance": {"text": "0.3 km", "value": 261}, "travel_mode": "DRIVING", "maneuver": "turn-left", "start_location": {"lat": 35.0024815, "lng": 135.755172}, "polyline": {"points": "olstEytq{Xb@?~@AB?F?n@?j@AD?N?J?vB@lBA"}, "duration": {"text": "1 min", "value": 73}, "end_location": {"lat": 35.0001361, "lng": 135.7551927}}, {"html_instructions": "Turn <b>left</b> at <b>\u897f\u6d1e\u9662\u9ad8\u8fbb\uff08\u4ea4\u5dee\u70b9\uff09</b> onto <b>\u9ad8\u8fbb\u901a\u308a</b>", "distance": {"text": "1.2 km", "value": 1195}, "travel_mode": "DRIVING", "maneuver": "turn-left", "start_location": {"lat": 35.0001361, "lng": 135.7551927}, "polyline": {"points": "{}rtE}tq{X@c@?uBAeB?g@?CAU?i@?eC?yAAeC?kC?WAUAK?C?G?E?M?w@?C?Y?k@AM?]?K?k@?k@?m@?i@?A?G?I@MBC@GBE@I?C@C?A@O@M?C@I?S?E?A?O?A?eA?C?mAAW?mBCcC?G?MA{A?i@?K?IAsA?w@?O?oBO?@yA@u@?U?I?W?C@MDMFW"}, "duration": {"text": "5 mins", "value": 318}, "end_location": {"lat": 35.0001133, "lng": 135.7681727}}, {"html_instructions": "Turn <b>left</b> at <b>\u6cb3\u539f\u753a\u9ad8\u8fbb\uff08\u4ea4\u5dee\u70b9\uff09</b> onto <b>\u6cb3\u539f\u753a\u901a\u308a</b>/<wbr/><b>\u5e9c\u905332\u53f7</b>", "distance": {"text": "0.5 km", "value": 522}, "travel_mode": "DRIVING", "maneuver": "turn-left", "start_location": {"lat": 35.0001133, "lng": 135.7681727}, "polyline": {"points": "u}rtEaft{XECoAe@q@YeAa@m@WaA_@w@]a@OMGa@MOEI?SAE?S@i@?W?I?U?C?]@[?E@Y?I?A?c@@c@?[@O?S?M?S@"}, "duration": {"text": "2 mins", "value": 135}, "end_location": {"lat": 35.0046223, "lng": 135.7692818}}, {"html_instructions": "Turn <b>right</b> onto <b>\u5341\u8ed2\u753a\u6a4b\u901a</b>", "distance": {"text": "0.1 km", "value": 118}, "travel_mode": "DRIVING", "maneuver": "turn-right", "start_location": {"lat": 35.0046223, "lng": 135.7692818}, "polyline": {"points": "{ystE_mt{XAOAa@AG?AAS?U?A?W?S?A?A?S?k@AG?a@"}, "duration": {"text": "1 min", "value": 79}, "end_location": {"lat": 35.0046651, "lng": 135.7705705}}], "duration": {"text": "11 mins", "value": 643}, "end_location": {"lat": 35.0046651, "lng": 135.7705705}}]}], "status": "OK", "geocoded_waypoints": [{"place_id": "ChIJ38Q3DZwIAWARVPPYdQZ94mo", "geocoder_status": "OK", "types": ["premise"]}, {"place_id": "ChIJVVUxNZUIAWARfRtLBMH8KVY", "geocoder_status": "OK", "types": ["establishment", "food", "point_of_interest", "restaurant"]}]}