{"routes": [{"overview_polyline": {"points": "ucttEaos{X?dBwAAiCAI@qFAG@?R?`Cp@A"}, "warnings": [], "bounds": {"northeast": {"lat": 35.0086244, "lng": 135.7644862}, "southwest": {"lat": 35.0061925, "lng": 135.763245}}, "waypoint_order": [], "summary": "\u67f3\u99ac\u5834\u901a\u308a", "copyrights": "Map data \u00a92020", "legs": [{"distance": {"text": "0.4 km", "value": 414}, "traffic_speed_entry": [], "end_address": "135 D\u014dy\u016bch\u014d, Nakagy\u014d-ku, Kyoto, 604-8118, Japan", "via_waypoint": [], "start_address": "121 Aburayach\u014d, Nakagy\u014d-ku, Kyoto, 604-8063, Japan", "start_location": {"lat": 35.006194, "lng": 135.7644862}, "steps": [{"html_instructions": "Head <b>west</b> on <b>\u86f8\u85ac\u5e2b\u901a\u308a</b> toward <b>\u67f3\u99ac\u5834\u901a\u308a</b>", "distance": {"text": "46 m", "value": 46}, "travel_mode": "DRIVING", "start_location": {"lat": 35.006194, "lng": 135.7644862}, "polyline": {"points": "ucttEaos{X?x@?j@"}, "duration": {"text": "1 min", "value": 14}, "end_location": {"lat": 35.0061925, "lng": 135.7639801}}, {"html_instructions": "Turn <b>right</b> onto <b>\u67f3\u99ac\u5834\u901a\u308a</b>", "distance": {"text": "0.3 km", "value": 272}, "travel_mode": "DRIVING", "maneuver": "turn-right", "start_location": {"lat": 35.0061925, "lng": 135.7639801}, "polyline": {"points": "ucttE{ks{XGAoA?uAAs@?I??@S?oA?cCAI?G@"}, "duration": {"text": "1 min", "value": 82}, "end_location": {"lat": 35.0086244, "lng": 135.7639949}}, {"html_instructions": "Turn <b>left</b> onto <b>\u4e09\u6761\u901a\u308a</b>", "distance": {"text": "68 m", "value": 68}, "travel_mode": "DRIVING", "maneuver": "turn-left", "start_location": {"lat": 35.0086244, "lng": 135.7639949}, "polyline": {"points": "{rttE}ks{X?R?`C"}, "duration": {"text": "1 min", "value": 26}, "end_location": {"lat": 35.008619, "lng": 135.763245}}, {"html_instructions": "Turn <b>left</b> onto <b>\u583a\u753a\u901a\u308a</b><div style=\"font-size:0.9em\">Destination will be on the left</div>", "distance": {"text": "28 m", "value": 28}, "travel_mode": "DRIVING", "maneuver": "turn-left", "start_location": {"lat": 35.008619, "lng": 135.763245}, "polyline": {"points": "{rttEggs{Xp@A"}, "duration": {"text": "1 min", "value": 13}, "end_location": {"lat": 35.008366, "lng": 135.7632494}}], "duration": {"text": "2 mins", "value": 135}, "end_location": {"lat": 35.008366, "lng": 135.7632494}}]}], "status": "OK", "geocoded_waypoints": [{"place_id": "ChIJpQ_BIpEIAWART7I3hbHxc1Q", "geocoder_status": "OK", "types": ["premise"]}, {"place_id": "ChIJz_6qOpAIAWARxgnSbUysn2Q", "geocoder_status": "OK", "types": ["premise"]}]}