{"routes": [{"overview_polyline": {"points": "wpttEuvs{XqJE"}, "warnings": [], "bounds": {"northeast": {"lat": 35.0101307, "lng": 135.7657363}, "southwest": {"lat": 35.00828200000001, "lng": 135.7657063}}, "waypoint_order": [], "summary": "\u9ea9\u5c4b\u753a\u901a\u308a", "copyrights": "Map data \u00a92020", "legs": [{"distance": {"text": "0.2 km", "value": 206}, "traffic_speed_entry": [], "end_address": "281 Nakahakusanch\u014d, Nakagy\u014d-ku, Kyoto, 604-8094, Japan", "via_waypoint": [], "start_address": "Japan, \u3012604-8076 Kyoto, Nakagy\u014d-ku, Ebiyach\u014d, \u5fa1\u5e78\u753a\u901a\u4e09\u6761\u4e0b\u308b\u2212\uff13\uff11\uff18", "start_location": {"lat": 35.00828200000001, "lng": 135.7657063}, "steps": [{"html_instructions": "Head <b>north</b> on <b>\u9ea9\u5c4b\u753a\u901a\u308a</b> toward <b>\u4e09\u6761\u901a\u308a</b><div style=\"font-size:0.9em\">Destination will be on the left</div>", "distance": {"text": "0.2 km", "value": 206}, "travel_mode": "DRIVING", "start_location": {"lat": 35.00828200000001, "lng": 135.7657063}, "polyline": {"points": "wpttEuvs{XY?c@?I?I?}AA_CAI?C?C?KAQ?M?C?"}, "duration": {"text": "1 min", "value": 60}, "end_location": {"lat": 35.0101307, "lng": 135.7657363}}], "duration": {"text": "1 min", "value": 60}, "end_location": {"lat": 35.0101307, "lng": 135.7657363}}]}], "status": "OK", "geocoded_waypoints": [{"place_id": "ChIJFy7AgJEIAWARQKjukVOaRHA", "geocoder_status": "OK", "types": ["street_address"]}, {"place_id": "ChIJbXAMHI4IAWARyox8V8apw4E", "geocoder_status": "OK", "types": ["premise"]}]}