{"routes": [{"overview_polyline": {"points": "ezttE}sq{XAWC??MA_A?i@?aD@iCAoH?_DGAAg@?wABsGDyB?oJC}I?cCF?vB?dB?hGFjFH`B?@}@"}, "warnings": [], "bounds": {"northeast": {"lat": 35.0098796, "lng": 135.7666812}, "southwest": {"lat": 35.0056948, "lng": 135.7550257}}, "waypoint_order": [], "summary": "\u59c9\u5c0f\u8def\u901a\u308a and \u5fa1\u5e78\u753a\u901a\u308a", "copyrights": "Map data \u00a92019", "legs": [{"distance": {"text": "1.5 km", "value": 1540}, "traffic_speed_entry": [], "end_address": "Japan, \u3012604-8045 Kyoto, Nakagy\u014d-ku, Enpukujimaech\u014d, \u5bfa\u753a\u901a\u86f8\u85ac\u5e2b\u4e0b\u308b\u2212\uff12\uff17\uff14\u2212\uff11\uff11", "via_waypoint": [], "start_address": "550-4 Sanb\u014dnishit\u014dinch\u014d, Nakagy\u014d-ku, Kyoto, 604-8277, Japan", "start_location": {"lat": 35.009792, "lng": 135.7550257}, "steps": [{"html_instructions": "Head <b>east</b> on <b>\u59c9\u5c0f\u8def\u901a\u308a</b> toward <b>\u897f\u6d1e\u9662\u901a\u308a</b>", "distance": {"text": "1.0 km", "value": 1049}, "travel_mode": "DRIVING", "start_location": {"lat": 35.009792, "lng": 135.7550257}, "polyline": {"points": "ezttE}sq{XAK?KC??M?WAg@?Q?W?S?S?qB?G?E?G?U@eB?yCAuC?_DGA?SAS?}@?Y@aD?O@k@?u@@O?M?MBmA@s@?IAM?}B?o@?yA?O?KAKAqD?y@?E?q@?U?I?M?cC"}, "duration": {"text": "5 mins", "value": 304}, "end_location": {"lat": 35.009847, "lng": 135.7664628}}, {"html_instructions": "Turn <b>right</b> onto <b>\u5fa1\u5e78\u753a\u901a\u308a</b>", "distance": {"text": "0.5 km", "value": 462}, "travel_mode": "DRIVING", "maneuver": "turn-right", "start_location": {"lat": 35.009847, "lng": 135.7664628}, "polyline": {"points": "qzttEk{s{XF?p@?dA?jA?X?J@|FDR@|BBhA@N@DAf@?h@@H?"}, "duration": {"text": "2 mins", "value": 126}, "end_location": {"lat": 35.0056967, "lng": 135.7663682}}, {"html_instructions": "Turn <b>left</b><div style=\"font-size:0.9em\">Destination will be on the right</div>", "distance": {"text": "29 m", "value": 29}, "travel_mode": "DRIVING", "maneuver": "turn-left", "start_location": {"lat": 35.0056967, "lng": 135.7663682}, "polyline": {"points": "s`ttEyzs{X@}@"}, "duration": {"text": "1 min", "value": 7}, "end_location": {"lat": 35.0056948, "lng": 135.7666812}}], "duration": {"text": "7 mins", "value": 437}, "end_location": {"lat": 35.0056948, "lng": 135.7666812}}]}], "status": "OK", "geocoded_waypoints": [{"place_id": "ChIJ9-tre4EIAWARYSiBxAaS0rs", "geocoder_status": "OK", "types": ["establishment", "home_goods_store", "point_of_interest", "store"]}, {"place_id": "ChIJlb9qBJQIAWARKKpxQk3nKh4", "geocoder_status": "OK", "types": ["street_address"]}]}