{"routes": [{"overview_polyline": {"points": "acstEsvt{XcDwA_Ag@{@YcBk@}@We@IcAOOA?h@?P@nBB`CAZBxABnD?r@c@@y@BCD?LYJc@ZQLm@HgAB"}, "warnings": [], "bounds": {"northeast": {"lat": 35.0052452, "lng": 135.7720738}, "southwest": {"lat": 35.0009671, "lng": 135.7683597}}, "waypoint_order": [], "summary": "\u5ddd\u7aef\u901a\u308a and \u56db\u6761\u901a\u308a/\u5e9c\u9053186\u53f7", "copyrights": "Map data \u00a92019", "legs": [{"distance": {"text": "0.8 km", "value": 814}, "traffic_speed_entry": [], "end_address": "Japan, \u3012604-8041 Kyoto, Nakagy\u014d-ku, Uraderach\u014d, \u88cf\u5bfa\u753a\u86f8\u85ac\u5e2b\u4e0b", "via_waypoint": [], "start_address": "150 Tenn\u014dch\u014d, Shimogy\u014d-ku, Kyoto, 600-8013, Japan", "start_location": {"lat": 35.0009671, "lng": 135.7708237}, "steps": [{"html_instructions": "Head <b>northeast</b> on <b>\u5ddd\u7aef\u901a\u308a</b> toward <b>\u56e3\u6817\u901a\u308a</b>", "distance": {"text": "0.3 km", "value": 339}, "travel_mode": "DRIVING", "start_location": {"lat": 35.0009671, "lng": 135.7708237}, "polyline": {"points": "acstEsvt{X}@a@q@Y[MWMWMGEOIOIQGUIQGA?iAa@YIYKc@KCAKASEA?_@GGASCGAOA"}, "duration": {"text": "1 min", "value": 84}, "end_location": {"lat": 35.0038279, "lng": 135.7720738}}, {"html_instructions": "Turn <b>left</b> at <b>\u56db\u6761\u5927\u6a4b\uff08\u4ea4\u5dee\u70b9\uff09</b> onto <b>\u56db\u6761\u5927\u6a4b</b>/<wbr/><b>\u56db\u6761\u901a\u308a</b>/<wbr/><b>\u5e9c\u9053186\u53f7</b> (signs for <b>Shijokawaramachi</b>)<div style=\"font-size:0.9em\">Continue to follow \u56db\u6761\u901a\u308a/<wbr/>\u5e9c\u9053186\u53f7</div>", "distance": {"text": "0.3 km", "value": 296}, "travel_mode": "DRIVING", "maneuver": "turn-left", "start_location": {"lat": 35.0038279, "lng": 135.7720738}, "polyline": {"points": "}tstEm~t{X?h@?F?H?n@@n@?L?@?JAD@B?J?F@X@r@?HAF?D?D?F@H?@@^?l@?B@jA@r@?j@?b@?N"}, "duration": {"text": "2 mins", "value": 105}, "end_location": {"lat": 35.0037674, "lng": 135.7688267}}, {"html_instructions": "Turn <b>right</b><div style=\"font-size:0.9em\">Closed Mon\u2013Fri 1:00 PM \u2013 12:00 AM</div><div style=\"font-size:0.9em\">Destination will be on the left</div>", "distance": {"text": "0.2 km", "value": 179}, "travel_mode": "DRIVING", "maneuver": "turn-right", "start_location": {"lat": 35.0037674, "lng": 135.7688267}, "polyline": {"points": "qtstEejt{XK?W@i@@M?A@A@?@?@A??@?@?B?DMDE@A@C@EBA?CBWR?@QJKBa@D_@@g@@"}, "duration": {"text": "1 min", "value": 67}, "end_location": {"lat": 35.0052452, "lng": 135.7683597}}], "duration": {"text": "4 mins", "value": 256}, "end_location": {"lat": 35.0052452, "lng": 135.7683597}}]}], "status": "OK", "geocoded_waypoints": [{"place_id": "ChIJYfzcvL8IAWARQ1tnPrlffW8", "geocoder_status": "OK", "types": ["street_address"]}, {"place_id": "ChIJya81Q5QIAWAR8f0ovaO60ps", "geocoder_status": "OK", "types": ["establishment", "place_of_worship", "point_of_interest"]}]}