{"routes": [{"overview_polyline": {"points": "akttEi`s{X?aFtEAX@BdC@B?f@AzF?lHuKB"}, "warnings": [], "bounds": {"northeast": {"lat": 35.0081817, "lng": 135.7632652}, "southwest": {"lat": 35.0061443, "lng": 135.7595845}}, "waypoint_order": [], "summary": "\u86f8\u85ac\u5e2b\u901a\u308a and \u70cf\u4e38\u901a\u308a/\u56fd\u9053367\u53f7", "copyrights": "Map data \u00a92019", "legs": [{"distance": {"text": "0.8 km", "value": 799}, "traffic_speed_entry": [], "end_address": "Japan, \u3012604-8161 Kyoto, Nakagyo Ward, \u70cf\u4e38\u901a\u4e09\u6761\u5357\u5165\u9945\u982d\u5c4b\u753a591", "via_waypoint": [], "start_address": "Japan, \u3012604-8133 Kyoto, Nakagy\u014d-ku, Chigiriyach\u014d, \u516d\u89d2\u901a\u6771\u6d1e\u9662\u6771\u5165\uff11\uff18\uff13 \u516d\u89d2\u7530\u4e2d\u533b\u9662", "start_location": {"lat": 35.0073707, "lng": 135.7621311}, "steps": [{"html_instructions": "Head <b>east</b> on <b>\u516d\u89d2\u901a\u308a</b> toward <b>\u9ad8\u5009\u901a\u308a</b>", "distance": {"text": "0.1 km", "value": 103}, "travel_mode": "DRIVING", "start_location": {"lat": 35.0073707, "lng": 135.7621311}, "polyline": {"points": "akttEi`s{X?aA?M?Q?_C"}, "duration": {"text": "1 min", "value": 30}, "end_location": {"lat": 35.0073733, "lng": 135.7632645}}, {"html_instructions": "Turn <b>right</b> onto <b>\u583a\u753a\u901a\u308a</b>", "distance": {"text": "0.1 km", "value": 134}, "travel_mode": "DRIVING", "maneuver": "turn-right", "start_location": {"lat": 35.0073733, "lng": 135.7632645}, "polyline": {"points": "akttEkgs{XDAL?vA?hB?R?D@"}, "duration": {"text": "1 min", "value": 38}, "end_location": {"lat": 35.0061725, "lng": 135.7632612}}, {"html_instructions": "Turn <b>right</b> onto <b>\u86f8\u85ac\u5e2b\u901a\u308a</b>", "distance": {"text": "0.3 km", "value": 327}, "travel_mode": "DRIVING", "maneuver": "turn-right", "start_location": {"lat": 35.0061725, "lng": 135.7632612}, "polyline": {"points": "qcttEkgs{X@vB@L@??B?D?`@AvC?f@?T?d@?@?lF?h@"}, "duration": {"text": "2 mins", "value": 116}, "end_location": {"lat": 35.006151, "lng": 135.7596984}}, {"html_instructions": "Turn <b>right</b> onto <b>\u70cf\u4e38\u901a\u308a</b>/<wbr/><b>\u56fd\u9053367\u53f7</b><div style=\"font-size:0.9em\">Destination will be on the left</div>", "distance": {"text": "0.2 km", "value": 235}, "travel_mode": "DRIVING", "maneuver": "turn-right", "start_location": {"lat": 35.006151, "lng": 135.7596984}, "polyline": {"points": "mcttEcqr{X?RoA?wA@aA?A?g@?yA?c@@C?"}, "duration": {"text": "1 min", "value": 60}, "end_location": {"lat": 35.0081817, "lng": 135.7595845}}], "duration": {"text": "4 mins", "value": 244}, "end_location": {"lat": 35.0081817, "lng": 135.7595845}}]}], "status": "OK", "geocoded_waypoints": [{"place_id": "ChIJP94UDpAIAWAR8ipN37QIpw4", "geocoder_status": "OK", "types": ["premise"]}, {"place_id": "ChIJVVKzH4UIAWAR3VBgHwTraYg", "geocoder_status": "OK", "types": ["establishment", "parking", "point_of_interest"]}]}