{"routes": [{"overview_polyline": {"points": "{sstE_ur{XAnCo@?_M?aJ@"}, "warnings": [], "bounds": {"northeast": {"lat": 35.0079244, "lng": 135.7603193}, "southwest": {"lat": 35.0036649, "lng": 135.7595879}}, "waypoint_order": [], "summary": "\u70cf\u4e38\u901a\u308a/\u56fd\u9053367\u53f7", "copyrights": "Map data \u00a92019", "legs": [{"distance": {"text": "0.5 km", "value": 539}, "traffic_speed_entry": [], "end_address": "153-3 Honeyach\u014d, Nakagy\u014d-ku, Kyoto, 604-8164, Japan", "via_waypoint": [], "start_address": "Shijo Takakura [100 En Bus], Naginatabokoch\u014d, Shimogy\u014d-ku, Kyoto, 600-8008, Japan", "start_location": {"lat": 35.0036649, "lng": 135.7603193}, "steps": [{"html_instructions": "Head <b>west</b> on <b>\u56db\u6761\u901a\u308a</b>/<wbr/><b>\u5e9c\u9053186\u53f7</b> toward <b>\u70cf\u4e38\u901a\u308a</b>/<wbr/><b>\u56fd\u9053367\u53f7</b>", "distance": {"text": "54 m", "value": 54}, "travel_mode": "DRIVING", "start_location": {"lat": 35.0036649, "lng": 135.7603193}, "polyline": {"points": "{sstE_ur{XAJ?R?vA"}, "duration": {"text": "1 min", "value": 19}, "end_location": {"lat": 35.0036692, "lng": 135.7597219}}, {"html_instructions": "Turn <b>right</b> at <b>\u56db\u6761\u70cf\u4e38\uff08\u4ea4\u5dee\u70b9\uff09</b> onto <b>\u70cf\u4e38\u901a\u308a</b>/<wbr/><b>\u56fd\u9053367\u53f7</b><div style=\"font-size:0.9em\">Destination will be on the left</div>", "distance": {"text": "0.5 km", "value": 485}, "travel_mode": "DRIVING", "maneuver": "turn-right", "start_location": {"lat": 35.0036692, "lng": 135.7597219}, "polyline": {"points": "}sstEgqr{X?VA@E?e@AA?w@?mA?c@?e@@GAgA?c@?{B?oA?wA@aA?A?g@?mA?"}, "duration": {"text": "2 mins", "value": 95}, "end_location": {"lat": 35.0079244, "lng": 135.7595879}}], "duration": {"text": "2 mins", "value": 114}, "end_location": {"lat": 35.0079244, "lng": 135.7595879}}]}], "status": "OK", "geocoded_waypoints": [{"place_id": "ChIJ2yYHGJoIAWARmV_5ndsa-2Y", "geocoder_status": "OK", "types": ["establishment", "point_of_interest", "transit_station"]}, {"place_id": "ChIJybUz2YQIAWARRrmrVcsE1Qs", "geocoder_status": "OK", "types": ["premise"]}]}