{"routes": [{"overview_polyline": {"points": "s`utEu{q{XExCEdASpDC`D@tFB`A^AnEBpF?rFJpCC`DAfAA`BAAa@?mA"}, "warnings": [], "bounds": {"northeast": {"lat": 35.0109972, "lng": 135.7562666}, "southwest": {"lat": 35.0049466, "lng": 135.7518243}}, "waypoint_order": [], "summary": "\u5fa1\u6c60\u901a\u308a/\u5e9c\u905337\u53f7 and \u5800\u5ddd\u901a\u308a/\u978d\u99ac\u8857\u9053/\u5e9c\u905338\u53f7", "copyrights": "Map data \u00a92020", "legs": [{"distance": {"text": "1.1 km", "value": 1121}, "traffic_speed_entry": [], "end_address": "570 Sanmonjich\u014d, Nakagy\u014d-ku, Kyoto, 604-8236, Japan", "via_waypoint": [], "start_address": "Japan, \u3012604-8207 Kyoto, Nakagy\u014d-ku, Shinmeich\u014d, \uff16\uff18 \u30c0\u30c3\u30af\u30b9", "start_location": {"lat": 35.0108249, "lng": 135.7562666}, "steps": [{"html_instructions": "Head <b>west</b> on <b>\u5fa1\u6c60\u901a\u308a</b>/<wbr/><b>\u5e9c\u905337\u53f7</b> toward <b>\u91dc\u5ea7\u901a\u308a</b>", "distance": {"text": "0.4 km", "value": 386}, "travel_mode": "DRIVING", "start_location": {"lat": 35.0108249, "lng": 135.7562666}, "polyline": {"points": "s`utEu{q{XApACfA?BE`AI`B?BANGz@?L?\\C`B?R?zA?hA@lA?@@b@"}, "duration": {"text": "1 min", "value": 82}, "end_location": {"lat": 35.010978, "lng": 135.7520364}}, {"html_instructions": "Turn <b>left</b> at <b>\u5800\u5ddd\u5fa1\u6c60\uff08\u4ea4\u5dee\u70b9\uff09</b> onto <b>\u5800\u5ddd\u901a\u308a</b>/<wbr/><b>\u978d\u99ac\u8857\u9053</b>/<wbr/><b>\u5e9c\u905338\u53f7</b>", "distance": {"text": "0.7 km", "value": 683}, "travel_mode": "DRIVING", "maneuver": "turn-left", "start_location": {"lat": 35.010978, "lng": 135.7520364}, "polyline": {"points": "sautEgaq{X@\\NAN?J?L?J@hD@xCAvA@rFJpCC|AAbA?b@?b@A`BA"}, "duration": {"text": "2 mins", "value": 107}, "end_location": {"lat": 35.0049466, "lng": 135.7518655}}, {"html_instructions": "Turn <b>left</b> onto <b>\u9326\u5c0f\u8def\u901a\u308a</b>", "distance": {"text": "52 m", "value": 52}, "travel_mode": "DRIVING", "maneuver": "turn-left", "start_location": {"lat": 35.0049466, "lng": 135.7518655}, "polyline": {"points": "}{stEe`q{XAa@?mA"}, "duration": {"text": "1 min", "value": 15}, "end_location": {"lat": 35.0049595, "lng": 135.752432}}], "duration": {"text": "3 mins", "value": 204}, "end_location": {"lat": 35.0049595, "lng": 135.752432}}]}], "status": "OK", "geocoded_waypoints": [{"place_id": "ChIJt7voUIEIAWARbD7JmrpQ1eo", "geocoder_status": "OK", "types": ["premise"]}, {"place_id": "ChIJsRR9oYIIAWARmQvzZtl877w", "geocoder_status": "OK", "types": ["premise"]}]}