{"routes": [{"overview_polyline": {"points": "kystEi{r{X?n@^?t@?zB@nLA?}CAmC_E?k@?@jB?t@"}, "warnings": [], "bounds": {"northeast": {"lat": 35.0045393, "lng": 135.7625927}, "southwest": {"lat": 35.0013282, "lng": 135.7610838}}, "waypoint_order": [], "summary": "\u6771\u6d1e\u9662\u901a\u308a", "copyrights": "Map data \u00a92019", "legs": [{"distance": {"text": "0.7 km", "value": 720}, "traffic_speed_entry": [], "end_address": "Japan, \u3012600-8092 Kyoto, Shimogy\u014d-ku, Shinmeich\u014d, \uff12\uff14\uff11 \u30aa\u30d1\u30b9\u56db\u6761", "via_waypoint": [], "start_address": "Japan, \u3012604-8143 Kyoto, Nakagy\u014d-ku, \u6771\u6d1e\u9662\u901a\u9326\u5c0f\u8def\u4e0b\u308b\u962a\u6771\u5c4b\u753a\uff16\uff15\uff17\u2212\uff15", "start_location": {"lat": 35.0045372, "lng": 135.7613291}, "steps": [{"html_instructions": "Head <b>west</b> toward <b>\u6771\u6d1e\u9662\u901a\u308a</b><div style=\"font-size:0.9em\">Restricted usage road</div>", "distance": {"text": "22 m", "value": 22}, "travel_mode": "DRIVING", "start_location": {"lat": 35.0045372, "lng": 135.7613291}, "polyline": {"points": "kystEi{r{X?n@"}, "duration": {"text": "1 min", "value": 8}, "end_location": {"lat": 35.0045393, "lng": 135.7610922}}, {"html_instructions": "Turn <b>left</b> onto <b>\u6771\u6d1e\u9662\u901a\u308a</b>", "distance": {"text": "0.4 km", "value": 357}, "travel_mode": "DRIVING", "maneuver": "turn-left", "start_location": {"lat": 35.0045393, "lng": 135.7610922}, "polyline": {"points": "kystEyyr{X^?@?r@?R@X?h@?b@?r@Ap@?D?b@?t@?`B?H?|B?"}, "duration": {"text": "2 mins", "value": 145}, "end_location": {"lat": 35.0013282, "lng": 135.7610894}}, {"html_instructions": "Turn <b>left</b> onto <b>\u4ecf\u5149\u5bfa\u901a\u308a</b>", "distance": {"text": "0.1 km", "value": 137}, "travel_mode": "DRIVING", "maneuver": "turn-left", "start_location": {"lat": 35.0013282, "lng": 135.7610894}, "polyline": {"points": "iestEyyr{X?k@?S?Y?k@?O?A?C?AAC?A?E?K?C?oAAW@I"}, "duration": {"text": "1 min", "value": 33}, "end_location": {"lat": 35.0013436, "lng": 135.7625898}}, {"html_instructions": "Turn <b>left</b> onto <b>\u9ad8\u5009\u901a\u308a</b>", "distance": {"text": "0.1 km", "value": 131}, "travel_mode": "DRIVING", "maneuver": "turn-left", "start_location": {"lat": 35.0013436, "lng": 135.7625898}, "polyline": {"points": "kestEecs{XcA?s@Ak@@[?c@?G?"}, "duration": {"text": "1 min", "value": 37}, "end_location": {"lat": 35.0025207, "lng": 135.762586}}, {"html_instructions": "Turn <b>left</b> onto <b>\u7dbe\u5c0f\u8def\u901a\u308a</b><div style=\"font-size:0.9em\">Destination will be on the right</div>", "distance": {"text": "73 m", "value": 73}, "travel_mode": "DRIVING", "maneuver": "turn-left", "start_location": {"lat": 35.0025207, "lng": 135.762586}, "polyline": {"points": "wlstEecs{X?j@@~@?j@?H"}, "duration": {"text": "1 min", "value": 31}, "end_location": {"lat": 35.0025117, "lng": 135.7617799}}], "duration": {"text": "4 mins", "value": 254}, "end_location": {"lat": 35.0025117, "lng": 135.7617799}}]}], "status": "OK", "geocoded_waypoints": [{"place_id": "ChIJ4btEC5oIAWARTx7enlfG1rw", "geocoder_status": "OK", "types": ["street_address"]}, {"place_id": "ChIJ8_VdXpcIAWARI-jQTpNYu7s", "geocoder_status": "OK", "types": ["premise"]}]}