{"routes": [{"overview_polyline": {"points": "kzttEgvq{XAmF@}GAuHGA?SAqA@{DBaCD}CAW?}BxDCv@?jAArDCR?"}, "warnings": [], "bounds": {"northeast": {"lat": 35.0098776, "lng": 135.763267}, "southwest": {"lat": 35.007236, "lng": 135.7554001}}, "waypoint_order": [], "summary": "\u59c9\u5c0f\u8def\u901a\u308a and \u583a\u753a\u901a\u308a", "copyrights": "Map data \u00a92019", "legs": [{"distance": {"text": "1.0 km", "value": 1004}, "traffic_speed_entry": [], "end_address": "Japan, \u3012604-8117 Kyoto, Nakagy\u014d-ku, \u516d\u89d2\u901a\u583a\u753a\u897f\u5165\u5800\u4e4b\u4e0a\u753a\uff11\uff11\uff19", "via_waypoint": [], "start_address": "Japan, \u3012604-8273 Kyoto, Nakagy\u014d-ku, Anenishinot\u014dinch\u014d, \u59c9\u5c0f\u8def\u901a\u897f\u6d1e\u9662\u6771\u5165\uff15\uff14\uff17\u2212\uff12", "start_location": {"lat": 35.0098238, "lng": 135.7554001}, "steps": [{"html_instructions": "Head <b>east</b> on <b>\u59c9\u5c0f\u8def\u901a\u308a</b> toward <b>\u91dc\u5ea7\u901a\u308a</b>", "distance": {"text": "0.7 km", "value": 716}, "travel_mode": "DRIVING", "start_location": {"lat": 35.0098238, "lng": 135.7554001}, "polyline": {"points": "kzttEgvq{XA[?Q?W?S?S?qB?G?E?G?U@eB?yCAuC?_DGA?SAS?}@?Y@aD?O@k@?u@@O?M?MBmA@s@?IAM?}B"}, "duration": {"text": "4 mins", "value": 212}, "end_location": {"lat": 35.0098272, "lng": 135.763219}}, {"html_instructions": "Turn <b>right</b> onto <b>\u583a\u753a\u901a\u308a</b><div style=\"font-size:0.9em\">Destination will be on the right</div>", "distance": {"text": "0.3 km", "value": 288}, "travel_mode": "DRIVING", "maneuver": "turn-right", "start_location": {"lat": 35.0098272, "lng": 135.763219}, "polyline": {"points": "mzttEcgs{XxDCh@?L?fAAB?~@?^?lAADAL?D?"}, "duration": {"text": "1 min", "value": 76}, "end_location": {"lat": 35.007236, "lng": 135.763267}}], "duration": {"text": "5 mins", "value": 288}, "end_location": {"lat": 35.007236, "lng": 135.763267}}]}], "status": "OK", "geocoded_waypoints": [{"place_id": "ChIJ2XRe34MIAWAREVvUEGYqn28", "geocoder_status": "OK", "types": ["street_address"]}, {"place_id": "ChIJl1rrRJAIAWARUR70F8PiFjU", "geocoder_status": "OK", "types": ["street_address"]}]}