{"routes": [{"overview_polyline": {"points": "y|stEitq{X\\@?GzF?C_D@}LBaHo@?_A?"}, "warnings": [], "bounds": {"northeast": {"lat": 35.0050854, "lng": 135.7596011}, "southwest": {"lat": 35.0036692, "lng": 135.7550829}}, "waypoint_order": [], "summary": "\u56db\u6761\u901a\u308a/\u5e9c\u9053186\u53f7", "copyrights": "Map data \u00a92020", "legs": [{"distance": {"text": "0.6 km", "value": 628}, "traffic_speed_entry": [], "end_address": "Japan, \u3012604-8153 Kyoto, Nakagy\u014d-ku, \u70cf\u4e38\u901a\u56db\u6761\u4e0a\u308b\u7b0b\u753a\uff16\uff18\uff19\u2212\uff11", "via_waypoint": [], "start_address": "17 Furunishich\u014d, Nakagy\u014d-ku, Kyoto, 604-8227, Japan", "start_location": {"lat": 35.0050854, "lng": 135.7550852}, "steps": [{"html_instructions": "Head <b>south</b> on <b>\u897f\u6d1e\u9662\u901a\u308a</b> toward <b>\u9326\u5c0f\u8def\u901a\u308a</b>", "distance": {"text": "0.2 km", "value": 159}, "travel_mode": "DRIVING", "start_location": {"lat": 35.0050854, "lng": 135.7550852}, "polyline": {"points": "y|stEitq{X\\@?G~E@ZA"}, "duration": {"text": "1 min", "value": 46}, "end_location": {"lat": 35.0036836, "lng": 135.7551246}}, {"html_instructions": "Turn <b>left</b> at <b>\u56db\u6761\u897f\u6d1e\u9662\uff08\u4ea4\u5dee\u70b9\uff09</b> onto <b>\u56db\u6761\u901a\u308a</b>/<wbr/><b>\u5e9c\u9053186\u53f7</b>", "distance": {"text": "0.4 km", "value": 407}, "travel_mode": "DRIVING", "maneuver": "turn-left", "start_location": {"lat": 35.0036836, "lng": 135.7551246}, "polyline": {"points": "_tstEotq{X?GAqAAS?q@?G@C?AAcC?aB@}A?cB?G@wA?cA?o@@uA"}, "duration": {"text": "2 mins", "value": 142}, "end_location": {"lat": 35.0036692, "lng": 135.7595968}}, {"html_instructions": "Turn <b>left</b> at <b>\u56db\u6761\u70cf\u4e38\uff08\u4ea4\u5dee\u70b9\uff09</b> onto <b>\u70cf\u4e38\u901a\u308a</b>/<wbr/><b>\u56fd\u9053367\u53f7</b>", "distance": {"text": "62 m", "value": 62}, "travel_mode": "DRIVING", "maneuver": "turn-left", "start_location": {"lat": 35.0036692, "lng": 135.7595968}, "polyline": {"points": "}sstEopr{XA@E?e@AA?w@?G?"}, "duration": {"text": "1 min", "value": 21}, "end_location": {"lat": 35.004229, "lng": 135.7595996}}], "duration": {"text": "3 mins", "value": 209}, "end_location": {"lat": 35.004229, "lng": 135.7595996}}]}], "status": "OK", "geocoded_waypoints": [{"place_id": "ChIJlU0h05wIAWARM1e7uVQPI10", "geocoder_status": "OK", "types": ["street_address"]}, {"place_id": "ChIJgSP-UpoIAWARhJkkm71Tjqc", "geocoder_status": "OK", "types": ["street_address"]}]}