{"routes": [{"overview_polyline": {"points": "ogstE}jt{XbFpBtAh@Md@Ar@AjAAxAN??~B@jC@zCDvL?XCn@CXKZA`@?nD@fE@\\@TU?eD?qA?iA?}DB{A?cV@eE?kA@m@@?|A@lE?d@?`@?xAG?_@?cA?mE@aB?"}, "warnings": [], "bounds": {"northeast": {"lat": 35.0106383, "lng": 135.768954}, "southwest": {"lat": 35.0000811, "lng": 135.7572467}}, "waypoint_order": [], "summary": "\u9ad8\u8fbb\u901a\u308a and \u70cf\u4e38\u901a\u308a/\u56fd\u9053367\u53f7", "copyrights": "Map data \u00a92019", "legs": [{"distance": {"text": "2.4 km", "value": 2355}, "traffic_speed_entry": [], "end_address": "161 Nagahamach\u014d, Nakagy\u014d-ku, Kyoto, 604-8201, Japan", "via_waypoint": [], "start_address": "251-2 Ichinoch\u014d, Shimogy\u014d-ku, Kyoto, \u4eac\u90fd\u5e9c Kyoto 600-8018, Japan", "start_location": {"lat": 35.0016774, "lng": 135.768954}, "steps": [{"html_instructions": "Head <b>south</b> on <b>\u6cb3\u539f\u753a\u901a\u308a</b>/<wbr/><b>\u5e9c\u905332\u53f7</b> toward <b>\u4ecf\u5149\u5bfa\u901a\u308a</b>", "distance": {"text": "0.2 km", "value": 184}, "travel_mode": "DRIVING", "start_location": {"lat": 35.0016774, "lng": 135.768954}, "polyline": {"points": "ogstE}jt{X|@\\l@VdA`@p@XnAd@"}, "duration": {"text": "1 min", "value": 33}, "end_location": {"lat": 35.0001442, "lng": 135.7681877}}, {"html_instructions": "Turn <b>right</b> at <b>\u6cb3\u539f\u753a\u9ad8\u8fbb\uff08\u4ea4\u5dee\u70b9\uff09</b> onto <b>\u9ad8\u8fbb\u901a\u308a</b>", "distance": {"text": "0.8 km", "value": 786}, "travel_mode": "DRIVING", "maneuver": "turn-right", "start_location": {"lat": 35.0001442, "lng": 135.7681877}, "polyline": {"points": "{}rtEeft{XDBGVELAL?B?V?H?TAt@AxAN??nB?N?v@@rA?H?J?h@@zA?L?FBbC?lB@V?lA?B?dA?@?N?@?D?RAH?BALAN?@AB?BAHCDAFCBAL?H?F?@?h@?l@?j@?j@?J?\\@L?j@?X?B?v@?L?D?F?B@J"}, "duration": {"text": "4 mins", "value": 241}, "end_location": {"lat": 35.0001694, "lng": 135.75973}}, {"html_instructions": "Turn <b>right</b> at <b>\u70cf\u4e38\u9ad8\u8fbb\uff08\u4ea4\u5dee\u70b9\uff09</b> onto <b>\u70cf\u4e38\u901a\u308a</b>/<wbr/><b>\u56fd\u9053367\u53f7</b>", "distance": {"text": "0.9 km", "value": 946}, "travel_mode": "DRIVING", "maneuver": "turn-right", "start_location": {"lat": 35.0001694, "lng": 135.75973}, "polyline": {"points": "a~rtEiqr{X@TU?q@?sB?C?c@?E?c@?S?O?S?Q?eA?C?C?I@c@?E?W?c@@a@?A?E?A?K?A?U?K?g@?c@?A@E?e@AA?w@?mA?c@?e@@GAgA?c@?{B?oA?wA@aA?A?g@?yA?c@@g@?m@@"}, "duration": {"text": "3 mins", "value": 205}, "end_location": {"lat": 35.0085858, "lng": 135.7595736}}, {"html_instructions": "Turn <b>left</b> at <b>\u70cf\u4e38\u4e09\u6761\uff08\u4ea4\u5dee\u70b9\uff09</b> onto <b>\u4e09\u6761\u901a\u308a</b>", "distance": {"text": "0.2 km", "value": 210}, "travel_mode": "DRIVING", "maneuver": "turn-left", "start_location": {"lat": 35.0085858, "lng": 135.7595736}, "polyline": {"points": "urttEipr{X?|A?~@@lCAB@`@?`@?xA"}, "duration": {"text": "1 min", "value": 64}, "end_location": {"lat": 35.0085821, "lng": 135.7572646}}, {"html_instructions": "Turn <b>right</b> onto <b>\u8863\u68da\u901a\u308a</b><div style=\"font-size:0.9em\">Destination will be on the left</div>", "distance": {"text": "0.2 km", "value": 229}, "travel_mode": "DRIVING", "maneuver": "turn-right", "start_location": {"lat": 35.0085821, "lng": 135.7572646}, "polyline": {"points": "srttE{ar{XG?G?W?W?k@?C?gC@e@?[?aB?"}, "duration": {"text": "1 min", "value": 87}, "end_location": {"lat": 35.0106383, "lng": 135.7572529}}], "duration": {"text": "11 mins", "value": 630}, "end_location": {"lat": 35.0106383, "lng": 135.7572529}}]}], "status": "OK", "geocoded_waypoints": [{"place_id": "ChIJbRbit78IAWARLBdad5gvkeE", "geocoder_status": "OK", "types": ["street_address"]}, {"place_id": "ChIJR63_qYYIAWARhYvrI50t1Lw", "geocoder_status": "OK", "types": ["street_address"]}]}