{"routes": [{"overview_polyline": {"points": "snstEekq{XqA?wA??AA}D?qBC_D?kFDcO?wECoN@y@CcA?gEAgC?CE?W?kAA"}, "warnings": [], "bounds": {"northeast": {"lat": 35.0042367, "lng": 135.7656176}, "southwest": {"lat": 35.00282079999999, "lng": 135.7536265}}, "waypoint_order": [], "summary": "\u56db\u6761\u901a\u308a/\u5e9c\u9053186\u53f7", "copyrights": "Map data \u00a92020", "legs": [{"distance": {"text": "1.2 km", "value": 1245}, "traffic_speed_entry": [], "end_address": "614 Nishidaimonjich\u014d, Nakagy\u014d-ku, Kyoto, 604-8054, Japan", "via_waypoint": [], "start_address": "545 Ishiizutsuch\u014d, Shimogy\u014d-ku, Kyoto, 600-8496, Japan", "start_location": {"lat": 35.00282079999999, "lng": 135.7536276}, "steps": [{"html_instructions": "Head <b>north</b> on <b>\u6cb9\u5c0f\u8def\u901a\u308a</b> toward <b>\u56db\u6761\u901a\u308a</b>/<wbr/><b>\u5e9c\u9053186\u53f7</b>", "distance": {"text": "94 m", "value": 94}, "travel_mode": "DRIVING", "start_location": {"lat": 35.00282079999999, "lng": 135.7536276}, "polyline": {"points": "snstEekq{X[?u@?wA?"}, "duration": {"text": "1 min", "value": 32}, "end_location": {"lat": 35.00366710000001, "lng": 135.7536266}}, {"html_instructions": "Turn <b>right</b> onto <b>\u56db\u6761\u901a\u308a</b>/<wbr/><b>\u5e9c\u9053186\u53f7</b>", "distance": {"text": "1.1 km", "value": 1090}, "travel_mode": "DRIVING", "maneuver": "turn-right", "start_location": {"lat": 35.00366710000001, "lng": 135.7536266}, "polyline": {"points": "}sstEekq{X?A?cBAyA?iB?GAqAAS?q@?G@C?AAcC?aB@}A?cB?G@wA?cA?o@@uA?W?wA?S@]AS?U?U?M?]?Y?c@?k@?_AAK?M?aA?Y?e@?q@Ak@?C?S?M?G@O?W?A?OAKAK?E?e@@O?k@A_B?k@?k@?I?OAaA"}, "duration": {"text": "6 mins", "value": 354}, "end_location": {"lat": 35.0037075, "lng": 135.7655858}}, {"html_instructions": "Turn <b>left</b> onto <b>\u9ea9\u5c4b\u753a\u901a\u308a</b><div style=\"font-size:0.9em\">Destination will be on the left</div>", "distance": {"text": "61 m", "value": 61}, "travel_mode": "DRIVING", "maneuver": "turn-left", "start_location": {"lat": 35.0037075, "lng": 135.7655858}, "polyline": {"points": "etstE}us{X?CE?G?O?i@?M?SA"}, "duration": {"text": "1 min", "value": 29}, "end_location": {"lat": 35.0042367, "lng": 135.7656176}}], "duration": {"text": "7 mins", "value": 415}, "end_location": {"lat": 35.0042367, "lng": 135.7656176}}]}], "status": "OK", "geocoded_waypoints": [{"place_id": "ChIJBaX6Ep0IAWARhP9W-tKraoM", "geocoder_status": "OK", "types": ["premise"]}, {"place_id": "ChIJdWC9v5YIAWAREovymB4AXTk", "geocoder_status": "OK", "types": ["street_address"]}]}