{"routes": [{"overview_polyline": {"points": "sostEcyq{XCKgBGc@?@E?gL@sE@aHC}N@}@Ci@?iHAqHGsGCsFmEFyAB_AD{@B@T?ZC~BEAg@BoCHSCI??`AAB"}, "warnings": [], "bounds": {"northeast": {"lat": 35.0069925, "lng": 135.769309}, "southwest": {"lat": 35.0029818, "lng": 135.7558632}}, "waypoint_order": [], "summary": "\u56db\u6761\u901a\u308a/\u5e9c\u9053186\u53f7", "copyrights": "Map data \u00a92019", "legs": [{"distance": {"text": "1.8 km", "value": 1772}, "traffic_speed_entry": [], "end_address": "487 Nakasujich\u014d, Nakagy\u014d-ku, Kyoto, 604-8047, Japan", "via_waypoint": [], "start_address": "734 Shinkamanzach\u014d, Shimogy\u014d-ku, Kyoto, 600-8471, Japan", "start_location": {"lat": 35.0029818, "lng": 135.7558632}, "steps": [{"html_instructions": "Head <b>north</b> toward <b>\u56db\u6761\u901a\u308a</b>/<wbr/><b>\u5e9c\u9053186\u53f7</b><div style=\"font-size:0.9em\">Closed 8:00 AM \u2013 5:00 PM</div>", "distance": {"text": "85 m", "value": 85}, "travel_mode": "DRIVING", "start_location": {"lat": 35.0029818, "lng": 135.7558632}, "polyline": {"points": "sostEcyq{X?C?A?A?AAAA?AAA?i@Ay@CO?S?"}, "duration": {"text": "1 min", "value": 31}, "end_location": {"lat": 35.0036993, "lng": 135.7559562}}, {"html_instructions": "Turn <b>right</b> onto <b>\u56db\u6761\u901a\u308a</b>/<wbr/><b>\u5e9c\u9053186\u53f7</b>", "distance": {"text": "1.2 km", "value": 1217}, "travel_mode": "DRIVING", "maneuver": "turn-right", "start_location": {"lat": 35.0036993, "lng": 135.7559562}, "polyline": {"points": "ctstEwyq{X@C?AAcC?aB@}A?cB?G@wA?cA?o@@uA?W?wA?S@]AS?U?U?M?]?Y?c@?k@?_AAK?M?aA?Y?e@?q@Ak@?C?S?M?G@O?W?A?OAKAK?E?e@@O?k@A_B?k@?k@?I?OAaA?C?cC?M?c@?U?O?a@Ak@?QAgAA[A{@?Q?A?IA{@?[?OAa@?O?c@?k@"}, "duration": {"text": "7 mins", "value": 435}, "end_location": {"lat": 35.0037747, "lng": 135.769309}}, {"html_instructions": "Turn <b>left</b> at <b>\u56db\u6761\u6cb3\u539f\u753a\uff08\u4ea4\u5dee\u70b9\uff09</b> onto <b>\u6cb3\u539f\u753a\u901a\u308a</b>/<wbr/><b>\u5e9c\u905332\u53f7</b><div style=\"font-size:0.9em\">Pass by FamilyMart Shijo-Kawaramachi (on the right)</div>", "distance": {"text": "0.2 km", "value": 234}, "travel_mode": "DRIVING", "maneuver": "turn-left", "start_location": {"lat": 35.0037747, "lng": 135.769309}, "polyline": {"points": "qtstEemt{Xc@@c@?[@O?S?M?S@c@@O?M?c@@W@[@c@B{@B"}, "duration": {"text": "1 min", "value": 73}, "end_location": {"lat": 35.0058728, "lng": 135.769196}}, {"html_instructions": "Turn <b>left</b> onto <b>\u86f8\u85ac\u5e2b\u901a\u308a</b><div style=\"font-size:0.9em\">Closed 1:00 \u2013 3:00 PM</div>", "distance": {"text": "81 m", "value": 81}, "travel_mode": "DRIVING", "maneuver": "turn-left", "start_location": {"lat": 35.0058728, "lng": 135.769196}, "polyline": {"points": "uattEolt{X@T?T?DC~B"}, "duration": {"text": "1 min", "value": 33}, "end_location": {"lat": 35.0058768, "lng": 135.7683127}}, {"html_instructions": "Turn <b>right</b>", "distance": {"text": "0.1 km", "value": 123}, "travel_mode": "DRIVING", "maneuver": "turn-right", "start_location": {"lat": 35.0058768, "lng": 135.7683127}, "polyline": {"points": "wattE}ft{XEAG@_@@wBFW@A?EAGAC?E?C?"}, "duration": {"text": "1 min", "value": 44}, "end_location": {"lat": 35.006981, "lng": 135.7682719}}, {"html_instructions": "Turn <b>left</b><div style=\"font-size:0.9em\">Destination will be on the left</div>", "distance": {"text": "32 m", "value": 32}, "travel_mode": "DRIVING", "maneuver": "turn-left", "start_location": {"lat": 35.006981, "lng": 135.7682719}, "polyline": {"points": "shttEuft{X?t@?JA??@?@"}, "duration": {"text": "1 min", "value": 18}, "end_location": {"lat": 35.0069925, "lng": 135.7679241}}], "duration": {"text": "11 mins", "value": 634}, "end_location": {"lat": 35.0069925, "lng": 135.7679241}}]}], "status": "OK", "geocoded_waypoints": [{"place_id": "ChIJt_ImZ5wIAWARCYvGidaZKeA", "geocoder_status": "OK", "types": ["street_address"]}, {"place_id": "ChIJTchT8pMIAWARz0W8L2se84U", "geocoder_status": "OK", "types": ["establishment", "place_of_worship", "point_of_interest", "tourist_attraction"]}]}