{"routes": [{"overview_polyline": {"points": "whttEe~s{X`DB@}@kEK@[@u@BKBIBADE?Sc@?A?CC?M@q@WEg@EG?@c@?YAe@?q@cAD_DFmADsA@{F?IhA@VFvCDbB@tL@lJ?rL?zLAvCp@?jC@rECb@AF?@`@?`@?dB?tB@jF"}, "warnings": [], "bounds": {"northeast": {"lat": 35.0109079, "lng": 135.7690677}, "southwest": {"lat": 35.0061825, "lng": 135.7554284}}, "waypoint_order": [], "summary": "\u5fa1\u6c60\u901a\u308a/\u5e9c\u905337\u53f7", "copyrights": "Map data \u00a92019", "legs": [{"distance": {"text": "2.3 km", "value": 2299}, "traffic_speed_entry": [], "end_address": "Japan, \u3012604-8241 Kyoto, Nakagy\u014d-ku, \u4e09\u6761\u901a\u65b0\u753a\u897f\u5165\u91dc\u5ea7\u753a\uff16", "via_waypoint": [], "start_address": "Japan, \u3012604-8061 Kyoto, Nakagy\u014d-ku, \u5bfa\u753a\u901a\u516d\u89d2\u4e0b\u308b\u5f0f\u90e8\u753a\uff12\uff14\uff19", "start_location": {"lat": 35.00700339999999, "lng": 135.7669088}, "steps": [{"html_instructions": "Head <b>south</b> on <b>\u5bfa\u753a\u901a\u308a</b> toward <b>\u86f8\u85ac\u5e2b\u901a\u308a</b>", "distance": {"text": "91 m", "value": 91}, "travel_mode": "DRIVING", "start_location": {"lat": 35.00700339999999, "lng": 135.7669088}, "polyline": {"points": "whttEe~s{X`DB"}, "duration": {"text": "1 min", "value": 33}, "end_location": {"lat": 35.0061863, "lng": 135.7668873}}, {"html_instructions": "Turn <b>left</b> onto <b>\u86f8\u85ac\u5e2b\u901a\u308a</b><div style=\"font-size:0.9em\">Closed 5:00 \u2013 10:00 AM</div>", "distance": {"text": "28 m", "value": 28}, "travel_mode": "DRIVING", "maneuver": "turn-left", "start_location": {"lat": 35.0061863, "lng": 135.7668873}, "polyline": {"points": "ucttEa~s{X@}@"}, "duration": {"text": "1 min", "value": 10}, "end_location": {"lat": 35.0061825, "lng": 135.7671978}}, {"html_instructions": "Turn <b>left</b> onto <b>\u65b0\u4eac\u6975</b><div style=\"font-size:0.9em\">Closed 5:00 \u2013 10:00 AM</div>", "distance": {"text": "0.1 km", "value": 113}, "travel_mode": "DRIVING", "maneuver": "turn-left", "start_location": {"lat": 35.0061825, "lng": 135.7671978}, "polyline": {"points": "scttE_`t{XkEK"}, "duration": {"text": "1 min", "value": 44}, "end_location": {"lat": 35.0071957, "lng": 135.7672647}}, {"html_instructions": "Turn <b>right</b> at <b>\u516d\u89d2\u901a\u308a</b>", "distance": {"text": "64 m", "value": 64}, "travel_mode": "DRIVING", "maneuver": "turn-right", "start_location": {"lat": 35.0071957, "lng": 135.7672647}, "polyline": {"points": "_jttEk`t{X@[@e@?OBI?A@C?A@A?A@?@A@?@??A@??A?A?S"}, "duration": {"text": "1 min", "value": 26}, "end_location": {"lat": 35.0070882, "lng": 135.7679204}}, {"html_instructions": "Turn <b>left</b> toward <b>\u516d\u89d2\u901a\u308a</b>", "distance": {"text": "54 m", "value": 54}, "travel_mode": "DRIVING", "maneuver": "turn-left", "start_location": {"lat": 35.0070882, "lng": 135.7679204}, "polyline": {"points": "iittEodt{Xc@?A?A??AAA?A?A?A?G@o@?A"}, "duration": {"text": "1 min", "value": 15}, "end_location": {"lat": 35.0072872, "lng": 135.7682641}}, {"html_instructions": "Turn <b>left</b> toward <b>\u516d\u89d2\u901a\u308a</b>", "distance": {"text": "41 m", "value": 41}, "travel_mode": "DRIVING", "maneuver": "turn-left", "start_location": {"lat": 35.0072872, "lng": 135.7682641}, "polyline": {"points": "qjttEsft{XICMASASCG?"}, "duration": {"text": "1 min", "value": 18}, "end_location": {"lat": 35.0076493, "lng": 135.7683186}}, {"html_instructions": "Turn <b>right</b> onto <b>\u516d\u89d2\u901a\u308a</b>", "distance": {"text": "68 m", "value": 68}, "travel_mode": "DRIVING", "maneuver": "turn-right", "start_location": {"lat": 35.0076493, "lng": 135.7683186}, "polyline": {"points": "ylttE_gt{X@c@?K?M?AAc@?Y?W"}, "duration": {"text": "1 min", "value": 26}, "end_location": {"lat": 35.0076522, "lng": 135.7690677}}, {"html_instructions": "Turn <b>left</b> onto <b>\u6cb3\u539f\u753a\u901a\u308a</b>/<wbr/><b>\u5e9c\u905332\u53f7</b>", "distance": {"text": "0.4 km", "value": 357}, "travel_mode": "DRIVING", "maneuver": "turn-left", "start_location": {"lat": 35.0076522, "lng": 135.7690677}, "polyline": {"points": "ylttEukt{XS@o@Bi@@]@c@@s@@KBO?W@Y?W?I?g@?I@EAsB@S?mB?"}, "duration": {"text": "2 mins", "value": 96}, "end_location": {"lat": 35.0108633, "lng": 135.7689609}}, {"html_instructions": "Turn <b>left</b> at <b>\u6cb3\u539f\u753a\u5fa1\u6c60\uff08\u4ea4\u5dee\u70b9\uff09</b> onto <b>\u5fa1\u6c60\u901a\u308a</b>/<wbr/><b>\u5e9c\u905337\u53f7</b>", "distance": {"text": "1.0 km", "value": 997}, "travel_mode": "DRIVING", "maneuver": "turn-left", "start_location": {"lat": 35.0108633, "lng": 135.7689609}, "polyline": {"points": "{`utE_kt{XEn@CX@L?H?J@f@BtA@L?P@`@@Z@R?|@?V?~@?f@?R?pA?jA@dA?jB@fB@rAAdA?jA?tE?vA?x@?hB?p@AfB?T@vA?N?V?`@?nAAfA"}, "duration": {"text": "4 mins", "value": 211}, "end_location": {"lat": 35.0108185, "lng": 135.7580265}}, {"html_instructions": "Turn <b>left</b> onto <b>\u5ba4\u753a\u901a\u308a</b>", "distance": {"text": "0.2 km", "value": 248}, "travel_mode": "DRIVING", "maneuver": "turn-left", "start_location": {"lat": 35.0108185, "lng": 135.7580265}, "polyline": {"points": "s`utEufr{Xj@?D?P?h@?p@@\\?D?B?lDCZ?T?LAF?"}, "duration": {"text": "1 min", "value": 66}, "end_location": {"lat": 35.0085851, "lng": 135.7580452}}, {"html_instructions": "Turn <b>right</b> onto <b>\u4e09\u6761\u901a\u308a</b><div style=\"font-size:0.9em\">Destination will be on the right</div>", "distance": {"text": "0.2 km", "value": 238}, "travel_mode": "DRIVING", "maneuver": "turn-right", "start_location": {"lat": 35.0085851, "lng": 135.7580452}, "polyline": {"points": "urttEyfr{X@`@?`@?xA?J?nA?@?N?R?H?d@?f@?|@?j@@h@"}, "duration": {"text": "1 min", "value": 63}, "end_location": {"lat": 35.0085731, "lng": 135.7554284}}], "duration": {"text": "10 mins", "value": 608}, "end_location": {"lat": 35.0085731, "lng": 135.7554284}}]}], "status": "OK", "geocoded_waypoints": [{"place_id": "ChIJ6a5X5pMIAWARafOU9vOXI8g", "geocoder_status": "OK", "types": ["street_address"]}, {"place_id": "ChIJM3zRwIMIAWARcxZG8Ol5zV4", "geocoder_status": "OK", "types": ["street_address"]}]}