{"routes": [{"overview_polyline": {"points": "{attEgpq{Xc@?K??Bo@@gC?w@?AM?m@?yABA?_C?cDCiH@}DB{BxMC`D?zAA@wA?eA?aGC}F@y@Au@AQ@u@AcFAkHKkN?k@c@@_A@eA@yFN@j@CdCcBD"}, "warnings": [], "bounds": {"northeast": {"lat": 35.0073519, "lng": 135.769309}, "southwest": {"lat": 35.003666, "lng": 135.7544097}}, "waypoint_order": [], "summary": "\u56db\u6761\u901a\u308a/\u5e9c\u9053186\u53f7", "copyrights": "Map data \u00a92020", "legs": [{"distance": {"text": "2.3 km", "value": 2297}, "traffic_speed_entry": [], "end_address": "Japan, \u3012604-8041 Kyoto, Nakagy\u014d-ku, Uraderach\u014d, \uff15\uff19\uff11 \u30e9\u30a6\u30f3\u30c9 \u30a2\u30d0\u30a6\u30c8 5TH \u30d3\u30eb 2F", "via_waypoint": [], "start_address": "Japan, \u3012604-8231 Kyoto, Nakagy\u014d-ku, Motohonn\u014dji Minamich\u014d, \u86f8\u85ac\u5e2b\u901a\u6cb9\u5c0f\u8def\u6771\u5165\u5143\u672c\u80fd\u5bfa\u5357\u753a346", "start_location": {"lat": 35.00589920000001, "lng": 135.7544406}, "steps": [{"html_instructions": "Head <b>north</b> on <b>\u5c0f\u5ddd\u901a\u308a</b> toward <b>\u86f8\u85ac\u5e2b\u901a\u308a</b>", "distance": {"text": "0.2 km", "value": 163}, "travel_mode": "DRIVING", "start_location": {"lat": 35.00589920000001, "lng": 135.7544406}, "polyline": {"points": "{attEgpq{XI?Y?K??BO@_@?s@?sA?S?c@?"}, "duration": {"text": "1 min", "value": 60}, "end_location": {"lat": 35.00734449999999, "lng": 135.7544097}}, {"html_instructions": "Turn <b>right</b> onto <b>\u516d\u89d2\u901a\u308a</b>", "distance": {"text": "0.5 km", "value": 474}, "travel_mode": "DRIVING", "maneuver": "turn-right", "start_location": {"lat": 35.00734449999999, "lng": 135.7544097}, "polyline": {"points": "{jttEapq{XAE?G?[?Q?yABA?W?gB?A?aDAuB?{@?oBAG?]?k@@q@?aA?o@@e@?Q"}, "duration": {"text": "2 mins", "value": 145}, "end_location": {"lat": 35.00732920000001, "lng": 135.7595916}}, {"html_instructions": "Turn <b>right</b> onto <b>\u70cf\u4e38\u901a\u308a</b>/<wbr/><b>\u56fd\u9053367\u53f7</b>", "distance": {"text": "0.4 km", "value": 415}, "travel_mode": "DRIVING", "maneuver": "turn-right", "start_location": {"lat": 35.00732920000001, "lng": 135.7595916}, "polyline": {"points": "yjttEmpr{X@StCArA?T?tA?b@?fA?N?FA`@?@?b@?r@?B?B?J?P?hAAP?@?"}, "duration": {"text": "2 mins", "value": 109}, "end_location": {"lat": 35.0036692, "lng": 135.7597219}}, {"html_instructions": "Turn <b>left</b> at <b>\u56db\u6761\u70cf\u4e38\uff08\u4ea4\u5dee\u70b9\uff09</b> onto <b>\u56db\u6761\u901a\u308a</b>/<wbr/><b>\u5e9c\u9053186\u53f7</b> (signs for <b>Gion</b>)", "distance": {"text": "0.9 km", "value": 874}, "travel_mode": "DRIVING", "maneuver": "turn-left", "start_location": {"lat": 35.0036692, "lng": 135.7597219}, "polyline": {"points": "}sstEgqr{X?wA?S@]AS?U?U?M?]?Y?c@?k@?_AAK?M?aA?Y?e@?q@Ak@?C?S?M?G@O?W?A?OAKAK?E?e@@O?k@A_B?k@?k@?I?OAaA?C?cC?M?c@?U?O?a@Ak@?QAgAA[A{@?Q?A?IA{@?[?OAa@?O?c@?k@"}, "duration": {"text": "5 mins", "value": 302}, "end_location": {"lat": 35.0037747, "lng": 135.769309}}, {"html_instructions": "Turn <b>left</b> at <b>\u56db\u6761\u6cb3\u539f\u753a\uff08\u4ea4\u5dee\u70b9\uff09</b> onto <b>\u6cb3\u539f\u753a\u901a\u308a</b>/<wbr/><b>\u5e9c\u905332\u53f7</b><div style=\"font-size:0.9em\">Pass by FamilyMart Shijo-Kawaramachi (on the right)</div>", "distance": {"text": "0.2 km", "value": 234}, "travel_mode": "DRIVING", "maneuver": "turn-left", "start_location": {"lat": 35.0037747, "lng": 135.769309}, "polyline": {"points": "qtstEemt{Xc@@c@?[@O?S?M?S@c@@O?M?c@@W@[@c@B{@B"}, "duration": {"text": "1 min", "value": 73}, "end_location": {"lat": 35.0058728, "lng": 135.769196}}, {"html_instructions": "Turn <b>left</b> onto <b>\u86f8\u85ac\u5e2b\u901a\u308a</b><div style=\"font-size:0.9em\">Closed 1:00 \u2013 3:00 PM</div>", "distance": {"text": "81 m", "value": 81}, "travel_mode": "DRIVING", "maneuver": "turn-left", "start_location": {"lat": 35.0058728, "lng": 135.769196}, "polyline": {"points": "uattEolt{X@T?T?DC~B"}, "duration": {"text": "1 min", "value": 33}, "end_location": {"lat": 35.0058768, "lng": 135.7683127}}, {"html_instructions": "Turn <b>right</b>", "distance": {"text": "56 m", "value": 56}, "travel_mode": "DRIVING", "maneuver": "turn-right", "start_location": {"lat": 35.0058768, "lng": 135.7683127}, "polyline": {"points": "wattE}ft{XEAG@_@@u@B"}, "duration": {"text": "1 min", "value": 20}, "end_location": {"lat": 35.0063807, "lng": 135.7682812}}], "duration": {"text": "12 mins", "value": 742}, "end_location": {"lat": 35.0063807, "lng": 135.7682812}}]}], "status": "OK", "geocoded_waypoints": [{"place_id": "ChIJW7kY54IIAWARvElke-Oliic", "geocoder_status": "OK", "types": ["establishment", "point_of_interest"]}, {"place_id": "ChIJn5yHfJQIAWARGYRWe2tuin8", "geocoder_status": "OK", "types": ["establishment", "hair_care", "point_of_interest"]}]}