{"routes": [{"overview_polyline": {"points": "epstEszs{XtHBn@BzCFhA@?O?oBO?BoC?_@"}, "warnings": [], "bounds": {"northeast": {"lat": 35.00307, "lng": 135.7677674}, "southwest": {"lat": 35.0001268, "lng": 135.7662466}}, "waypoint_order": [], "summary": "\u5fa1\u5e78\u753a\u901a\u308a and \u9ad8\u8fbb\u901a\u308a", "copyrights": "Map data \u00a92020", "legs": [{"distance": {"text": "0.5 km", "value": 474}, "traffic_speed_entry": [], "end_address": "373-1 K\u014dtakech\u014d, Shimogy\u014d-ku, Kyoto, 600-8034, Japan", "via_waypoint": [], "start_address": "Japan, \u3012600-8031 Kyoto, Shimogy\u014d-ku, Teianmaenoch\u014d, \u56db\u6761\u4e0b\u30eb\u8c9e\u5b89\u524d\u4e4b\u753a605", "start_location": {"lat": 35.00307, "lng": 135.7663443}, "steps": [{"html_instructions": "Head <b>south</b> on <b>\u5fa1\u5e78\u753a\u901a\u308a</b> toward <b>\u7dbe\u5c0f\u8def\u901a\u308a</b>", "distance": {"text": "0.3 km", "value": 327}, "travel_mode": "DRIVING", "start_location": {"lat": 35.00307, "lng": 135.7663443}, "polyline": {"points": "epstEszs{X@?d@?b@?L@H?J?BAH?P?V?dA@P?J?T@R?R?D@D?N@l@@lBDhA@"}, "duration": {"text": "2 mins", "value": 98}, "end_location": {"lat": 35.000128, "lng": 135.7662466}}, {"html_instructions": "Turn <b>left</b> at <b>\u5fa1\u5e78\u753a\u901a\uff08\u4ea4\u5dee\u70b9\uff09</b> onto <b>\u9ad8\u8fbb\u901a\u308a</b>", "distance": {"text": "0.1 km", "value": 147}, "travel_mode": "DRIVING", "maneuver": "turn-left", "start_location": {"lat": 35.000128, "lng": 135.7662466}, "polyline": {"points": "y}rtEazs{X?O?oBO?@yA@u@?U?I"}, "duration": {"text": "1 min", "value": 57}, "end_location": {"lat": 35.0001936, "lng": 135.7677674}}], "duration": {"text": "3 mins", "value": 155}, "end_location": {"lat": 35.0001936, "lng": 135.7677674}}]}], "status": "OK", "geocoded_waypoints": [{"place_id": "ChIJSTKwMpIIAWARdW_vLkFKF5c", "geocoder_status": "OK", "types": ["establishment", "point_of_interest", "shoe_store", "store"]}, {"place_id": "ChIJebmQXL4IAWARaXXSTA0o0oc", "geocoder_status": "OK", "types": ["street_address"]}]}