{"routes": [{"overview_polyline": {"points": "gsttEckq{X}B?uAAEA?B_@?cADqBF_@??R?dDDpCx@AtDBpF?rFJpCC`DAfAA`BAAa@?wD?i@?uABiE?G"}, "warnings": [], "bounds": {"northeast": {"lat": 35.0110008, "lng": 135.7546459}, "southwest": {"lat": 35.0049427, "lng": 135.7518243}}, "waypoint_order": [], "summary": "\u5800\u5ddd\u901a\u308a/\u978d\u99ac\u8857\u9053/\u5e9c\u905338\u53f7", "copyrights": "Map data \u00a92020", "legs": [{"distance": {"text": "1.3 km", "value": 1333}, "traffic_speed_entry": [], "end_address": "Japan, \u3012604-8232 Kyoto, Nakagy\u014d-ku, \u9326\u5c0f\u8def\u901a\u897f\u6d1e\u9662\u897f\u5165\u7a7a\u4e5f\u753a\uff14\uff19\uff19", "via_waypoint": [], "start_address": "Japan, \u3012604-8262 Kyoto, Nakagy\u014d-ku, S\u014drinch\u014d, \u6cb9\u5c0f\u8def\u901a\u4e09\u6761\u4e0a\u308b\u2212\uff18\uff12", "start_location": {"lat": 35.0086812, "lng": 135.7536243}, "steps": [{"html_instructions": "Head <b>north</b> on <b>\u6cb9\u5c0f\u8def\u901a\u308a</b> toward <b>\u59c9\u5c0f\u8def\u901a\u308a</b>", "distance": {"text": "0.3 km", "value": 259}, "travel_mode": "DRIVING", "start_location": {"lat": 35.0086812, "lng": 135.7536243}, "polyline": {"points": "gsttEckq{Xi@?iA?E?C?q@Ac@?EA?BE?Y?e@@]Bw@BK?m@B_@?"}, "duration": {"text": "1 min", "value": 78}, "end_location": {"lat": 35.0109955, "lng": 135.7535472}}, {"html_instructions": "Turn <b>left</b> onto <b>\u5fa1\u6c60\u901a\u308a</b>/<wbr/><b>\u5e9c\u905337\u53f7</b>", "distance": {"text": "0.1 km", "value": 138}, "travel_mode": "DRIVING", "maneuver": "turn-left", "start_location": {"lat": 35.0109955, "lng": 135.7535472}, "polyline": {"points": "wautEujq{X?R?zA?hA@lA?@@b@"}, "duration": {"text": "1 min", "value": 53}, "end_location": {"lat": 35.010978, "lng": 135.7520364}}, {"html_instructions": "Turn <b>left</b> at <b>\u5800\u5ddd\u5fa1\u6c60\uff08\u4ea4\u5dee\u70b9\uff09</b> onto <b>\u5800\u5ddd\u901a\u308a</b>/<wbr/><b>\u978d\u99ac\u8857\u9053</b>/<wbr/><b>\u5e9c\u905338\u53f7</b>", "distance": {"text": "0.7 km", "value": 683}, "travel_mode": "DRIVING", "maneuver": "turn-left", "start_location": {"lat": 35.010978, "lng": 135.7520364}, "polyline": {"points": "sautEgaq{X@\\NAN?J?L?J@hD@xCAvA@rFJpCC|AAbA?b@?b@A`BA"}, "duration": {"text": "2 mins", "value": 107}, "end_location": {"lat": 35.0049466, "lng": 135.7518655}}, {"html_instructions": "Turn <b>left</b> onto <b>\u9326\u5c0f\u8def\u901a\u308a</b><div style=\"font-size:0.9em\">Destination will be on the right</div>", "distance": {"text": "0.3 km", "value": 253}, "travel_mode": "DRIVING", "maneuver": "turn-left", "start_location": {"lat": 35.0049466, "lng": 135.7518655}, "polyline": {"points": "}{stEe`q{XAa@?mA?iB?c@?E?I?]?e@?G?E?A@_B?_@?S?C@C?e@?G"}, "duration": {"text": "1 min", "value": 69}, "end_location": {"lat": 35.00494279999999, "lng": 135.7546459}}], "duration": {"text": "5 mins", "value": 307}, "end_location": {"lat": 35.00494279999999, "lng": 135.7546459}}]}], "status": "OK", "geocoded_waypoints": [{"place_id": "ChIJDWhAIYIIAWAR_ADh4YjkATM", "geocoder_status": "OK", "types": ["street_address"]}, {"place_id": "ChIJp18Y1ZwIAWARYvgkny5Ctyc", "geocoder_status": "OK", "types": ["street_address"]}]}