{"routes": [{"overview_polyline": {"points": "}sstEuvr{XCoN@y@Au@AQ@u@AcFAkHGaHCiE?k@c@@_A@eA@yFNcJXkCHwABC}@YeFAq@OqDKgBAc@s@AQ?"}, "warnings": [], "bounds": {"northeast": {"lat": 35.0094477, "lng": 135.772311}, "southwest": {"lat": 35.0036681, "lng": 135.760587}}, "waypoint_order": [], "summary": "\u56db\u6761\u901a\u308a/\u5e9c\u9053186\u53f7 and \u6cb3\u539f\u753a\u901a\u308a/\u5e9c\u905332\u53f7", "copyrights": "Map data \u00a92020", "legs": [{"distance": {"text": "1.7 km", "value": 1695}, "traffic_speed_entry": [], "end_address": "Japan, \u3012605-0009 Kyoto, Higashiyama-ku, \u014chashich\u014d, \u4e09\u6761\u5927\u6a4b\u6771\u8a70 Sanjo Station", "via_waypoint": [{"step_interpolation": 0.4179739220260345, "location": {"lat": 35.0058728, "lng": 135.769196}, "step_index": 1}], "start_address": "Karasuma Station, Naginatabokoch\u014d, Shimogy\u014d-ku, Kyoto, 600-8008, Japan", "start_location": {"lat": 35.0036681, "lng": 135.760587}, "steps": [{"html_instructions": "Head <b>east</b> on <b>\u56db\u6761\u901a\u308a</b>/<wbr/><b>\u5e9c\u9053186\u53f7</b> toward <b>\u6771\u6d1e\u9662\u901a\u308a</b>", "distance": {"text": "0.8 km", "value": 795}, "travel_mode": "DRIVING", "start_location": {"lat": 35.0036681, "lng": 135.760587}, "polyline": {"points": "}sstEuvr{X?E?U?M?]?Y?c@?k@?_AAK?M?aA?Y?e@?q@Ak@?C?S?M?G@O?W?A?OAKAK?E?e@@O?k@A_B?k@?k@?I?OAaA?C?cC?M?c@?U?O?a@Ak@?QAgAA[A{@?Q?A?IA{@?[?OAa@?O?c@?k@"}, "duration": {"text": "5 mins", "value": 272}, "end_location": {"lat": 35.0037747, "lng": 135.769309}}, {"html_instructions": "Turn <b>left</b> at <b>\u56db\u6761\u6cb3\u539f\u753a\uff08\u4ea4\u5dee\u70b9\uff09</b> onto <b>\u6cb3\u539f\u753a\u901a\u308a</b>/<wbr/><b>\u5e9c\u905332\u53f7</b><div style=\"font-size:0.9em\">Pass by FamilyMart Shijo-Kawaramachi (on the right)</div>", "distance": {"text": "0.6 km", "value": 559}, "travel_mode": "DRIVING", "maneuver": "turn-left", "start_location": {"lat": 35.0037747, "lng": 135.769309}, "polyline": {"points": "qtstEemt{Xc@@c@?[@O?S?M?S@c@@O?M?c@@W@[@c@B{@B{@Dy@Bc@@s@Bc@@C?gAFe@?S@o@Bi@@]@c@@s@@"}, "duration": {"text": "3 mins", "value": 157}, "end_location": {"lat": 35.0087929, "lng": 135.7689951}}, {"html_instructions": "Turn <b>right</b> at <b>\u6cb3\u539f\u753a\u4e09\u6761\uff08\u4ea4\u5dee\u70b9\uff09</b> onto <b>\u4e09\u6761\u901a\u308a</b>", "distance": {"text": "0.3 km", "value": 303}, "travel_mode": "DRIVING", "maneuver": "turn-right", "start_location": {"lat": 35.0087929, "lng": 135.7689951}, "polyline": {"points": "}sttEgkt{XCg@?UASACS_EAM?E@GAKAW?QCg@AOAOASAYASAUIwA?EAE?C?EA]"}, "duration": {"text": "2 mins", "value": 110}, "end_location": {"lat": 35.0091024, "lng": 135.772299}}, {"html_instructions": "Turn <b>left</b> at <b>\u4e09\u6761\u5927\u6a4b\uff08\u4ea4\u5dee\u70b9\uff09</b> onto <b>\u5ddd\u7aef\u901a\u308a</b>/<wbr/><b>\u5e9c\u905337\u53f7</b>", "distance": {"text": "38 m", "value": 38}, "travel_mode": "DRIVING", "maneuver": "turn-left", "start_location": {"lat": 35.0091024, "lng": 135.772299}, "polyline": {"points": "{uttE{_u{Xk@AG?Q?"}, "duration": {"text": "1 min", "value": 13}, "end_location": {"lat": 35.0094477, "lng": 135.772311}}], "duration": {"text": "9 mins", "value": 552}, "end_location": {"lat": 35.0094477, "lng": 135.772311}}]}], "status": "OK", "geocoded_waypoints": [{"place_id": "ChIJF7FjtZsIAWARqv03I6L2lzs", "geocoder_status": "OK", "types": ["establishment", "point_of_interest", "train_station", "transit_station"]}, {"place_id": "ChIJx9ZC8pQIAWARRuYg8HBIoig", "geocoder_status": "OK", "types": ["establishment", "point_of_interest"]}, {"place_id": "ChIJf4friesIAWARLyrpc9w6duk", "geocoder_status": "OK", "types": ["establishment", "point_of_interest", "train_station", "transit_station"]}]}