{"routes": [{"overview_polyline": {"points": "yjttEewr{XAiA@IE?AyA?iA"}, "warnings": [], "bounds": {"northeast": {"lat": 35.0073704, "lng": 135.7619051}, "southwest": {"lat": 35.0073317, "lng": 135.7606665}}, "waypoint_order": [], "summary": "\u516d\u89d2\u901a\u308a", "copyrights": "Map data \u00a92020", "legs": [{"distance": {"text": "0.1 km", "value": 116}, "traffic_speed_entry": [], "end_address": "Japan, \u3012604-8133 Kyoto, Nakagy\u014d-ku, \u516d\u89d2\u901a\u6771\u6d1e\u9662\u6771\u5165\u6ed5\u5c4b\u753a\uff11\uff18\uff17", "via_waypoint": [], "start_address": "250 D\u014dnomaech\u014d, Nakagy\u014d-ku, Kyoto, 604-8134, Japan", "start_location": {"lat": 35.0073317, "lng": 135.7606665}, "steps": [{"html_instructions": "Head <b>east</b> on <b>\u516d\u89d2\u901a\u308a</b> toward <b>\u6771\u6d1e\u9662\u901a\u308a</b><div style=\"font-size:0.9em\">Destination will be on the right</div>", "distance": {"text": "0.1 km", "value": 116}, "travel_mode": "DRIVING", "start_location": {"lat": 35.0073317, "lng": 135.7606665}, "polyline": {"points": "yjttEewr{XAy@?O@IE?Am@?k@?W?q@"}, "duration": {"text": "1 min", "value": 32}, "end_location": {"lat": 35.0073704, "lng": 135.7619051}}], "duration": {"text": "1 min", "value": 32}, "end_location": {"lat": 35.0073704, "lng": 135.7619051}}]}], "status": "OK", "geocoded_waypoints": [{"place_id": "ChIJi5gNs5oIAWARJbnyuzillTQ", "geocoder_status": "OK", "types": ["street_address"]}, {"place_id": "ChIJiS5iC5AIAWARfbsrIxMaiXw", "geocoder_status": "OK", "types": ["street_address"]}]}