{"routes": [{"overview_polyline": {"points": "mpttEuyr{XdKEhD?hA?L@AgA?S?UA_B?gA?OC?{@A"}, "warnings": [], "bounds": {"northeast": {"lat": 35.0082278, "lng": 135.7625893}, "southwest": {"lat": 35.0049928, "lng": 135.761072}}, "waypoint_order": [], "summary": "\u6771\u6d1e\u9662\u901a\u308a and \u9326\u5c0f\u8def\u901a\u308a", "copyrights": "Map data \u00a92020", "legs": [{"distance": {"text": "0.5 km", "value": 531}, "traffic_speed_entry": [], "end_address": "569-2 Kaiyach\u014d, Nakagy\u014d-ku, Kyoto, 604-8126, Japan", "via_waypoint": [], "start_address": "38 Hishiyach\u014d, Nakagy\u014d-ku, Kyoto, 604-8131, Japan", "start_location": {"lat": 35.0082278, "lng": 135.761072}, "steps": [{"html_instructions": "Head <b>south</b> on <b>\u6771\u6d1e\u9662\u901a\u308a</b> toward <b>\u516d\u89d2\u901a\u308a</b>", "distance": {"text": "0.4 km", "value": 360}, "travel_mode": "DRIVING", "start_location": {"lat": 35.0082278, "lng": 135.761072}, "polyline": {"points": "mpttEuyr{XH?lA?tACD?p@?|AAN?p@?X??AjB@b@?R?t@?L@"}, "duration": {"text": "2 mins", "value": 109}, "end_location": {"lat": 35.0049928, "lng": 135.7610924}}, {"html_instructions": "Turn <b>left</b> onto <b>\u9326\u5c0f\u8def\u901a\u308a</b>", "distance": {"text": "0.1 km", "value": 135}, "travel_mode": "DRIVING", "maneuver": "turn-left", "start_location": {"lat": 35.0049928, "lng": 135.7610924}, "polyline": {"points": "e|stEyyr{XAgA?O?C?E?O?i@?U?QAM?E?aA?O"}, "duration": {"text": "1 min", "value": 65}, "end_location": {"lat": 35.0050072, "lng": 135.7625786}}, {"html_instructions": "Turn <b>left</b> onto <b>\u9ad8\u5009\u901a\u308a</b><div style=\"font-size:0.9em\">Destination will be on the right</div>", "distance": {"text": "36 m", "value": 36}, "travel_mode": "DRIVING", "maneuver": "turn-left", "start_location": {"lat": 35.0050072, "lng": 135.7625786}, "polyline": {"points": "i|stEccs{XC?[A_@?"}, "duration": {"text": "1 min", "value": 20}, "end_location": {"lat": 35.0053276, "lng": 135.7625893}}], "duration": {"text": "3 mins", "value": 194}, "end_location": {"lat": 35.0053276, "lng": 135.7625893}}]}], "status": "OK", "geocoded_waypoints": [{"place_id": "ChIJP0mf_48IAWARCbwEJJgQf9Q", "geocoder_status": "OK", "types": ["premise"]}, {"place_id": "ChIJ31uq6pAIAWAR-65oqhKZYRU", "geocoder_status": "OK", "types": ["premise"]}]}