{"routes": [{"overview_polyline": {"points": "u}stEg_u{XsMUmE@oCAaAAoBAkBC]?@h@AR?t@@jB@tD?t@@vC@`AEn@Af@?TF|CDnC?rCB|SAva@AtGCjAE`A`@@bAA`A?n@?|GAnEA?_C?kA"}, "warnings": [], "bounds": {"northeast": {"lat": 35.0109034, "lng": 135.7723498}, "southwest": {"lat": 35.0052332, "lng": 135.755144}}, "waypoint_order": [], "summary": "\u5fa1\u6c60\u901a\u308a/\u5e9c\u905337\u53f7", "copyrights": "Map data \u00a92020", "legs": [{"distance": {"text": "2.7 km", "value": 2686}, "traffic_speed_entry": [], "end_address": "Japan, \u3012604-8212 Kyoto, Nakagy\u014d-ku, Rokkakuch\u014d, \uff13\uff15\uff11 \u516d\u89d2\u9928\u3055\u304f\u3089\u5802\uff2b\uff39\uff2f\uff34\uff2f", "via_waypoint": [], "start_address": "Japan, \u3012605-0079 Kyoto, Higashiyama-ku, Tokiwach\u014d, \uff11\uff16\uff15\u2212\uff12 \u30bb\u30d6\u30f3\u30d3\u30eb", "start_location": {"lat": 35.0052332, "lng": 135.7722006}, "steps": [{"html_instructions": "Head <b>north</b> on <b>\u5ddd\u7aef\u901a\u308a</b> toward <b>\u65b0\u9580\u524d\u901a\u308a</b>", "distance": {"text": "0.6 km", "value": 630}, "travel_mode": "DRIVING", "start_location": {"lat": 35.0052332, "lng": 135.7722006}, "polyline": {"points": "u}stEg_u{Xi@Ac@AaBEaAAMA_BCkAAg@Aa@?S?[?e@Ae@@a@?C@I?_A?I?Y?k@AG?Q?A?e@AQ?i@Aa@?Q?m@A}@A]?"}, "duration": {"text": "2 mins", "value": 128}, "end_location": {"lat": 35.0109005, "lng": 135.7723498}}, {"html_instructions": "Turn <b>left</b> at <b>\u5ddd\u7aef\u5fa1\u6c60\uff08\u4ea4\u5dee\u70b9\uff09</b> onto <b>\u5fa1\u6c60\u901a\u308a</b>/<wbr/><b>\u5e9c\u905337\u53f7</b> (signs for <b>Horikawaoike</b>)", "distance": {"text": "1.6 km", "value": 1568}, "travel_mode": "DRIVING", "maneuver": "turn-left", "start_location": {"lat": 35.0109005, "lng": 135.7723498}, "polyline": {"points": "cautEe`u{X@h@AJ?F?F?l@@h@?T?T?T?J?P@L?fA?T?J?L?P@L?HAJ?P@|A?x@@`AEn@CX@L?H?J@f@BtA@L?P@`@@Z@R?|@?V?~@?f@?R?pA?jA@dA?jB@fB@rAAdA?jA?tE?vA?x@?hB?p@AfB?T@vA?N?V?`@?nAAfA?F@~AAr@?`@?`B?~@ApACfA?BE`A"}, "duration": {"text": "5 mins", "value": 325}, "end_location": {"lat": 35.0108801, "lng": 135.7551479}}, {"html_instructions": "Turn <b>left</b> onto <b>\u897f\u6d1e\u9662\u901a\u308a</b>", "distance": {"text": "0.4 km", "value": 392}, "travel_mode": "DRIVING", "maneuver": "turn-left", "start_location": {"lat": 35.0108801, "lng": 135.7551479}, "polyline": {"points": "_autEutq{X`@@f@?ZAb@?\\?X?H?F?B?J?fCCX@F?B?x@@@Af@?jE?"}, "duration": {"text": "1 min", "value": 87}, "end_location": {"lat": 35.0073519, "lng": 135.7551641}}, {"html_instructions": "Turn <b>left</b> onto <b>\u516d\u89d2\u901a\u308a</b><div style=\"font-size:0.9em\">Destination will be on the right</div>", "distance": {"text": "0.1 km", "value": 96}, "travel_mode": "DRIVING", "maneuver": "turn-left", "start_location": {"lat": 35.0073519, "lng": 135.7551641}, "polyline": {"points": "}jttEwtq{XBA?W?gB?A?iA"}, "duration": {"text": "1 min", "value": 31}, "end_location": {"lat": 35.0073336, "lng": 135.7561944}}], "duration": {"text": "10 mins", "value": 571}, "end_location": {"lat": 35.0073336, "lng": 135.7561944}}]}], "status": "OK", "geocoded_waypoints": [{"place_id": "ChIJJcJolOoIAWAR0DqB6Q02tNg", "geocoder_status": "OK", "types": ["premise"]}, {"place_id": "ChIJjwxDZIMIAWARu2xgAJN9jvI", "geocoder_status": "OK", "types": ["premise"]}]}