{"routes": [{"overview_polyline": {"points": "arwtEatq{XF??aCB{KAe@?kGwICiKCyC?W?WGo@?a@?a@@?gB@_CEsGEuKGuN?wLD}Hh@gMJsBAKF{A`@eJAsBGmB"}, "warnings": [], "bounds": {"northeast": {"lat": 35.029174, "lng": 135.7765319}, "southwest": {"lat": 35.0237938, "lng": 135.7550472}}, "waypoint_order": [], "summary": "\u4eca\u51fa\u5ddd\u901a\u30ea/\u5e9c\u9053101\u53f7", "copyrights": "Map data \u00a92019", "legs": [{"distance": {"text": "2.5 km", "value": 2548}, "traffic_speed_entry": [], "end_address": "2-26 Tanaka Sekidench\u014d, Saky\u014d-ku, Kyoto, 606-8203, Japan", "via_waypoint": [], "start_address": "254-5 Kikuyach\u014d, Kamigy\u014d-ku, Kyoto, 602-8076, Japan", "start_location": {"lat": 35.02385, "lng": 135.7550479}, "steps": [{"html_instructions": "Head <b>south</b> on <b>\u897f\u6d1e\u9662\u901a\u308a</b> toward <b>\u4e0a\u9577\u8005\u753a\u901a\u308a</b>", "distance": {"text": "4 m", "value": 4}, "travel_mode": "DRIVING", "start_location": {"lat": 35.02385, "lng": 135.7550479}, "polyline": {"points": "arwtEatq{XF?"}, "duration": {"text": "1 min", "value": 1}, "end_location": {"lat": 35.0238132, "lng": 135.7550472}}, {"html_instructions": "Turn <b>left</b> onto <b>\u4e0a\u9577\u8005\u753a\u901a\u308a</b>", "distance": {"text": "0.4 km", "value": 387}, "travel_mode": "DRIVING", "maneuver": "turn-left", "start_location": {"lat": 35.0238132, "lng": 135.7550472}, "polyline": {"points": "yqwtEatq{X?aC@sD@gF?e@A??qA?yD"}, "duration": {"text": "2 mins", "value": 109}, "end_location": {"lat": 35.0237984, "lng": 135.7592858}}, {"html_instructions": "Turn <b>left</b> onto <b>\u70cf\u4e38\u901a\u308a</b>/<wbr/><b>\u56fd\u9053367\u53f7</b>", "distance": {"text": "0.6 km", "value": 589}, "travel_mode": "DRIVING", "maneuver": "turn-left", "start_location": {"lat": 35.0237984, "lng": 135.7592858}, "polyline": {"points": "wqwtEqnr{XcD?K?iAA}AAwCAqA?eA?yAAwB?a@?W?WG]?Q?]?C?A?_@@"}, "duration": {"text": "2 mins", "value": 118}, "end_location": {"lat": 35.0290845, "lng": 135.7593561}}, {"html_instructions": "Turn <b>right</b> at <b>\u70cf\u4e38\u4eca\u51fa\u5ddd\uff08\u4ea4\u5dee\u70b9\uff09</b> onto <b>\u4eca\u51fa\u5ddd\u901a\u30ea</b>/<wbr/><b>\u5e9c\u9053101\u53f7</b> (signs for <b>Hyakumanben</b>)<div style=\"font-size:0.9em\">Destination will be on the left</div>", "distance": {"text": "1.6 km", "value": 1568}, "travel_mode": "DRIVING", "maneuver": "turn-right", "start_location": {"lat": 35.0290845, "lng": 135.7593561}, "polyline": {"points": "wrxtE_or{X?A?eB@y@?G?S?i@?EAa@AkB?k@?g@Ag@?A?A?i@Ai@?I?A?{@?k@CmEA{@?E?CAeC?A?C?E?Y?CA_@?k@?s@Ay@?K?C?u@AaB?eA?aA?y@?C@gA?m@?Y?u@@c@?s@?C@}@?}@@Y?U@W@MBq@@M?GBa@@W?E@ELsCBi@?Q@U@K?M@SJsBAK?EFuALgCLuCBc@@c@?K?[?u@AU?SAe@Ce@AM"}, "duration": {"text": "5 mins", "value": 302}, "end_location": {"lat": 35.0287169, "lng": 135.7765319}}], "duration": {"text": "9 mins", "value": 530}, "end_location": {"lat": 35.0287169, "lng": 135.7765319}}]}], "status": "OK", "geocoded_waypoints": [{"place_id": "ChIJf4iTbXcIAWARHMPHHk0Nlx0", "geocoder_status": "OK", "types": ["premise"]}, {"place_id": "ChIJ-TtP41sIAWARbtFPc87KtFU", "geocoder_status": "OK", "types": ["street_address"]}]}