{"routes": [{"overview_polyline": {"points": "{mutEypq{XA~@D@vB?jG@H}ARoFByN?yCAwAc@A}@?kL@aCBaNP{A?Y@YH{@RWBwEBcG@iEAkU?uAA?aCb@Gj@?jBA"}, "warnings": [], "bounds": {"northeast": {"lat": 35.0250513, "lng": 135.7600023}, "southwest": {"lat": 35.0108136, "lng": 135.7541937}}, "waypoint_order": [], "summary": "\u70cf\u4e38\u901a\u308a/\u56fd\u9053367\u53f7", "copyrights": "Map data \u00a92019", "legs": [{"distance": {"text": "2.5 km", "value": 2492}, "traffic_speed_entry": [], "end_address": "3 Ky\u014dtogyoen, Kamigy\u014d-ku, Kyoto, \u4eac\u90fd\u5e9c Kyoto 602-0881, Japan", "via_waypoint": [], "start_address": "Japan, \u3012604-0045 Kyoto, Nakagy\u014d-ku, Furushiroch\u014d, \u5c0f\u5ddd\u901a\u4e8c\u6761\u4e0b\u308b\u2212\uff13\uff15\uff15", "start_location": {"lat": 35.0129391, "lng": 135.7545313}, "steps": [{"html_instructions": "Head <b>west</b> toward <b>\u5c0f\u5ddd\u901a\u308a</b><div style=\"font-size:0.9em\">Restricted usage road</div>", "distance": {"text": "30 m", "value": 30}, "travel_mode": "DRIVING", "start_location": {"lat": 35.0129391, "lng": 135.7545313}, "polyline": {"points": "{mutEypq{XA~@"}, "duration": {"text": "1 min", "value": 7}, "end_location": {"lat": 35.0129497, "lng": 135.7542063}}, {"html_instructions": "Turn <b>left</b> onto <b>\u5c0f\u5ddd\u901a\u308a</b>", "distance": {"text": "0.2 km", "value": 219}, "travel_mode": "DRIVING", "maneuver": "turn-left", "start_location": {"lat": 35.0129497, "lng": 135.7542063}, "polyline": {"points": "}mutEynq{XD@bB?R?L?tE@H?\\?"}, "duration": {"text": "1 min", "value": 53}, "end_location": {"lat": 35.010979, "lng": 135.7541937}}, {"html_instructions": "Turn <b>left</b> onto <b>\u5fa1\u6c60\u901a\u308a</b>/<wbr/><b>\u5e9c\u905337\u53f7</b>", "distance": {"text": "0.5 km", "value": 493}, "travel_mode": "DRIVING", "maneuver": "turn-left", "start_location": {"lat": 35.010979, "lng": 135.7541937}, "polyline": {"points": "sautEunq{X?MF{@@O?CHaBDaA?CBgA@qA?_A?aB?a@@s@A_B?G@gA?oA?a@?W?OAwA"}, "duration": {"text": "2 mins", "value": 90}, "end_location": {"lat": 35.0108185, "lng": 135.7595962}}, {"html_instructions": "Turn <b>left</b> at <b>\u70cf\u4e38\u5fa1\u6c60\uff08\u4ea4\u5dee\u70b9\uff09</b> onto <b>\u70cf\u4e38\u901a\u308a</b>/<wbr/><b>\u56fd\u9053367\u53f7</b> (signs for <b>Karasumamarutamachi</b>)", "distance": {"text": "1.6 km", "value": 1585}, "travel_mode": "DRIVING", "maneuver": "turn-left", "start_location": {"lat": 35.0108185, "lng": 135.7595962}, "polyline": {"points": "s`utEopr{Xc@AS?i@?cBA}A?oB@yB@g@?eABS?a@@e@@e@@m@@eCBgBBc@@s@?a@?K?[?Q?O?I@SDEBYJa@FE@Q@W?[?s@@oB@aA?w@@}B?K?a@?E?]?cCAa@?M?uB?iC@_C?u@?aAAcD?K?iAA"}, "duration": {"text": "4 mins", "value": 247}, "end_location": {"lat": 35.0250476, "lng": 135.7592953}}, {"html_instructions": "Turn <b>right</b> at <b>\u4e2d\u7acb\u58f2\u901a\u308a</b>", "distance": {"text": "0.2 km", "value": 165}, "travel_mode": "DRIVING", "maneuver": "turn-right", "start_location": {"lat": 35.0250476, "lng": 135.7592953}, "polyline": {"points": "qywtEsnr{X?O?qBNCRCL?\\?|@Cl@@"}, "duration": {"text": "2 mins", "value": 105}, "end_location": {"lat": 35.0241077, "lng": 135.7600023}}], "duration": {"text": "8 mins", "value": 502}, "end_location": {"lat": 35.0241077, "lng": 135.7600023}}]}], "status": "OK", "geocoded_waypoints": [{"place_id": "ChIJ40ZkioAIAWARGsuKqHZ71MU", "geocoder_status": "OK", "types": ["street_address"]}, {"place_id": "ChIJIWCiKGUIAWARPLRBv0Fb4Ws", "geocoder_status": "OK", "types": ["street_address"]}]}