{"routes": [{"overview_polyline": {"points": "uqwtE}rr{Xb@?dA\\XR@d@?b@vA?tC?jA?nB?|L?|EEv@YBxAEvEAdH?xD"}, "warnings": [], "bounds": {"northeast": {"lat": 35.0237921, "lng": 135.7599892}, "southwest": {"lat": 35.0173511, "lng": 135.7555998}}, "waypoint_order": [], "summary": "\u70cf\u4e38\u901a\u308a/\u56fd\u9053367\u53f7 and \u4e38\u592a\u753a\u901a\u308a/\u5e9c\u9053187\u53f7", "copyrights": "Map data \u00a92019", "legs": [{"distance": {"text": "1.1 km", "value": 1111}, "traffic_speed_entry": [], "end_address": "170 Umeyacho, Nakagyo Ward, Kyoto, 604-0091, Japan", "via_waypoint": [], "start_address": "Kamichojamachi-dori, Kamigy\u014d-ku, Kyoto, Japan", "start_location": {"lat": 35.0237921, "lng": 135.7599892}, "steps": [{"html_instructions": "Head <b>south</b> toward <b>\u70cf\u4e38\u901a\u308a</b>/<wbr/><b>\u56fd\u9053367\u53f7</b>", "distance": {"text": "0.1 km", "value": 112}, "travel_mode": "DRIVING", "start_location": {"lat": 35.0237921, "lng": 135.7599892}, "polyline": {"points": "uqwtE}rr{XV?J?RHp@RXR@d@?b@"}, "duration": {"text": "1 min", "value": 53}, "end_location": {"lat": 35.0231241, "lng": 135.7593702}}, {"html_instructions": "Turn <b>left</b> onto <b>\u70cf\u4e38\u901a\u308a</b>/<wbr/><b>\u56fd\u9053367\u53f7</b>", "distance": {"text": "0.6 km", "value": 641}, "travel_mode": "DRIVING", "maneuver": "turn-left", "start_location": {"lat": 35.0231241, "lng": 135.7593702}, "polyline": {"points": "omwtEaor{XvA?V?|B?J?~@?p@?B?t@?B?~@?L?tB?F?xA?n@?fA?^?DA~A?F?HAf@?h@AL?D?B?DABAh@U"}, "duration": {"text": "2 mins", "value": 100}, "end_location": {"lat": 35.0173746, "lng": 135.7595257}}, {"html_instructions": "Turn <b>right</b> at <b>\u70cf\u4e38\u4e38\u592a\u753a\uff08\u4ea4\u5dee\u70b9\uff09</b> onto <b>\u4e38\u592a\u753a\u901a\u308a</b>/<wbr/><b>\u5e9c\u9053187\u53f7</b> (signs for <b>\u5d50\u5c71</b>/<wbr/><b>\u4eac\u90fd\u5e9c\u9053187\u53f7</b>)", "distance": {"text": "0.4 km", "value": 358}, "travel_mode": "DRIVING", "maneuver": "turn-right", "start_location": {"lat": 35.0173746, "lng": 135.7595257}, "polyline": {"points": "qivtEapr{X@^@V?P?NAfACnC?|CAfC?tC?H?X"}, "duration": {"text": "1 min", "value": 69}, "end_location": {"lat": 35.0173906, "lng": 135.7555998}}], "duration": {"text": "4 mins", "value": 222}, "end_location": {"lat": 35.0173906, "lng": 135.7555998}}]}], "status": "OK", "geocoded_waypoints": [{"place_id": "ChIJYfXZinoIAWAR_uhf36_yX88", "geocoder_status": "OK", "types": ["route"]}, {"place_id": "ChIJQWnj7H4IAWAR5zAXa53GJaA", "geocoder_status": "OK", "types": ["beauty_salon", "establishment", "point_of_interest"]}]}