{"routes": [{"overview_polyline": {"points": "ooutEuyt{X@vBBvAGdG_D@cB@kE@aD?}ACaAGoAMFzAL~FB`Y@nM?pEFpAg@Hi@@aGBcF@iEAcC?iC@AnCAbBBrBB|DCbJzB@"}, "warnings": [], "bounds": {"northeast": {"lat": 35.0225777, "lng": 135.7713071}, "southwest": {"lat": 35.0131735, "lng": 135.7547416}}, "waypoint_order": [], "summary": "\u4e38\u592a\u753a\u901a\u308a/\u5e9c\u9053187\u53f7", "copyrights": "Map data \u00a92019", "legs": [{"distance": {"text": "2.6 km", "value": 2640}, "traffic_speed_entry": [], "end_address": "102 Chayach\u014d, Kamigy\u014d-ku, Kyoto, 602-8053, Japan", "via_waypoint": [], "start_address": "Japan, \u3012604-0902 Kyoto, Nakagy\u014d-ku, \u571f\u624b\u753a\u901a\u4e8c\u6761\u4e0a\u308b\u927e\u7530\u753a\uff15\uff14\uff13", "start_location": {"lat": 35.0131993, "lng": 135.7713071}, "steps": [{"html_instructions": "Head <b>west</b> on <b>\u4e8c\u6761\u901a\u308a</b> toward <b>\u6728\u5c4b\u753a\u901a\u308a</b>", "distance": {"text": "0.2 km", "value": 214}, "travel_mode": "DRIVING", "start_location": {"lat": 35.0131993, "lng": 135.7713071}, "polyline": {"points": "ooutEuyt{X?D?Z@P?bA@x@@\\CtACnD"}, "duration": {"text": "1 min", "value": 61}, "end_location": {"lat": 35.0132105, "lng": 135.7689591}}, {"html_instructions": "Turn <b>right</b> at <b>\u6cb3\u539f\u753a\u4e8c\u6761\uff08\u4ea4\u5dee\u70b9\uff09</b> onto <b>\u6cb3\u539f\u753a\u901a\u308a</b>/<wbr/><b>\u5e9c\u905332\u53f7</b>", "distance": {"text": "0.5 km", "value": 482}, "travel_mode": "DRIVING", "maneuver": "turn-right", "start_location": {"lat": 35.0132105, "lng": 135.7689591}, "polyline": {"points": "qoutE_kt{Xa@@k@?a@?o@?U?U?_@@W?Q?qA@o@?w@?C@s@?e@?cAAi@AC?Y?UAKAYAOAKAQA}@K"}, "duration": {"text": "2 mins", "value": 99}, "end_location": {"lat": 35.0175407, "lng": 135.7690624}}, {"html_instructions": "Turn <b>left</b> at <b>\u6cb3\u539f\u753a\u4e38\u592a\u753a\uff08\u4ea4\u5dee\u70b9\uff09</b> onto <b>\u4e38\u592a\u753a\u901a\u308a</b>/<wbr/><b>\u5e9c\u9053187\u53f7</b>", "distance": {"text": "0.9 km", "value": 869}, "travel_mode": "DRIVING", "maneuver": "turn-left", "start_location": {"lat": 35.0175407, "lng": 135.7690624}, "polyline": {"points": "sjvtEskt{XDnA@JD`B@D@p@BdB@D?zC?hC?dA?`@?x@@~E?rC?|B?Z?xC?V?N@d@?D?fAAd@@fB?t@?L@H?NBV"}, "duration": {"text": "3 mins", "value": 162}, "end_location": {"lat": 35.0173746, "lng": 135.7595257}}, {"html_instructions": "Turn <b>right</b> at <b>\u70cf\u4e38\u4e38\u592a\u753a\uff08\u4ea4\u5dee\u70b9\uff09</b> onto <b>\u70cf\u4e38\u901a\u308a</b>/<wbr/><b>\u56fd\u9053367\u53f7</b> (signs for <b>Karasumakitaoji</b>)", "distance": {"text": "0.6 km", "value": 593}, "travel_mode": "DRIVING", "maneuver": "turn-right", "start_location": {"lat": 35.0173746, "lng": 135.7595257}, "polyline": {"points": "qivtEapr{X@^a@FE@Q@W?[?s@@oB@aA?w@@}B?K?a@?E?]?cCAa@?M?uB?iC@"}, "duration": {"text": "1 min", "value": 87}, "end_location": {"lat": 35.0225626, "lng": 135.7592819}}, {"html_instructions": "Turn <b>left</b> at <b>\u70cf\u4e38\u4e0b\u9577\u8005\u753a\uff08\u4ea4\u5dee\u70b9\uff09</b> onto <b>\u4e0b\u9577\u8005\u753a\u901a\u308a</b>", "distance": {"text": "0.4 km", "value": 413}, "travel_mode": "DRIVING", "maneuver": "turn-left", "start_location": {"lat": 35.0225626, "lng": 135.7592819}, "polyline": {"points": "_jwtEonr{XAnC?v@Aj@?NBbB@v@@`B?Z?FAlHAt@"}, "duration": {"text": "1 min", "value": 71}, "end_location": {"lat": 35.0225607, "lng": 135.7547464}}, {"html_instructions": "Turn <b>left</b> onto <b>\u897f\u6d1e\u9662\u901a\u308a</b><div style=\"font-size:0.9em\">Destination will be on the left</div>", "distance": {"text": "69 m", "value": 69}, "travel_mode": "DRIVING", "maneuver": "turn-left", "start_location": {"lat": 35.0225607, "lng": 135.7547464}, "polyline": {"points": "_jwtEerq{XzB@"}, "duration": {"text": "1 min", "value": 19}, "end_location": {"lat": 35.0219379, "lng": 135.7547416}}], "duration": {"text": "8 mins", "value": 499}, "end_location": {"lat": 35.0219379, "lng": 135.7547416}}]}], "status": "OK", "geocoded_waypoints": [{"place_id": "ChIJB0qjNY0IAWARdzt-2mp6uNE", "geocoder_status": "OK", "types": ["street_address"]}, {"place_id": "ChIJNaDHzHkIAWARk-vVttUwiiQ", "geocoder_status": "OK", "types": ["street_address"]}]}