{"routes": [{"overview_polyline": {"points": "yivtE}hs{XCyVM_GG{AE_D?uD?q@?cE?gDDcHX_T?wA@{@gBAkAAi@C}BC}DEgIK_HC_JE}@?AmAAaH?iB@q@e@B@TADK@S??H@^A^EPQZ_@^c@Pk@H_GRo@@DpC"}, "warnings": [], "bounds": {"northeast": {"lat": 35.0278046, "lng": 135.7812161}, "southwest": {"lat": 35.01740390000001, "lng": 135.7635124}}, "waypoint_order": [], "summary": "\u4e38\u592a\u753a\u901a\u308a/\u5e9c\u9053187\u53f7 and \u6771\u5927\u8def\u901a\u308a/\u5e9c\u9053181\u53f7", "copyrights": "Map data \u00a92019", "legs": [{"distance": {"text": "2.9 km", "value": 2882}, "traffic_speed_entry": [], "end_address": "Higashioji-dori Ave, Yoshidahonmachi, Saky\u014d-ku, Kyoto, 606-8317, Japan", "via_waypoint": [], "start_address": "Japan, \u3012604-0801 Kyoto, Nakagy\u014d-ku, Kagiyach\u014d, \u4e38\u592a\u753a\u901a\u583a\u753a\u6771\u5165\uff17\uff15\u2212\uff12", "start_location": {"lat": 35.0174102, "lng": 135.7635124}, "steps": [{"html_instructions": "Head <b>east</b> on <b>\u4e38\u592a\u753a\u901a\u308a</b>/<wbr/><b>\u5e9c\u9053187\u53f7</b> toward <b>\u67f3\u99ac\u5834\u901a\u308a</b>", "distance": {"text": "1.4 km", "value": 1357}, "travel_mode": "DRIVING", "start_location": {"lat": 35.0174102, "lng": 135.7635124}, "polyline": {"points": "yivtE}hs{X?kAA_F?y@?a@?eA?iC?{CAECeBAq@AEEaBAKEoACwBAg@A}@?K?E@eB?Q?O?I?E?E?Q?G?G@s@AsA?I?I?G@c@?SAgB?[@kB?g@BsB?SB{B?ABaC@G@q@BeCHkE?Q?eA@{@"}, "duration": {"text": "4 mins", "value": 264}, "end_location": {"lat": 35.01740390000001, "lng": 135.778402}}, {"html_instructions": "Turn <b>left</b> at <b>\u6771\u5c71\u4e38\u592a\u753a\uff08\u4ea4\u5dee\u70b9\uff09</b> onto <b>\u6771\u5927\u8def\u901a\u308a</b>/<wbr/><b>\u5e9c\u9053181\u53f7</b>", "distance": {"text": "0.9 km", "value": 871}, "travel_mode": "DRIVING", "maneuver": "turn-left", "start_location": {"lat": 35.01740390000001, "lng": 135.778402}, "polyline": {"points": "wivtE_fv{XgBAe@Ae@?_@AIAC?M?m@A}@AaAAQAeAAc@?kBCiAA_@AqBCW?E?cBA}CAsCAi@?gCAYA}@?"}, "duration": {"text": "2 mins", "value": 140}, "end_location": {"lat": 35.025239, "lng": 135.7785987}}, {"html_instructions": "Turn <b>right</b> at <b>\u6771\u5c71\u6771\u4e00\u6761\uff08\u4ea4\u5dee\u70b9\uff09</b> onto <b>\u6771\u4e00\u6761\u901a\u308a</b>", "distance": {"text": "0.2 km", "value": 238}, "travel_mode": "DRIVING", "maneuver": "turn-right", "start_location": {"lat": 35.025239, "lng": 135.7785987}, "polyline": {"points": "wzwtEggv{XAmAAaF?_AAu@?C@a@?M?O@a@"}, "duration": {"text": "1 min", "value": 48}, "end_location": {"lat": 35.0252548, "lng": 135.7812161}}, {"html_instructions": "Turn <b>left</b><div style=\"font-size:0.9em\">Restricted usage road</div>", "distance": {"text": "20 m", "value": 20}, "travel_mode": "DRIVING", "maneuver": "turn-left", "start_location": {"lat": 35.0252548, "lng": 135.7812161}, "polyline": {"points": "yzwtEswv{Xe@B"}, "duration": {"text": "1 min", "value": 7}, "end_location": {"lat": 35.0254355, "lng": 135.7812027}}, {"html_instructions": "Turn <b>left</b><div style=\"font-size:0.9em\">Restricted usage road</div>", "distance": {"text": "31 m", "value": 31}, "travel_mode": "DRIVING", "maneuver": "turn-left", "start_location": {"lat": 35.0254355, "lng": 135.7812027}, "polyline": {"points": "_|wtEowv{X@T?BA@E@E?S?"}, "duration": {"text": "1 min", "value": 22}, "end_location": {"lat": 35.025602, "lng": 135.7810477}}, {"html_instructions": "Turn <b>left</b><div style=\"font-size:0.9em\">Restricted usage road</div>", "distance": {"text": "0.3 km", "value": 298}, "travel_mode": "DRIVING", "maneuver": "turn-left", "start_location": {"lat": 35.025602, "lng": 135.7810477}, "polyline": {"points": "_}wtEqvv{X?H@T?HAL?J?D?DABA@ADGJABGJGHIHEDGDKDEBQFE@OBO@E@M?I@W@cABA?iABs@DK@S?[@"}, "duration": {"text": "2 mins", "value": 130}, "end_location": {"lat": 35.0278046, "lng": 135.7800435}}, {"html_instructions": "Turn <b>left</b><div style=\"font-size:0.9em\">Restricted usage road</div>", "distance": {"text": "67 m", "value": 67}, "travel_mode": "DRIVING", "maneuver": "turn-left", "start_location": {"lat": 35.0278046, "lng": 135.7800435}, "polyline": {"points": "wjxtEgpv{XBlB@b@"}, "duration": {"text": "1 min", "value": 18}, "end_location": {"lat": 35.0277666, "lng": 135.7793066}}], "duration": {"text": "10 mins", "value": 629}, "end_location": {"lat": 35.0277666, "lng": 135.7793066}}]}], "status": "OK", "geocoded_waypoints": [{"place_id": "ChIJgXCRMYgIAWARkChHRIv9paY", "geocoder_status": "OK", "types": ["street_address"]}, {"place_id": "ChIJv1gtulkIAWARPj8eDJgIN94", "geocoder_status": "OK", "types": ["route"]}]}