{"routes": [{"overview_polyline": {"points": "_rutE{vq{X@}@kC@sB@wN@BxC@`K?`EdA?dC?"}, "warnings": [], "bounds": {"northeast": {"lat": 35.0173913, "lng": 135.7558094}, "southwest": {"lat": 35.0135908, "lng": 135.7521064}}, "waypoint_order": [], "summary": "\u91dc\u5ea7\u901a\u308a and \u4e38\u592a\u753a\u901a\u308a/\u5e9c\u9053187\u53f7", "copyrights": "Map data \u00a92019", "legs": [{"distance": {"text": "0.9 km", "value": 899}, "traffic_speed_entry": [], "end_address": "529 Nishitakeyach\u014d, Nakagy\u014d-ku, Kyoto, 604-0075, Japan", "via_waypoint": [], "start_address": "Japan, \u3012604-0036 Kyoto, Nakagy\u014d-ku, Sh\u014dgy\u014djich\u014d, \u4e8c\u6761\u901a\u897f\u6d1e\u9662\u6771\u5165\uff16\uff16\uff14\u2212\uff14", "start_location": {"lat": 35.013596, "lng": 135.7555011}, "steps": [{"html_instructions": "Head <b>east</b> on <b>\u4e8c\u6761\u901a\u308a</b> toward <b>\u91dc\u5ea7\u901a\u308a</b>", "distance": {"text": "28 m", "value": 28}, "travel_mode": "DRIVING", "start_location": {"lat": 35.013596, "lng": 135.7555011}, "polyline": {"points": "_rutE{vq{X@}@"}, "duration": {"text": "1 min", "value": 7}, "end_location": {"lat": 35.0135908, "lng": 135.7558094}}, {"html_instructions": "Turn <b>left</b> onto <b>\u91dc\u5ea7\u901a\u308a</b>", "distance": {"text": "0.4 km", "value": 423}, "travel_mode": "DRIVING", "maneuver": "turn-left", "start_location": {"lat": 35.0135908, "lng": 135.7558094}, "polyline": {"points": "}qutEyxq{XkC@O?cB@mD?oA?O@iF?"}, "duration": {"text": "2 mins", "value": 104}, "end_location": {"lat": 35.0173913, "lng": 135.7557827}}, {"html_instructions": "Turn <b>left</b> onto <b>\u4e38\u592a\u753a\u901a\u308a</b>/<wbr/><b>\u5e9c\u9053187\u53f7</b>", "distance": {"text": "0.3 km", "value": 335}, "travel_mode": "DRIVING", "maneuver": "turn-left", "start_location": {"lat": 35.0173913, "lng": 135.7557827}, "polyline": {"points": "uivtEsxq{X?H?X@Z@xA@L?pC?`D?~@?`E"}, "duration": {"text": "1 min", "value": 83}, "end_location": {"lat": 35.0173609, "lng": 135.7521073}}, {"html_instructions": "Turn <b>left</b> at <b>\u5800\u5ddd\u4e38\u592a\u753a\uff08\u4ea4\u5dee\u70b9\uff09</b> onto <b>\u6771\u5800\u5ddd\u901a</b><div style=\"font-size:0.9em\">Destination will be on the left</div>", "distance": {"text": "0.1 km", "value": 113}, "travel_mode": "DRIVING", "maneuver": "turn-left", "start_location": {"lat": 35.0173609, "lng": 135.7521073}, "polyline": {"points": "oivtEuaq{XdA?dC?"}, "duration": {"text": "1 min", "value": 36}, "end_location": {"lat": 35.0163433, "lng": 135.7521064}}], "duration": {"text": "4 mins", "value": 230}, "end_location": {"lat": 35.0163433, "lng": 135.7521064}}]}], "status": "OK", "geocoded_waypoints": [{"place_id": "ChIJXTz5loAIAWARwPmrf3PmOTY", "geocoder_status": "OK", "types": ["street_address"]}, {"place_id": "ChIJ-R7-Xn8IAWARKIoRNWH365c", "geocoder_status": "OK", "types": ["premise"]}]}