{"routes": [{"overview_polyline": {"points": "kmwtEshv{XKZ?FAL}DA_ICkBCqAOgCc@cCa@[ESEq@jDGF]IS?VhGL|CBhBIlCc@vIKPO`D[jHGtACdCE~I@lJB`FJnSBlHCxEBdJAT{@`FvC@zC?LIp@c@PChDKf@CLC?pAAvDDzCFnF?r@Ad@a@COAA@ABAJ"}, "warnings": [], "bounds": {"northeast": {"lat": 35.0293839, "lng": 135.7791057}, "southwest": {"lat": 35.0230964, "lng": 135.7525658}}, "waypoint_order": [], "summary": "\u4eca\u51fa\u5ddd\u901a\u30ea/\u5e9c\u9053101\u53f7", "copyrights": "Map data \u00a92019", "legs": [{"distance": {"text": "3.5 km", "value": 3474}, "traffic_speed_entry": [], "end_address": "Japan, \u3012602-0955 Kyoto, Kamigy\u014d-ku, Tatetomidach\u014d, \u6771\u5800\u5ddd\u901a\u4e00\u6761\u4e0a\u308b\u2212\uff14\uff13\uff18\u2212\uff11\uff17", "via_waypoint": [], "start_address": "Higashioji-dori Ave, Yoshidakonoech\u014d, Saky\u014d-ku, Kyoto, 606-8315, Japan", "start_location": {"lat": 35.0230964, "lng": 135.7788246}, "steps": [{"html_instructions": "Head <b>northwest</b> toward <b>\u6771\u5927\u8def\u901a\u308a</b>/<wbr/><b>\u5e9c\u9053181\u53f7</b><div style=\"font-size:0.9em\">Restricted usage road</div>", "distance": {"text": "25 m", "value": 25}, "travel_mode": "DRIVING", "start_location": {"lat": 35.0230964, "lng": 135.7788246}, "polyline": {"points": "kmwtEshv{X?@?BABCFA@ABAB?@?@?@?@A@?J"}, "duration": {"text": "1 min", "value": 10}, "end_location": {"lat": 35.023167, "lng": 135.7785726}}, {"html_instructions": "Turn <b>right</b> onto <b>\u6771\u5927\u8def\u901a\u308a</b>/<wbr/><b>\u5e9c\u9053181\u53f7</b>", "distance": {"text": "0.6 km", "value": 570}, "travel_mode": "DRIVING", "maneuver": "turn-right", "start_location": {"lat": 35.023167, "lng": 135.7785726}, "polyline": {"points": "ymwtEagv{XsCAi@?gCAYA}@?_B?g@?SA[AS?MAMAYE[E_@GOCiASMCQCICk@IEA]GMCGAA?CAC?G?KCKCGA"}, "duration": {"text": "2 mins", "value": 96}, "end_location": {"lat": 35.0282533, "lng": 135.7791057}}, {"html_instructions": "Turn <b>left</b> toward <b>\u4eca\u51fa\u5ddd\u901a\u30ea</b>/<wbr/><b>\u5e9c\u9053101\u53f7</b>", "distance": {"text": "0.1 km", "value": 116}, "travel_mode": "DRIVING", "maneuver": "turn-left", "start_location": {"lat": 35.0282533, "lng": 135.7791057}, "polyline": {"points": "qmxtEmjv{Xo@dDADABA@A?A@A?A?AAWGA?C?E?G?"}, "duration": {"text": "1 min", "value": 36}, "end_location": {"lat": 35.0287863, "lng": 135.7782556}}, {"html_instructions": "Turn <b>left</b> onto <b>\u4eca\u51fa\u5ddd\u901a\u30ea</b>/<wbr/><b>\u5e9c\u9053101\u53f7</b>", "distance": {"text": "2.0 km", "value": 2034}, "travel_mode": "DRIVING", "maneuver": "turn-left", "start_location": {"lat": 35.0287863, "lng": 135.7782556}, "polyline": {"points": "}pxtEcev{XD~@D~@B^FhB@VDbA@b@B\\?V@V?P@f@An@AXARCn@IxACd@SlEAHAD?@A@GFKrBAR?LAJAT?PCh@MrCAD?DAVC`@?FALCp@ALAV?TAX?|@A|@?B?r@Ab@?t@?X?l@AfA?B?x@?`A?dA@`B?t@?B?J@x@?r@?j@@^?B?X?D?B?@@dC?B?D@z@BlE?j@?z@?@?H@h@?h@?@?@@f@?f@?j@@jB@`@?D?h@?R?FAx@?dB?@Av@@xC?bA?D@`C?HAJMt@m@jD"}, "duration": {"text": "7 mins", "value": 406}, "end_location": {"lat": 35.0293839, "lng": 135.7560508}}, {"html_instructions": "Turn <b>left</b> at <b>\u4eca\u51fa\u5ddd\u65b0\u753a\uff08\u4ea4\u5dee\u70b9\uff09</b> onto <b>\u65b0\u753a\u901a</b>", "distance": {"text": "0.3 km", "value": 349}, "travel_mode": "DRIVING", "maneuver": "turn-left", "start_location": {"lat": 35.0293839, "lng": 135.7560508}, "polyline": {"points": "stxtEizq{X|@?B?l@@f@?xA?z@?B?@?DA@?@CBCHGHEDE@AJGBABA@A@?@AFAD?\\Al@Cb@Ax@CH?LAF?FAFADA"}, "duration": {"text": "1 min", "value": 62}, "end_location": {"lat": 35.0263067, "lng": 135.7563852}}, {"html_instructions": "Turn <b>right</b> onto <b>\u4e00\u6761\u901a\u308a</b>", "distance": {"text": "0.3 km", "value": 342}, "travel_mode": "DRIVING", "maneuver": "turn-right", "start_location": {"lat": 35.0263067, "lng": 135.7563852}, "polyline": {"points": "maxtEm|q{X?^?p@ArD?BBhC@PDzC@X?b@?T@`@APAd@"}, "duration": {"text": "1 min", "value": 82}, "end_location": {"lat": 35.0262566, "lng": 135.7526312}}, {"html_instructions": "Turn <b>right</b><div style=\"font-size:0.9em\">Destination will be on the right</div>", "distance": {"text": "38 m", "value": 38}, "travel_mode": "DRIVING", "maneuver": "turn-right", "start_location": {"lat": 35.0262566, "lng": 135.7526312}, "polyline": {"points": "caxtE}dq{Xa@CMAA?A@A@?@AJ"}, "duration": {"text": "1 min", "value": 24}, "end_location": {"lat": 35.026542, "lng": 135.7525658}}], "duration": {"text": "12 mins", "value": 716}, "end_location": {"lat": 35.026542, "lng": 135.7525658}}]}], "status": "OK", "geocoded_waypoints": [{"place_id": "ChIJjwM9qfcIAWARnNa9GKQSNXA", "geocoder_status": "OK", "types": ["route"]}, {"place_id": "ChIJx8RU-nUIAWARH92hWe_DefU", "geocoder_status": "OK", "types": ["premise"]}]}