{"routes": [{"overview_polyline": {"points": "orvtEe`t{XgA?aB?GAOOMKU?_@A?c@@oA?kASCBsEf@@lAH`EZvE`@jBPtADvCBzHE|B?lAAFeGEmDA_DE_CK_@eAkCCg@@oGB_JA_@|AA"}, "warnings": [], "bounds": {"northeast": {"lat": 35.0202003, "lng": 135.7769323}, "southwest": {"lat": 35.0131735, "lng": 135.7672264}}, "waypoint_order": [], "summary": "\u6cb3\u539f\u753a\u901a\u308a/\u5e9c\u905332\u53f7 and \u4e8c\u6761\u901a\u308a", "copyrights": "Map data \u00a92019", "legs": [{"distance": {"text": "1.9 km", "value": 1913}, "traffic_speed_entry": [], "end_address": "460 Shoojicho, Sakyo Ward, Kyoto, 606-8353, Japan", "via_waypoint": [], "start_address": "Japan, \u3012602-0867 Kyoto, Kamigy\u014d-ku, \u5bfa\u753a\u901a\u8352\u795e\u53e3\u4e0b\u308b\u677e\u852d\u753a\uff11\uff13\uff19", "start_location": {"lat": 35.0188042, "lng": 135.7672264}, "steps": [{"html_instructions": "Head <b>north</b> toward <b>\u5bfa\u753a\u901a\u308a</b>", "distance": {"text": "0.1 km", "value": 120}, "travel_mode": "DRIVING", "start_location": {"lat": 35.0188042, "lng": 135.7672264}, "polyline": {"points": "orvtEe`t{Xk@@A?G?QAk@?u@?E?AAAAMMMK"}, "duration": {"text": "1 min", "value": 12}, "end_location": {"lat": 35.0198398, "lng": 135.7673831}}, {"html_instructions": "Turn <b>left</b> onto <b>\u5bfa\u753a\u901a\u308a</b>", "distance": {"text": "30 m", "value": 30}, "travel_mode": "DRIVING", "maneuver": "turn-left", "start_location": {"lat": 35.0198398, "lng": 135.7673831}, "polyline": {"points": "_yvtEcat{XU?_@A"}, "duration": {"text": "1 min", "value": 5}, "end_location": {"lat": 35.0201116, "lng": 135.7673876}}, {"html_instructions": "Turn <b>right</b> toward <b>\u6cb3\u539f\u753a\u901a\u308a</b>/<wbr/><b>\u5e9c\u905332\u53f7</b>", "distance": {"text": "0.1 km", "value": 99}, "travel_mode": "DRIVING", "maneuver": "turn-right", "start_location": {"lat": 35.0201116, "lng": 135.7673876}, "polyline": {"points": "uzvtEeat{X?c@?y@@U?e@?e@E?MC"}, "duration": {"text": "1 min", "value": 46}, "end_location": {"lat": 35.0202003, "lng": 135.7683672}}, {"html_instructions": "Turn <b>right</b> toward <b>\u6cb3\u539f\u753a\u901a\u308a</b>/<wbr/><b>\u5e9c\u905332\u53f7</b>", "distance": {"text": "0.1 km", "value": 97}, "travel_mode": "DRIVING", "maneuver": "turn-right", "start_location": {"lat": 35.0202003, "lng": 135.7683672}, "polyline": {"points": "g{vtEigt{X?o@BcC?C?["}, "duration": {"text": "1 min", "value": 32}, "end_location": {"lat": 35.0201755, "lng": 135.7694281}}, {"html_instructions": "Turn <b>right</b> onto <b>\u6cb3\u539f\u753a\u901a\u308a</b>/<wbr/><b>\u5e9c\u905332\u53f7</b>", "distance": {"text": "0.8 km", "value": 777}, "travel_mode": "DRIVING", "maneuver": "turn-right", "start_location": {"lat": 35.0201755, "lng": 135.7694281}, "polyline": {"points": "c{vtE}mt{XR?R@N?|@Hb@Df@B^DtAJD@n@D`AL~AJ|@JP@J@N@X@J@T@X?B?h@@bA@d@?r@?BAv@?n@?pAAP?V?^AT?T?n@?`@?j@?`@A"}, "duration": {"text": "3 mins", "value": 151}, "end_location": {"lat": 35.0132105, "lng": 135.7689591}}, {"html_instructions": "Turn <b>left</b> at <b>\u6cb3\u539f\u753a\u4e8c\u6761\uff08\u4ea4\u5dee\u70b9\uff09</b> onto <b>\u4e8c\u6761\u901a\u308a</b>", "distance": {"text": "0.7 km", "value": 738}, "travel_mode": "DRIVING", "maneuver": "turn-left", "start_location": {"lat": 35.0132105, "lng": 135.7689591}, "polyline": {"points": "qoutE_kt{XBoDBuAA]Ay@?cAAQ?[?[A_B?G?G?GA_@?AAc@?W?IAGAICKAACGISc@iAACUi@AKAC?E?Q@cB?mA?Y?cA@i@?eA?e@?E?aC@a@?K?SA_@"}, "duration": {"text": "3 mins", "value": 176}, "end_location": {"lat": 35.0136468, "lng": 135.7769231}}, {"html_instructions": "Turn <b>right</b><div style=\"font-size:0.9em\">Destination will be on the right</div>", "distance": {"text": "52 m", "value": 52}, "travel_mode": "DRIVING", "maneuver": "turn-right", "start_location": {"lat": 35.0136468, "lng": 135.7769231}, "polyline": {"points": "irutEw|u{X|AA"}, "duration": {"text": "1 min", "value": 16}, "end_location": {"lat": 35.0131762, "lng": 135.7769323}}], "duration": {"text": "7 mins", "value": 438}, "end_location": {"lat": 35.0131762, "lng": 135.7769323}}]}], "status": "OK", "geocoded_waypoints": [{"place_id": "ChIJ2c44E4oIAWARjCZU4rVE1bA", "geocoder_status": "OK", "types": ["street_address"]}, {"place_id": "ChIJJVNqZO4IAWARb-RzfKUeKRQ", "geocoder_status": "OK", "types": ["establishment", "place_of_worship", "point_of_interest"]}]}