{"routes": [{"overview_polyline": {"points": "soutEy|u{XpGEApFeJ??E@cDCeBCwFeFC}BAs@?cOG{FKoMM_WIkBCqAOuEw@qASSEq@jDGF]IS?d@fLBhBIlCIxAL@RBJD`@Jn@BFBBV@?"}, "warnings": [], "bounds": {"northeast": {"lat": 35.0287863, "lng": 135.7791057}, "southwest": {"lat": 35.0118511, "lng": 135.7741652}}, "waypoint_order": [], "summary": "\u6771\u5927\u8def\u901a\u308a/\u5e9c\u9053181\u53f7", "copyrights": "Map data \u00a92019", "legs": [{"distance": {"text": "2.9 km", "value": 2878}, "traffic_speed_entry": [], "end_address": "38 Tanaka Sekidench\u014d, Saky\u014d-ku, Kyoto, 606-8203, Japan", "via_waypoint": [], "start_address": "543 Sh\u014d\u014djich\u014d, Saky\u014d-ku, Kyoto, 606-8353, Japan", "start_location": {"lat": 35.01322140000001, "lng": 135.7769314}, "steps": [{"html_instructions": "Head <b>south</b> toward <b>\u4ec1\u738b\u9580\u901a\u308a</b>", "distance": {"text": "0.2 km", "value": 152}, "travel_mode": "DRIVING", "start_location": {"lat": 35.01322140000001, "lng": 135.7769314}, "polyline": {"points": "soutEy|u{Xx@AvEC"}, "duration": {"text": "1 min", "value": 37}, "end_location": {"lat": 35.0118511, "lng": 135.7769584}}, {"html_instructions": "Turn <b>right</b> onto <b>\u4ec1\u738b\u9580\u901a\u308a</b>", "distance": {"text": "0.1 km", "value": 110}, "travel_mode": "DRIVING", "maneuver": "turn-right", "start_location": {"lat": 35.0118511, "lng": 135.7769584}, "polyline": {"points": "agutE_}u{XA`B?nC"}, "duration": {"text": "1 min", "value": 27}, "end_location": {"lat": 35.0118632, "lng": 135.7757525}}, {"html_instructions": "Turn <b>right</b>", "distance": {"text": "0.2 km", "value": 199}, "travel_mode": "DRIVING", "maneuver": "turn-right", "start_location": {"lat": 35.0118632, "lng": 135.7757525}, "polyline": {"points": "cgutEmuu{XeJ?"}, "duration": {"text": "1 min", "value": 53}, "end_location": {"lat": 35.0136514, "lng": 135.7757504}}, {"html_instructions": "Turn <b>right</b> onto <b>\u4e8c\u6761\u901a\u308a</b>", "distance": {"text": "0.2 km", "value": 237}, "travel_mode": "DRIVING", "maneuver": "turn-right", "start_location": {"lat": 35.0136514, "lng": 135.7757504}, "polyline": {"points": "irutEmuu{X?E?aC@a@?K?SA_@Ae@CmA?iD"}, "duration": {"text": "1 min", "value": 74}, "end_location": {"lat": 35.0136765, "lng": 135.7783509}}, {"html_instructions": "Turn <b>left</b> at <b>\u6771\u5c71\u4e8c\u6761\uff08\u4ea4\u5dee\u70b9\uff09</b> onto <b>\u6771\u5927\u8def\u901a\u308a</b>/<wbr/><b>\u5e9c\u9053181\u53f7</b>", "distance": {"text": "1.6 km", "value": 1626}, "travel_mode": "DRIVING", "maneuver": "turn-left", "start_location": {"lat": 35.0136765, "lng": 135.7783509}, "polyline": {"points": "orutEuev{XwDCm@?C?oBAI?A?_@?A?O?iAA{@?s@?_AAuA?gBAe@Ae@?_@AIAC?M?m@A}@AaAAQAeAAc@?kBCiAA_@AqBCW?E?cBA}CAsCAi@?gCAYA}@?_B?g@?SA[AS?MAMAYE[E_@GOCiASMCQCICk@IEA]GMCGAA?CAC?G?KCKCGA"}, "duration": {"text": "5 mins", "value": 280}, "end_location": {"lat": 35.0282533, "lng": 135.7791057}}, {"html_instructions": "Turn <b>left</b> toward <b>\u4eca\u51fa\u5ddd\u901a\u30ea</b>/<wbr/><b>\u5e9c\u9053101\u53f7</b>", "distance": {"text": "0.1 km", "value": 116}, "travel_mode": "DRIVING", "maneuver": "turn-left", "start_location": {"lat": 35.0282533, "lng": 135.7791057}, "polyline": {"points": "qmxtEmjv{Xo@dDADABA@A?A@A?A?AAWGA?C?E?G?"}, "duration": {"text": "1 min", "value": 36}, "end_location": {"lat": 35.0287863, "lng": 135.7782556}}, {"html_instructions": "Turn <b>left</b> onto <b>\u4eca\u51fa\u5ddd\u901a\u30ea</b>/<wbr/><b>\u5e9c\u9053101\u53f7</b>", "distance": {"text": "0.3 km", "value": 348}, "travel_mode": "DRIVING", "maneuver": "turn-left", "start_location": {"lat": 35.0287863, "lng": 135.7782556}, "polyline": {"points": "}pxtEcev{XD~@D~@B^FhB@VDbA@b@B\\?V@V?P@f@An@AXARCn@IxA"}, "duration": {"text": "1 min", "value": 76}, "end_location": {"lat": 35.0286761, "lng": 135.7744495}}, {"html_instructions": "Turn <b>left</b>", "distance": {"text": "90 m", "value": 90}, "travel_mode": "DRIVING", "maneuver": "turn-left", "start_location": {"lat": 35.0286761, "lng": 135.7744495}, "polyline": {"points": "gpxtEimu{XL@PB@?B@B?@@@@@?@@PDJBJ@P@J?D?B?@??@@??@?@@F?F?@@@?@@?"}, "duration": {"text": "1 min", "value": 22}, "end_location": {"lat": 35.0279658, "lng": 135.7741652}}], "duration": {"text": "10 mins", "value": 605}, "end_location": {"lat": 35.0279658, "lng": 135.7741652}}]}], "status": "OK", "geocoded_waypoints": [{"place_id": "ChIJDckIXu4IAWARy9APBwnC9U8", "geocoder_status": "OK", "types": ["premise"]}, {"place_id": "ChIJ-zkPN1wIAWARnN9sP6lxv9w", "geocoder_status": "OK", "types": ["premise"]}]}