{"routes": [{"overview_polyline": {"points": "snutEo{s{XvD?OzNGpH@hCBnCAxCGxB?`DBzL?bH`@ApFADeABgA]?oA?"}, "warnings": [], "bounds": {"northeast": {"lat": 35.0130619, "lng": 135.7664828}, "southwest": {"lat": 35.0108295, "lng": 135.7551311}}, "waypoint_order": [], "summary": "\u62bc\u5c0f\u8def\u901a\u308a", "copyrights": "Map data \u00a92019", "legs": [{"distance": {"text": "1.4 km", "value": 1415}, "traffic_speed_entry": [], "end_address": "Japan, \u3012604-0034 Kyoto, Nakagy\u014d-ku, Shimomatsuyach\u014d, \uff17\uff13\uff10\u2212\uff12 \u3080\u3089\u7530", "via_waypoint": [], "start_address": "432, Nakagyo Ward, Kyoto, 604-0933, Japan", "start_location": {"lat": 35.0130619, "lng": 135.7664828}, "steps": [{"html_instructions": "Head <b>south</b> on <b>\u5fa1\u5e78\u753a\u901a\u308a</b> toward <b>\u62bc\u5c0f\u8def\u901a\u308a</b>", "distance": {"text": "0.1 km", "value": 101}, "travel_mode": "DRIVING", "start_location": {"lat": 35.0130619, "lng": 135.7664828}, "polyline": {"points": "snutEo{s{XbA?hB?F?"}, "duration": {"text": "1 min", "value": 26}, "end_location": {"lat": 35.0121509, "lng": 135.7664784}}, {"html_instructions": "Turn <b>right</b> onto <b>\u62bc\u5c0f\u8def\u901a\u308a</b>", "distance": {"text": "1.0 km", "value": 1035}, "travel_mode": "DRIVING", "maneuver": "turn-right", "start_location": {"lat": 35.0121509, "lng": 135.7664784}, "polyline": {"points": "}hutEo{s{X@?ChC?f@CpBGvEC|CCrC@|B?J@fB?Z@JAlC?JGfB?P?V?|B?B?F?H?F?b@?~A?F@vB?^@dC?pC?pC"}, "duration": {"text": "5 mins", "value": 319}, "end_location": {"lat": 35.0122587, "lng": 135.7551311}}, {"html_instructions": "Turn <b>left</b> onto <b>\u897f\u6d1e\u9662\u901a\u308a</b>", "distance": {"text": "0.2 km", "value": 153}, "travel_mode": "DRIVING", "maneuver": "turn-left", "start_location": {"lat": 35.0122587, "lng": 135.7551311}, "polyline": {"points": "siutEqtq{XN?PAN?dDA^AZ@"}, "duration": {"text": "1 min", "value": 59}, "end_location": {"lat": 35.0108801, "lng": 135.7551479}}, {"html_instructions": "Turn <b>left</b> onto <b>\u5fa1\u6c60\u901a\u308a</b>/<wbr/><b>\u5e9c\u905337\u53f7</b>", "distance": {"text": "65 m", "value": 65}, "travel_mode": "DRIVING", "maneuver": "turn-left", "start_location": {"lat": 35.0108801, "lng": 135.7551479}, "polyline": {"points": "_autEutq{XDaA?CBgA"}, "duration": {"text": "1 min", "value": 32}, "end_location": {"lat": 35.0108295, "lng": 135.7558575}}, {"html_instructions": "Turn <b>left</b> onto <b>\u91dc\u5ea7\u901a\u308a</b><div style=\"font-size:0.9em\">Destination will be on the left</div>", "distance": {"text": "61 m", "value": 61}, "travel_mode": "DRIVING", "maneuver": "turn-left", "start_location": {"lat": 35.0108295, "lng": 135.7558575}, "polyline": {"points": "u`utEcyq{X]?oA?"}, "duration": {"text": "1 min", "value": 18}, "end_location": {"lat": 35.01138090000001, "lng": 135.7558625}}], "duration": {"text": "8 mins", "value": 454}, "end_location": {"lat": 35.01138090000001, "lng": 135.7558625}}]}], "status": "OK", "geocoded_waypoints": [{"place_id": "ChIJN92VLowIAWARfVoC3YDaa4k", "geocoder_status": "OK", "types": ["establishment", "general_contractor", "point_of_interest"]}, {"place_id": "ChIJ3Wa5PYEIAWARRnrUIrlprWg", "geocoder_status": "OK", "types": ["premise"]}]}