{"routes": [{"overview_polyline": {"points": "kvutE{ur{X@t@uBB?n@?b@?VXApCEfACtDCdG?zB??T@fBApE?dA"}, "warnings": [], "bounds": {"northeast": {"lat": 35.0148819, "lng": 135.7604558}, "southwest": {"lat": 35.0108134, "lng": 135.7576828}}, "waypoint_order": [], "summary": "\u70cf\u4e38\u901a\u308a/\u56fd\u9053367\u53f7", "copyrights": "Map data \u00a92019", "legs": [{"distance": {"text": "0.8 km", "value": 775}, "traffic_speed_entry": [], "end_address": "323 Oikenoch\u014d, Nakagy\u014d-ku, Kyoto, 604-0022, Japan", "via_waypoint": [], "start_address": "Japan, \u3012604-0814 Kyoto, Nakagy\u014d-ku, Tsuboyach\u014d, \uff15\uff11\uff15 \uff4d\uff49\uff59\uff41\uff42\uff49 \uff44\uff49\uff4e\uff49\uff4e\uff47", "start_location": {"lat": 35.0142973, "lng": 135.7604558}, "steps": [{"html_instructions": "Head <b>west</b> toward <b>\u8eca\u5c4b\u753a\u901a</b><div style=\"font-size:0.9em\">Restricted usage road</div>", "distance": {"text": "24 m", "value": 24}, "travel_mode": "DRIVING", "start_location": {"lat": 35.0142973, "lng": 135.7604558}, "polyline": {"points": "kvutE{ur{X@t@"}, "duration": {"text": "1 min", "value": 6}, "end_location": {"lat": 35.0142877, "lng": 135.7601918}}, {"html_instructions": "Turn <b>right</b> onto <b>\u8eca\u5c4b\u753a\u901a</b>", "distance": {"text": "65 m", "value": 65}, "travel_mode": "DRIVING", "maneuver": "turn-right", "start_location": {"lat": 35.0142877, "lng": 135.7601918}, "polyline": {"points": "ivutEetr{XuBB"}, "duration": {"text": "1 min", "value": 23}, "end_location": {"lat": 35.0148761, "lng": 135.7601664}}, {"html_instructions": "Turn <b>left</b> onto <b>\u5937\u5ddd\u901a\u308a</b>", "distance": {"text": "50 m", "value": 50}, "travel_mode": "DRIVING", "maneuver": "turn-left", "start_location": {"lat": 35.0148761, "lng": 135.7601664}, "polyline": {"points": "_zutEatr{X?n@?B?^?V"}, "duration": {"text": "1 min", "value": 26}, "end_location": {"lat": 35.0148819, "lng": 135.7596311}}, {"html_instructions": "Turn <b>left</b> onto <b>\u70cf\u4e38\u901a\u308a</b>/<wbr/><b>\u56fd\u9053367\u53f7</b>", "distance": {"text": "0.5 km", "value": 452}, "travel_mode": "DRIVING", "maneuver": "turn-left", "start_location": {"lat": 35.0148819, "lng": 135.7596311}, "polyline": {"points": "_zutEupr{XXAtBEZ?d@A`@Ad@?t@Ar@?d@Ar@?h@?xA?lA?zB?"}, "duration": {"text": "2 mins", "value": 90}, "end_location": {"lat": 35.0108183, "lng": 135.7597069}}, {"html_instructions": "Turn <b>right</b> at <b>\u70cf\u4e38\u5fa1\u6c60\uff08\u4ea4\u5dee\u70b9\uff09</b> onto <b>\u5fa1\u6c60\u901a\u308a</b>/<wbr/><b>\u5e9c\u905337\u53f7</b> (signs for <b>Horikawaoike</b>)<div style=\"font-size:0.9em\">Destination will be on the right</div>", "distance": {"text": "0.2 km", "value": 184}, "travel_mode": "DRIVING", "maneuver": "turn-right", "start_location": {"lat": 35.0108183, "lng": 135.7597069}, "polyline": {"points": "s`utEeqr{X?T@vA?N?V?`@?nAAfA?F?|@"}, "duration": {"text": "1 min", "value": 44}, "end_location": {"lat": 35.0108153, "lng": 135.7576828}}], "duration": {"text": "3 mins", "value": 189}, "end_location": {"lat": 35.0108153, "lng": 135.7576828}}]}], "status": "OK", "geocoded_waypoints": [{"place_id": "ChIJzYb7M4YIAWARYJVjEA7XN9I", "geocoder_status": "OK", "types": ["premise"]}, {"place_id": "ChIJ82MHpIYIAWARomdT3NYvuAw", "geocoder_status": "OK", "types": ["street_address"]}]}