{"routes": [{"overview_polyline": {"points": "imutEakt{XuRHkCCkAG]C}CWmEa@iDYoBCmABgBJCcBEeE?aACoD?S_A?A{EC_GAoB?u@iACGA]L]Fq@HmAMa@A[@d@tABJI?I?y@Eu@?"}, "warnings": [], "bounds": {"northeast": {"lat": 35.0239127, "lng": 135.7753969}, "southwest": {"lat": 35.0128451, "lng": 135.7689218}}, "waypoint_order": [], "summary": "\u6cb3\u539f\u753a\u901a\u308a/\u5e9c\u905332\u53f7", "copyrights": "Map data \u00a92019", "legs": [{"distance": {"text": "1.8 km", "value": 1845}, "traffic_speed_entry": [], "end_address": "18-3 Yoshidanakaadachich\u014d, Saky\u014d-ku, Kyoto, 606-8306, Japan", "via_waypoint": [], "start_address": "Kyoto Shiyakusho-mae, Ichinofunairich\u014d, Nakagy\u014d-ku, Kyoto, 604-0924, Japan", "start_location": {"lat": 35.0128451, "lng": 135.7689664}, "steps": [{"html_instructions": "Head <b>north</b> on <b>\u6cb3\u539f\u753a\u901a\u308a</b>/<wbr/><b>\u5e9c\u905332\u53f7</b> toward <b>\u4e8c\u6761\u901a\u308a</b>", "distance": {"text": "1.0 km", "value": 951}, "travel_mode": "DRIVING", "start_location": {"lat": 35.0128451, "lng": 135.7689664}, "polyline": {"points": "imutEakt{XgA@a@@k@?a@?o@?U?U?_@@W?Q?qA@o@?w@?C@s@?e@?cAAi@AC?Y?UAKAYAOAKAQA}@K_BKaAMo@EEAuAK_@Eg@Cc@E}@IO?SAS?w@AW?M@G?_@@_@BgAF"}, "duration": {"text": "3 mins", "value": 156}, "end_location": {"lat": 35.021372, "lng": 135.7693582}}, {"html_instructions": "Turn <b>right</b> at <b>\u8352\u795e\u53e3\uff08\u4ea4\u5dee\u70b9\uff09</b> toward <b>\u8352\u795e\u6a4b</b> (signs for <b>\u6cd5\u52d9\u5c40</b>)", "distance": {"text": "0.1 km", "value": 136}, "travel_mode": "DRIVING", "maneuver": "turn-right", "start_location": {"lat": 35.021372, "lng": 135.7693582}, "polyline": {"points": "qbwtEomt{XAe@A}@Ag@A}AAo@?O"}, "duration": {"text": "1 min", "value": 53}, "end_location": {"lat": 35.0214176, "lng": 135.7708516}}, {"html_instructions": "Continue onto <b>\u8352\u795e\u6a4b</b>", "distance": {"text": "0.1 km", "value": 119}, "travel_mode": "DRIVING", "start_location": {"lat": 35.0214176, "lng": 135.7708516}, "polyline": {"points": "{bwtEyvt{X?Q?a@?E?GC{B?I?I?_@?C?O"}, "duration": {"text": "1 min", "value": 38}, "end_location": {"lat": 35.0214434, "lng": 135.7721583}}, {"html_instructions": "Turn <b>left</b> at <b>\u8352\u795e\u6a4b\u6771\u8a70\uff08\u4ea4\u5dee\u70b9\uff09</b> onto <b>\u5ddd\u7aef\u901a\u308a</b>", "distance": {"text": "35 m", "value": 35}, "travel_mode": "DRIVING", "maneuver": "turn-left", "start_location": {"lat": 35.0214434, "lng": 135.7721583}, "polyline": {"points": "_cwtE__u{X]@a@A"}, "duration": {"text": "1 min", "value": 8}, "end_location": {"lat": 35.0217582, "lng": 135.7721553}}, {"html_instructions": "Turn <b>right</b> at <b>\u8352\u795e\u6a4b\u6771\u8a70\uff08\u4ea4\u5dee\u70b9\uff09</b> onto <b>\u8fd1\u885b\u901a\u308a</b>", "distance": {"text": "0.3 km", "value": 293}, "travel_mode": "DRIVING", "maneuver": "turn-right", "start_location": {"lat": 35.0217582, "lng": 135.7721553}, "polyline": {"points": "_ewtE__u{X?Q?yBAg@?g@A_B?QA{A?q@?y@Aq@?C?]?W"}, "duration": {"text": "1 min", "value": 61}, "end_location": {"lat": 35.0218018, "lng": 135.7753676}}, {"html_instructions": "Turn <b>left</b>", "distance": {"text": "0.2 km", "value": 187}, "travel_mode": "DRIVING", "maneuver": "turn-left", "start_location": {"lat": 35.0218018, "lng": 135.7753676}, "polyline": {"points": "gewtEasu{XgAAAAGA]LSDI@WBI@G@G@A?u@IKCI?KAG?E?G?K?O@"}, "duration": {"text": "1 min", "value": 46}, "end_location": {"lat": 35.0234613, "lng": 135.7753084}}, {"html_instructions": "Turn <b>left</b>", "distance": {"text": "50 m", "value": 50}, "travel_mode": "DRIVING", "maneuver": "turn-left", "start_location": {"lat": 35.0234613, "lng": 135.7753084}, "polyline": {"points": "sowtEuru{XPh@Rj@BJ"}, "duration": {"text": "1 min", "value": 13}, "end_location": {"lat": 35.02325190000001, "lng": 135.7748249}}, {"html_instructions": "Turn <b>right</b>", "distance": {"text": "74 m", "value": 74}, "travel_mode": "DRIVING", "maneuver": "turn-right", "start_location": {"lat": 35.02325190000001, "lng": 135.7748249}, "polyline": {"points": "inwtEsou{XI?C?E?E?i@CE?CAu@?"}, "duration": {"text": "1 min", "value": 23}, "end_location": {"lat": 35.0239127, "lng": 135.7748523}}], "duration": {"text": "7 mins", "value": 398}, "end_location": {"lat": 35.0239127, "lng": 135.7748523}}]}], "status": "OK", "geocoded_waypoints": [{"place_id": "ChIJ__5Zc40IAWARSd7m3wJV2eY", "geocoder_status": "OK", "types": ["establishment", "point_of_interest", "transit_station"]}, {"place_id": "ChIJ89NtQV8IAWAR4AexUYIyTJE", "geocoder_status": "OK", "types": ["street_address"]}]}