{"routes": [{"overview_polyline": {"points": "m~vtEiat{XvMJvB@f@BV?@Dn@?~AAnEBfBB"}, "warnings": [], "bounds": {"northeast": {"lat": 35.020714, "lng": 135.7674117}, "southwest": {"lat": 35.0151351, "lng": 135.7672627}}, "waypoint_order": [], "summary": "\u5bfa\u753a\u901a\u308a", "copyrights": "Map data \u00a92019", "legs": [{"distance": {"text": "0.6 km", "value": 623}, "traffic_speed_entry": [], "end_address": "Japan, \u3012604-0992 Kyoto, Nakagy\u014d-ku, Fujikich\u014d, \u5bfa\u753a\u901a\u5937\u5ddd\u4e0a\u308b\u2212\uff12\uff18", "via_waypoint": [], "start_address": "Japan, \u3012602-0867 Kyoto, Kamigy\u014d-ku, Matsukagech\u014d, \u5bfa\u753a\u901a\u8352\u795e\u53e3\u4e0b\u308b\u2212\uff11\uff13\uff11", "start_location": {"lat": 35.020714, "lng": 135.7674117}, "steps": [{"html_instructions": "Head <b>south</b> on <b>\u5bfa\u753a\u901a\u308a</b> toward <b>\u5fa1\u6240\u6771\u99d0\u8eca\u5834</b><div style=\"font-size:0.9em\">Destination will be on the left</div>", "distance": {"text": "0.6 km", "value": 623}, "travel_mode": "DRIVING", "start_location": {"lat": 35.020714, "lng": 135.7674117}, "polyline": {"points": "m~vtEiat{XvBB^@T?h@?t@@~A@d@?bA@v@@R?R?V?Z@J@V?@D`@AL@HAtA?xA@J?v@@p@?N?fABN?"}, "duration": {"text": "2 mins", "value": 142}, "end_location": {"lat": 35.0151351, "lng": 135.7672627}}], "duration": {"text": "2 mins", "value": 142}, "end_location": {"lat": 35.0151351, "lng": 135.7672627}}]}], "status": "OK", "geocoded_waypoints": [{"place_id": "ChIJsyjBxWEIAWARRcRL4coQT6s", "geocoder_status": "OK", "types": ["street_address"]}, {"place_id": "ChIJidYqdYwIAWARLaInU4w1Ees", "geocoder_status": "OK", "types": ["premise"]}]}