{"routes": [{"overview_polyline": {"points": "g}vtEmbu{X?r@?d@D?tCCdIElBA?RAj@?zC?xA?tDD~CFzAL~FwACiKGeLQ_EIy@CA^Cz@"}, "warnings": [], "bounds": {"northeast": {"lat": 35.0232277, "lng": 135.7727061}, "southwest": {"lat": 35.0174265, "lng": 135.7670774}}, "waypoint_order": [], "summary": "\u4e38\u592a\u753a\u901a\u308a/\u5e9c\u9053187\u53f7 and \u5bfa\u753a\u901a\u308a", "copyrights": "Map data \u00a92019", "legs": [{"distance": {"text": "1.5 km", "value": 1509}, "traffic_speed_entry": [], "end_address": "Teramachi-dori, Higashisakurach\u014d, Kamigy\u014d-ku, Kyoto, 602-0858, Japan", "via_waypoint": [], "start_address": "Kawabata-dori, Saky\u014d-ku, Kyoto, 606-8397, Japan", "start_location": {"lat": 35.0205204, "lng": 135.7727061}, "steps": [{"html_instructions": "Head <b>west</b> toward <b>\u5ddd\u7aef\u901a\u308a</b><div style=\"font-size:0.9em\">Restricted usage road</div>", "distance": {"text": "40 m", "value": 40}, "travel_mode": "DRIVING", "start_location": {"lat": 35.0205204, "lng": 135.7727061}, "polyline": {"points": "g}vtEmbu{X?b@?N?d@"}, "duration": {"text": "1 min", "value": 6}, "end_location": {"lat": 35.02052150000001, "lng": 135.7722641}}, {"html_instructions": "Turn <b>left</b> onto <b>\u5ddd\u7aef\u901a\u308a</b>", "distance": {"text": "0.3 km", "value": 329}, "travel_mode": "DRIVING", "maneuver": "turn-left", "start_location": {"lat": 35.02052150000001, "lng": 135.7722641}, "polyline": {"points": "g}vtEs_u{XD?xAAz@AzEChBAlBA"}, "duration": {"text": "1 min", "value": 67}, "end_location": {"lat": 35.0175601, "lng": 135.7723169}}, {"html_instructions": "Turn <b>right</b> onto <b>\u4e38\u592a\u753a\u6a4b</b>/<wbr/><b>\u4e38\u592a\u753a\u901a\u308a</b>/<wbr/><b>\u5e9c\u9053187\u53f7</b> (signs for <b>Karasumamarutamachi</b>)<div style=\"font-size:0.9em\">Continue to follow \u4e38\u592a\u753a\u901a\u308a/<wbr/>\u5e9c\u9053187\u53f7</div>", "distance": {"text": "0.5 km", "value": 456}, "travel_mode": "DRIVING", "maneuver": "turn-right", "start_location": {"lat": 35.0175601, "lng": 135.7723169}, "polyline": {"points": "wjvtE_`u{X?RAb@?F?H?H@rAAr@?F?F?P?D?D?H?N?PAdB?D?J@|@@f@BvBDnA@JD`B@D@p@BdB"}, "duration": {"text": "2 mins", "value": 98}, "end_location": {"lat": 35.0174265, "lng": 135.7673214}}, {"html_instructions": "Turn <b>right</b> onto <b>\u5bfa\u753a\u901a\u308a</b>", "distance": {"text": "0.6 km", "value": 642}, "travel_mode": "DRIVING", "maneuver": "turn-right", "start_location": {"lat": 35.0174265, "lng": 135.7673214}, "polyline": {"points": "}ivtEw`t{XW?KA[AW?S?S?w@AcAAe@?_BAu@Ai@?U?_@AwFIwBEuBEiACy@C"}, "duration": {"text": "1 min", "value": 83}, "end_location": {"lat": 35.0232013, "lng": 135.7675367}}, {"html_instructions": "Turn <b>left</b>", "distance": {"text": "42 m", "value": 42}, "travel_mode": "DRIVING", "maneuver": "turn-left", "start_location": {"lat": 35.0232013, "lng": 135.7675367}, "polyline": {"points": "_nwtEcbt{XA^?FCr@"}, "duration": {"text": "1 min", "value": 12}, "end_location": {"lat": 35.0232277, "lng": 135.7670774}}], "duration": {"text": "4 mins", "value": 266}, "end_location": {"lat": 35.0232277, "lng": 135.7670774}}]}], "status": "OK", "geocoded_waypoints": [{"place_id": "ChIJBS3kF_UIAWAR4OeuMoMvxuI", "geocoder_status": "OK", "types": ["route"]}, {"place_id": "ChIJvQizbGEIAWARIlK8B499TMY", "geocoder_status": "OK", "types": ["route"]}]}