{"routes": [{"overview_polyline": {"points": "cjwtE__u{XiPQ@U~BD~A@nMLz@?vEAvJGvECAv@@nBAtAAnDBdBHfEJdDDjB?zCR?rB?lB@bA?"}, "warnings": [], "bounds": {"northeast": {"lat": 35.0253467, "lng": 135.7723583}, "southwest": {"lat": 35.0158514, "lng": 135.7664971}}, "waypoint_order": [], "summary": "\u5ddd\u7aef\u901a\u308a and \u4e38\u592a\u753a\u901a\u308a/\u5e9c\u9053187\u53f7", "copyrights": "Map data \u00a92019", "legs": [{"distance": {"text": "1.9 km", "value": 1888}, "traffic_speed_entry": [], "end_address": "583-1 Matsumotocho, Nakagyo Ward, Kyoto, 604-0982, Japan", "via_waypoint": [], "start_address": "21-8 Yoshidakawarach\u014d, Saky\u014d-ku, Kyoto, 606-8305, Japan", "start_location": {"lat": 35.02257840000001, "lng": 135.7721614}, "steps": [{"html_instructions": "Head <b>north</b> on <b>\u5ddd\u7aef\u901a\u308a</b> toward <b>\u6771\u4e00\u6761\u901a\u308a</b>", "distance": {"text": "0.3 km", "value": 308}, "travel_mode": "DRIVING", "start_location": {"lat": 35.02257840000001, "lng": 135.7721614}, "polyline": {"points": "cjwtE__u{XeDEaDE_BCaCA"}, "duration": {"text": "1 min", "value": 37}, "end_location": {"lat": 35.0253467, "lng": 135.7722538}}, {"html_instructions": "Make a <b>U-turn</b> at <b>\u5ddd\u7aef\u6771\u4e00\u6761\uff08\u4ea4\u5dee\u70b9\uff09</b>", "distance": {"text": "0.9 km", "value": 875}, "travel_mode": "DRIVING", "maneuver": "uturn-right", "start_location": {"lat": 35.0253467, "lng": 135.7722538}, "polyline": {"points": "m{wtEq_u{X@U~BDbA@Z?vJLvA?Z?^?\\AbA?pAAb@@D?xAAz@AzEChBAlBA"}, "duration": {"text": "3 mins", "value": 185}, "end_location": {"lat": 35.0175601, "lng": 135.7723169}}, {"html_instructions": "Turn <b>right</b> onto <b>\u4e38\u592a\u753a\u6a4b</b>/<wbr/><b>\u4e38\u592a\u753a\u901a\u308a</b>/<wbr/><b>\u5e9c\u9053187\u53f7</b> (signs for <b>Karasumamarutamachi</b>)<div style=\"font-size:0.9em\">Continue to follow \u4e38\u592a\u753a\u901a\u308a/<wbr/>\u5e9c\u9053187\u53f7</div>", "distance": {"text": "0.5 km", "value": 530}, "travel_mode": "DRIVING", "maneuver": "turn-right", "start_location": {"lat": 35.0175601, "lng": 135.7723169}, "polyline": {"points": "wjvtE_`u{X?RAb@?F?H?H@rAAr@?F?F?P?D?D?H?N?PAdB?D?J@|@@f@BvBDnA@JD`B@D@p@BdB@D?zC"}, "duration": {"text": "2 mins", "value": 108}, "end_location": {"lat": 35.0174245, "lng": 135.7665092}}, {"html_instructions": "Turn <b>left</b> onto <b>\u5fa1\u5e78\u753a\u901a\u308a</b><div style=\"font-size:0.9em\">Destination will be on the left</div>", "distance": {"text": "0.2 km", "value": 175}, "travel_mode": "DRIVING", "maneuver": "turn-left", "start_location": {"lat": 35.0174245, "lng": 135.7665092}, "polyline": {"points": "{ivtEu{s{XR?\\?tA?^?lA@bA?"}, "duration": {"text": "1 min", "value": 54}, "end_location": {"lat": 35.0158514, "lng": 135.7664971}}], "duration": {"text": "6 mins", "value": 384}, "end_location": {"lat": 35.0158514, "lng": 135.7664971}}]}], "status": "OK", "geocoded_waypoints": [{"place_id": "ChIJz9BTkl8IAWAR4R5IZrenoHA", "geocoder_status": "OK", "types": ["premise"]}, {"place_id": "ChIJ34KQ5osIAWAR84i2DRB6xcc", "geocoder_status": "OK", "types": ["establishment", "gym", "health", "point_of_interest"]}]}