{"routes": [{"overview_polyline": {"points": "ccvtEglu{X}AKqCKCfC?vGAhA?~DApCBvBHfEFlBHbD@x\\?vJBtDF~AExFAdM@t@@xAd@?hBAtA??wC@g@"}, "warnings": [], "bounds": {"northeast": {"lat": 35.0175803, "lng": 135.7743998}, "southwest": {"lat": 35.016215, "lng": 135.7550108}}, "waypoint_order": [], "summary": "\u4e38\u592a\u753a\u901a\u308a/\u5e9c\u9053187\u53f7", "copyrights": "Map data \u00a92019", "legs": [{"distance": {"text": "2.1 km", "value": 2117}, "traffic_speed_entry": [], "end_address": "364 Sashimonoyach\u014d, Nakagy\u014d-ku, Kyoto, 604-0095, Japan", "via_waypoint": [], "start_address": "Japan, \u3012606-8357 Kyoto, Saky\u014d-ku, Sh\u014dgoin Rengez\u014dch\u014d, \uff14\uff16 \uff22", "start_location": {"lat": 35.0163363, "lng": 135.7742767}, "steps": [{"html_instructions": "Head <b>north</b> on <b>\u7af9\u5c4b\u753a\u901a\u308a</b> toward <b>\u7af9\u5c4b\u753a\u901a\u308a</b>", "distance": {"text": "0.1 km", "value": 134}, "travel_mode": "DRIVING", "start_location": {"lat": 35.0163363, "lng": 135.7742767}, "polyline": {"points": "ccvtEglu{X]CCAq@EI?c@CmBG"}, "duration": {"text": "1 min", "value": 51}, "end_location": {"lat": 35.0175398, "lng": 135.7743998}}, {"html_instructions": "Turn <b>left</b> onto <b>\u4e38\u592a\u753a\u901a\u308a</b>/<wbr/><b>\u5e9c\u9053187\u53f7</b>", "distance": {"text": "1.8 km", "value": 1767}, "travel_mode": "DRIVING", "maneuver": "turn-left", "start_location": {"lat": 35.0175398, "lng": 135.7743998}, "polyline": {"points": "sjvtE_mu{X?RCrB?f@AjB?Z@fB?RAb@?F?H?H@rAAr@?F?F?P?D?D?H?N?PAdB?D?J@|@@f@BvBDnA@JD`B@D@p@BdB@D?zC?hC?dA?`@?x@@~E?rC?|B?Z?xC?V?N@d@?D?fAAd@@fB?t@?L@H?NBV@^@V?P?NAfACnC?|CAfC?tC?H?X@Z@xA"}, "duration": {"text": "6 mins", "value": 345}, "end_location": {"lat": 35.0173678, "lng": 135.7550108}}, {"html_instructions": "Turn <b>left</b> onto <b>\u897f\u6d1e\u9662\u901a\u308a</b>", "distance": {"text": "0.1 km", "value": 128}, "travel_mode": "DRIVING", "maneuver": "turn-left", "start_location": {"lat": 35.0173678, "lng": 135.7550108}, "polyline": {"points": "qivtEysq{Xd@?x@An@?tA?"}, "duration": {"text": "1 min", "value": 31}, "end_location": {"lat": 35.0162183, "lng": 135.7550213}}, {"html_instructions": "Turn <b>left</b> onto <b>\u7af9\u5c4b\u753a\u901a\u308a</b><div style=\"font-size:0.9em\">Destination will be on the left</div>", "distance": {"text": "88 m", "value": 88}, "travel_mode": "DRIVING", "maneuver": "turn-left", "start_location": {"lat": 35.0162183, "lng": 135.7550213}, "polyline": {"points": "kbvtE{sq{X?wC@g@"}, "duration": {"text": "1 min", "value": 28}, "end_location": {"lat": 35.016215, "lng": 135.7559847}}], "duration": {"text": "8 mins", "value": 455}, "end_location": {"lat": 35.016215, "lng": 135.7559847}}]}], "status": "OK", "geocoded_waypoints": [{"place_id": "ChIJjUxBtfMIAWARIVwzBVzf-zU", "geocoder_status": "OK", "types": ["premise"]}, {"place_id": "ChIJ3yVNYX4IAWAR88KgmcyfOtQ", "geocoder_status": "OK", "types": ["street_address"]}]}