{"routes": [{"overview_polyline": {"points": "}{utEmtt{X@hBO?w@BqC@q@@?p@ElCC?o@AaAGoAMaDYkDYkAI}@IAv@?`B"}, "warnings": [], "bounds": {"northeast": {"lat": 35.0199127, "lng": 135.7704712}, "southwest": {"lat": 35.015177, "lng": 135.7686525}}, "waypoint_order": [], "summary": "\u6cb3\u539f\u753a\u901a\u308a/\u5e9c\u905332\u53f7", "copyrights": "Map data \u00a92019", "legs": [{"distance": {"text": "0.7 km", "value": 731}, "traffic_speed_entry": [], "end_address": "Japan, \u3012602-0861 Kyoto, Kamigy\u014d-ku, Shinkarasumakashirach\u014d, \u6cb3\u539f\u753a\u901a\u8352\u795e\u53e3\u4e0b\u308b\u897f\u5165\uff11\uff16\uff18\u2212\uff15", "via_waypoint": [], "start_address": "Japan, \u3012604-0902 Kyoto, Nakagy\u014d-ku, Hokodench\u014d, \uff15\uff14\uff12 \u4eac\u90fd\u5e02\u7acb\u9285\u99dd\u7f8e\u8853\u5de5\u82b8\u9ad8\u7b49\u5b66\u6821", "start_location": {"lat": 35.0151856, "lng": 135.7704712}, "steps": [{"html_instructions": "Head <b>west</b> toward <b>\u7af9\u5c4b\u753a\u901a\u308a</b>", "distance": {"text": "0.2 km", "value": 198}, "travel_mode": "DRIVING", "start_location": {"lat": 35.0151856, "lng": 135.7704712}, "polyline": {"points": "}{utEmtt{X@hBO?m@@I@{@@uA?q@@"}, "duration": {"text": "1 min", "value": 68}, "end_location": {"lat": 35.0165223, "lng": 135.7699034}}, {"html_instructions": "Turn <b>left</b> toward <b>\u6cb3\u539f\u753a\u901a\u308a</b>/<wbr/><b>\u5e9c\u905332\u53f7</b>", "distance": {"text": "88 m", "value": 88}, "travel_mode": "DRIVING", "maneuver": "turn-left", "start_location": {"lat": 35.0165223, "lng": 135.7699034}, "polyline": {"points": "gdvtE{pt{X?p@ElC"}, "duration": {"text": "1 min", "value": 33}, "end_location": {"lat": 35.016546, "lng": 135.7689372}}, {"html_instructions": "Turn <b>right</b> onto <b>\u6cb3\u539f\u753a\u901a\u308a</b>/<wbr/><b>\u5e9c\u905332\u53f7</b>", "distance": {"text": "0.4 km", "value": 375}, "travel_mode": "DRIVING", "maneuver": "turn-right", "start_location": {"lat": 35.016546, "lng": 135.7689372}, "polyline": {"points": "mdvtE{jt{XC?Y?UAKAYAOAKAQA}@K_BKaAMo@EEAuAK_@Eg@Cc@E}@I"}, "duration": {"text": "1 min", "value": 83}, "end_location": {"lat": 35.0198978, "lng": 135.7694158}}, {"html_instructions": "Turn <b>left</b><div style=\"font-size:0.9em\">Destination will be on the left</div>", "distance": {"text": "70 m", "value": 70}, "travel_mode": "DRIVING", "maneuver": "turn-left", "start_location": {"lat": 35.0198978, "lng": 135.7694158}, "polyline": {"points": "kyvtE{mt{XAv@@JAtA"}, "duration": {"text": "1 min", "value": 18}, "end_location": {"lat": 35.0199127, "lng": 135.7686525}}], "duration": {"text": "3 mins", "value": 202}, "end_location": {"lat": 35.0199127, "lng": 135.7686525}}]}], "status": "OK", "geocoded_waypoints": [{"place_id": "ChIJmYXMxIwIAWARXsfMkCiuYi8", "geocoder_status": "OK", "types": ["premise"]}, {"place_id": "ChIJNwqafYoIAWARn4_Zl5fouyA", "geocoder_status": "OK", "types": ["premise"]}]}