{"routes": [{"overview_polyline": {"points": "qivtEmir{XCxOBxCpNC~FB?UpBAv@?J?"}, "warnings": [], "bounds": {"northeast": {"lat": 35.0173913, "lng": 135.7584662}, "southwest": {"lat": 35.0126873, "lng": 135.755008}}, "waypoint_order": [], "summary": "\u4e38\u592a\u753a\u901a\u308a/\u5e9c\u9053187\u53f7 and \u897f\u6d1e\u9662\u901a\u308a", "copyrights": "Map data \u00a92019", "legs": [{"distance": {"text": "0.8 km", "value": 847}, "traffic_speed_entry": [], "end_address": "642 Nij\u014dnishit\u014dinch\u014d, Nakagy\u014d-ku, Kyoto, 604-0041, Japan", "via_waypoint": [], "start_address": "Japan, \u3012604-0867 Kyoto, Nakagy\u014d-ku, \u4e38\u592a\u753a\u901a\u4e21\u66ff\u753a\u897f\u5165\u5e38\u771f\u6a2a\u753a\uff11\uff18\uff16", "start_location": {"lat": 35.0173662, "lng": 135.7584662}, "steps": [{"html_instructions": "Head <b>west</b> on <b>\u4e38\u592a\u753a\u901a\u308a</b>/<wbr/><b>\u5e9c\u9053187\u53f7</b> toward <b>\u5ba4\u753a\u901a\u308a</b>", "distance": {"text": "0.3 km", "value": 315}, "travel_mode": "DRIVING", "start_location": {"lat": 35.0173662, "lng": 135.7584662}, "polyline": {"points": "qivtEmir{XA|A?|CAfC?tC?H?X@Z@xA"}, "duration": {"text": "1 min", "value": 57}, "end_location": {"lat": 35.0173678, "lng": 135.7550108}}, {"html_instructions": "Turn <b>left</b> onto <b>\u897f\u6d1e\u9662\u901a\u308a</b>", "distance": {"text": "0.4 km", "value": 419}, "travel_mode": "DRIVING", "maneuver": "turn-left", "start_location": {"lat": 35.0173678, "lng": 135.7550108}, "polyline": {"points": "qivtEysq{Xd@?x@An@?tA?D?vDA~@?L?fA@z@?L@lB?"}, "duration": {"text": "2 mins", "value": 102}, "end_location": {"lat": 35.0136039, "lng": 135.755008}}, {"html_instructions": "Turn <b>left</b> onto <b>\u4e8c\u6761\u901a\u308a</b>", "distance": {"text": "11 m", "value": 11}, "travel_mode": "DRIVING", "maneuver": "turn-left", "start_location": {"lat": 35.0136039, "lng": 135.755008}, "polyline": {"points": "_rutEysq{X?U"}, "duration": {"text": "1 min", "value": 4}, "end_location": {"lat": 35.0136023, "lng": 135.7551242}}, {"html_instructions": "Turn <b>right</b> onto <b>\u897f\u6d1e\u9662\u901a\u308a</b><div style=\"font-size:0.9em\">Destination will be on the left</div>", "distance": {"text": "0.1 km", "value": 102}, "travel_mode": "DRIVING", "maneuver": "turn-right", "start_location": {"lat": 35.0136023, "lng": 135.7551242}, "polyline": {"points": "_rutEotq{XpBAT?`@?J?"}, "duration": {"text": "1 min", "value": 23}, "end_location": {"lat": 35.0126873, "lng": 135.7551291}}], "duration": {"text": "3 mins", "value": 186}, "end_location": {"lat": 35.0126873, "lng": 135.7551291}}]}], "status": "OK", "geocoded_waypoints": [{"place_id": "ChIJpRj2un0IAWARwHboIpoLUBM", "geocoder_status": "OK", "types": ["street_address"]}, {"place_id": "ChIJR4nX6IAIAWARFQuleBX8BnA", "geocoder_status": "OK", "types": ["street_address"]}]}