{"routes": [{"overview_polyline": {"points": "wyvtE_yu{XA~@DFF@n@D@D?HkDGcGE@jB?|A"}, "warnings": [], "bounds": {"northeast": {"lat": 35.0218119, "lng": 135.7763184}, "southwest": {"lat": 35.0196487, "lng": 135.7749046}}, "waypoint_order": [], "summary": "\u8fd1\u885b\u901a\u308a", "copyrights": "Map data \u00a92019", "legs": [{"distance": {"text": "0.4 km", "value": 404}, "traffic_speed_entry": [], "end_address": "26-4 Yoshidashimoadachich\u014d, Saky\u014d-ku, Kyoto, 606-8304, Japan", "via_waypoint": [], "start_address": "RI Medical Treatment Building, 54 Sh\u014dgoin Kawarach\u014d, Saky\u014d-ku, Kyoto, 606-8397, Japan", "start_location": {"lat": 35.0199554, "lng": 135.7763184}, "steps": [{"html_instructions": "Head <b>west</b><div style=\"font-size:0.9em\">Restricted usage road</div>", "distance": {"text": "29 m", "value": 29}, "travel_mode": "DRIVING", "start_location": {"lat": 35.0199554, "lng": 135.7763184}, "polyline": {"points": "wyvtE_yu{XA~@"}, "duration": {"text": "1 min", "value": 7}, "end_location": {"lat": 35.0199677, "lng": 135.7759992}}, {"html_instructions": "Slight <b>left</b><div style=\"font-size:0.9em\">Restricted usage road</div>", "distance": {"text": "43 m", "value": 43}, "travel_mode": "DRIVING", "maneuver": "turn-slight-left", "start_location": {"lat": 35.0199677, "lng": 135.7759992}, "polyline": {"points": "yyvtE_wu{XDF@?D@L?PBL@@??@@@?@@H"}, "duration": {"text": "1 min", "value": 14}, "end_location": {"lat": 35.0196444, "lng": 135.7758419}}, {"html_instructions": "Sharp <b>right</b>", "distance": {"text": "0.2 km", "value": 241}, "travel_mode": "DRIVING", "maneuver": "turn-sharp-right", "start_location": {"lat": 35.0196444, "lng": 135.7758419}, "polyline": {"points": "wwvtE_vu{XA?qBEy@AiAAyDC"}, "duration": {"text": "1 min", "value": 59}, "end_location": {"lat": 35.0218119, "lng": 135.7759078}}, {"html_instructions": "Turn <b>left</b> onto <b>\u8fd1\u885b\u901a\u308a</b>", "distance": {"text": "91 m", "value": 91}, "travel_mode": "DRIVING", "maneuver": "turn-left", "start_location": {"lat": 35.0218119, "lng": 135.7759078}, "polyline": {"points": "iewtEmvu{X?~@@j@?V?\\?B?b@"}, "duration": {"text": "1 min", "value": 24}, "end_location": {"lat": 35.0217951, "lng": 135.7749046}}], "duration": {"text": "2 mins", "value": 104}, "end_location": {"lat": 35.0217951, "lng": 135.7749046}}]}], "status": "OK", "geocoded_waypoints": [{"place_id": "ChIJxYm7pPYIAWARZXLOl2Dlgx0", "geocoder_status": "OK", "types": ["premise"]}, {"place_id": "ChIJM4ei6vUIAWARRYlyPtlgsAY", "geocoder_status": "OK", "types": ["premise"]}]}