{"routes": [{"overview_polyline": {"points": "eiutEqtq{XhECz@?DeAD{H?}D@qEAgBw@A{I?gFDaMP}B?a@?]F_@Ng@HyBByLBkTA{JC"}, "warnings": [], "bounds": {"northeast": {"lat": 35.0256974, "lng": 135.7596112}, "southwest": {"lat": 35.0108134, "lng": 135.7551333}}, "waypoint_order": [], "summary": "\u70cf\u4e38\u901a\u308a/\u56fd\u9053367\u53f7", "copyrights": "Map data \u00a92019", "legs": [{"distance": {"text": "2.2 km", "value": 2208}, "traffic_speed_entry": [], "end_address": "590 Hirohashidonoch\u014d, Kamigy\u014d-ku, Kyoto, 602-0911, Japan", "via_waypoint": [], "start_address": "Japan, \u3012604-0041 Kyoto, Nakagy\u014d-ku, \u62bc\u5c0f\u8def\u901a\u897f\u6d1e\u9662\u897f\u5165\u4e8c\u6761\u897f\u6d1e\u9662\u753a\uff16\uff13\uff10", "start_location": {"lat": 35.012191, "lng": 135.7551333}, "steps": [{"html_instructions": "Head <b>south</b> on <b>\u897f\u6d1e\u9662\u901a\u308a</b> toward <b>\u5fa1\u6c60\u901a\u308a</b>/<wbr/><b>\u5e9c\u905337\u53f7</b>", "distance": {"text": "0.1 km", "value": 146}, "travel_mode": "DRIVING", "start_location": {"lat": 35.012191, "lng": 135.7551333}, "polyline": {"points": "eiutEqtq{X@?PAN?dDA^AZ@"}, "duration": {"text": "1 min", "value": 52}, "end_location": {"lat": 35.0108801, "lng": 135.7551479}}, {"html_instructions": "Turn <b>left</b> onto <b>\u5fa1\u6c60\u901a\u308a</b>/<wbr/><b>\u5e9c\u905337\u53f7</b>", "distance": {"text": "0.4 km", "value": 405}, "travel_mode": "DRIVING", "maneuver": "turn-left", "start_location": {"lat": 35.0108801, "lng": 135.7551479}, "polyline": {"points": "_autEutq{XDaA?CBgA@qA?_A?aB?a@@s@A_B?G@gA?oA?a@?W?OAwA"}, "duration": {"text": "2 mins", "value": 95}, "end_location": {"lat": 35.0108185, "lng": 135.7595962}}, {"html_instructions": "Turn <b>left</b> at <b>\u70cf\u4e38\u5fa1\u6c60\uff08\u4ea4\u5dee\u70b9\uff09</b> onto <b>\u70cf\u4e38\u901a\u308a</b>/<wbr/><b>\u56fd\u9053367\u53f7</b> (signs for <b>Karasumamarutamachi</b>)<div style=\"font-size:0.9em\">Destination will be on the left</div>", "distance": {"text": "1.7 km", "value": 1657}, "travel_mode": "DRIVING", "maneuver": "turn-left", "start_location": {"lat": 35.0108185, "lng": 135.7595962}, "polyline": {"points": "s`utEopr{Xc@AS?i@?cBA}A?oB@yB@g@?eABS?a@@e@@e@@m@@eCBgBBc@@s@?a@?K?[?Q?O?I@SDEBYJa@FE@Q@W?[?s@@oB@aA?w@@}B?K?a@?E?]?cCAa@?M?uB?iC@_C?u@?aAAcD?K?iAA}AAc@?"}, "duration": {"text": "4 mins", "value": 255}, "end_location": {"lat": 35.0256974, "lng": 135.7593096}}], "duration": {"text": "7 mins", "value": 402}, "end_location": {"lat": 35.0256974, "lng": 135.7593096}}]}], "status": "OK", "geocoded_waypoints": [{"place_id": "ChIJs9TX-oAIAWARdZWhe8HrD1E", "geocoder_status": "OK", "types": ["street_address"]}, {"place_id": "ChIJ84IW83AIAWARToeHiZSu1CE", "geocoder_status": "OK", "types": ["street_address"]}]}