{"routes": [{"overview_polyline": {"points": "_nwtE_rt{XC~@CBK@?j@Az@xC?Z?lE]nCMpB?b@@`BNbDVpBR|CVfAF~@BfEB|GEjIAnAAMfGCpCA`FOnOCrCK@_B?{A@qB?uA?"}, "warnings": [], "bounds": {"northeast": {"lat": 35.0233073, "lng": 135.7700795}, "southwest": {"lat": 35.0120573, "lng": 135.7623891}}, "waypoint_order": [], "summary": "\u6cb3\u539f\u753a\u901a\u308a/\u5e9c\u905332\u53f7 and \u62bc\u5c0f\u8def\u901a\u308a", "copyrights": "Map data \u00a92019", "legs": [{"distance": {"text": "2.2 km", "value": 2164}, "traffic_speed_entry": [], "end_address": "765 Tenshuch\u014d, Nakagy\u014d-ku, Kyoto, 604-0812, Japan", "via_waypoint": [], "start_address": "Japan, \u3012602-0841 Kyoto, Kamigyo Ward, \u6cb3\u539f\u753a\u5e83\u5c0f\u8def\u68b6\u4e95\u753a465", "start_location": {"lat": 35.0231991, "lng": 135.7700795}, "steps": [{"html_instructions": "Head <b>west</b><div style=\"font-size:0.9em\">Restricted usage road</div>", "distance": {"text": "39 m", "value": 39}, "travel_mode": "DRIVING", "start_location": {"lat": 35.0231991, "lng": 135.7700795}, "polyline": {"points": "_nwtE_rt{X?Z?ZABABA@A@K@"}, "duration": {"text": "1 min", "value": 9}, "end_location": {"lat": 35.0232995, "lng": 135.7697307}}, {"html_instructions": "Turn <b>left</b> toward <b>\u6cb3\u539f\u753a\u901a\u308a</b>/<wbr/><b>\u5e9c\u905332\u53f7</b><div style=\"font-size:0.9em\">Restricted usage road</div>", "distance": {"text": "47 m", "value": 47}, "travel_mode": "DRIVING", "maneuver": "turn-left", "start_location": {"lat": 35.0232995, "lng": 135.7697307}, "polyline": {"points": "snwtEyot{X?j@Az@"}, "duration": {"text": "1 min", "value": 18}, "end_location": {"lat": 35.0233073, "lng": 135.7692131}}, {"html_instructions": "Turn <b>left</b> onto <b>\u6cb3\u539f\u753a\u901a\u308a</b>/<wbr/><b>\u5e9c\u905332\u53f7</b>", "distance": {"text": "1.2 km", "value": 1247}, "travel_mode": "DRIVING", "maneuver": "turn-left", "start_location": {"lat": 35.0233073, "lng": 135.7692131}, "polyline": {"points": "unwtEqlt{XxC?J?N?LAf@EfAKnAIfAG^C^AF?LAV?v@@R?R@N?|@Hb@Df@B^DtAJD@n@D`AL~AJ|@JP@J@N@X@J@T@X?B?h@@bA@d@?r@?BAv@?n@?pAAP?V?^AT?T?n@?`@?j@?`@AzAAt@@B?J?N?d@?"}, "duration": {"text": "4 mins", "value": 218}, "end_location": {"lat": 35.0121319, "lng": 135.7689618}}, {"html_instructions": "Turn <b>right</b> onto <b>\u62bc\u5c0f\u8def\u901a\u308a</b>", "distance": {"text": "0.6 km", "value": 608}, "travel_mode": "DRIVING", "maneuver": "turn-right", "start_location": {"lat": 35.0121319, "lng": 135.7689618}, "polyline": {"points": "yhutE_kt{XLAEvBEbBAj@Az@?RAx@?F?l@?h@@?ChC?f@CpBGvEC|CCrC"}, "duration": {"text": "3 mins", "value": 160}, "end_location": {"lat": 35.0122592, "lng": 135.7624089}}, {"html_instructions": "Turn <b>right</b> onto <b>\u9ad8\u5009\u901a\u308a</b><div style=\"font-size:0.9em\">Destination will be on the right</div>", "distance": {"text": "0.2 km", "value": 223}, "travel_mode": "DRIVING", "maneuver": "turn-right", "start_location": {"lat": 35.0122592, "lng": 135.7624089}, "polyline": {"points": "siutEabs{XK@U?iA?A?a@?K?k@@m@?U?K?a@?y@?[?"}, "duration": {"text": "1 min", "value": 69}, "end_location": {"lat": 35.0142622, "lng": 135.7623893}}], "duration": {"text": "8 mins", "value": 474}, "end_location": {"lat": 35.0142622, "lng": 135.7623893}}]}], "status": "OK", "geocoded_waypoints": [{"place_id": "ChIJofgcYWAIAWAR1PsXpk6aPQg", "geocoder_status": "OK", "types": ["establishment", "point_of_interest"]}, {"place_id": "ChIJt_VLlYgIAWAR3d0-C-IrJ9Q", "geocoder_status": "OK", "types": ["street_address"]}]}