{"routes": [{"overview_polyline": {"points": "csvtEaor{XrFERCh@UCWAY?qEAcCA_U"}, "warnings": [], "bounds": {"northeast": {"lat": 35.0189031, "lng": 135.7650145}, "southwest": {"lat": 35.0173746, "lng": 135.7593724}}, "waypoint_order": [], "summary": "\u70cf\u4e38\u901a\u308a/\u56fd\u9053367\u53f7 and \u4e38\u592a\u753a\u901a\u308a/\u5e9c\u9053187\u53f7", "copyrights": "Map data \u00a92019", "legs": [{"distance": {"text": "0.7 km", "value": 672}, "traffic_speed_entry": [], "end_address": "Japan, \u3012604-0971 Kyoto, Nakagy\u014d-ku, Masuyach\u014d, \u4e38\u592a\u753a\u901a\u5bcc\u5c0f\u8def\u6771\u5165\uff13\uff13\uff17", "via_waypoint": [], "start_address": "4-2 Ky\u014dtogyoen, Kamigy\u014d-ku, Kyoto, 602-0881, Japan", "start_location": {"lat": 35.0189031, "lng": 135.7593724}, "steps": [{"html_instructions": "Head <b>south</b> on <b>\u70cf\u4e38\u901a\u308a</b>/<wbr/><b>\u56fd\u9053367\u53f7</b> toward <b>\u4e38\u592a\u753a\u901a\u308a</b>/<wbr/><b>\u5e9c\u9053187\u53f7</b>", "distance": {"text": "0.2 km", "value": 172}, "travel_mode": "DRIVING", "start_location": {"lat": 35.0189031, "lng": 135.7593724}, "polyline": {"points": "csvtEaor{XZ?DA~A?F?HAf@?h@AL?D?B?DABAh@U"}, "duration": {"text": "1 min", "value": 30}, "end_location": {"lat": 35.0173746, "lng": 135.7595257}}, {"html_instructions": "Turn <b>left</b> at <b>\u70cf\u4e38\u4e38\u592a\u753a\uff08\u4ea4\u5dee\u70b9\uff09</b> onto <b>\u4e38\u592a\u753a\u901a\u308a</b>/<wbr/><b>\u5e9c\u9053187\u53f7</b> (signs for <b>\u7947\u5712</b>/<wbr/><b>\u5ca1\u5d0e</b>/<wbr/><b>\u4eac\u90fd\u5e9c\u9053187\u53f7</b>/<wbr/><b>\u5e73\u5b89\u795e\u5bae</b>)", "distance": {"text": "0.5 km", "value": 500}, "travel_mode": "DRIVING", "maneuver": "turn-left", "start_location": {"lat": 35.0173746, "lng": 135.7595257}, "polyline": {"points": "qivtEapr{XCW?OAI?M?u@AgB@e@?gA?EAe@?O?W?yC?[?}B?sCA_F"}, "duration": {"text": "1 min", "value": 76}, "end_location": {"lat": 35.0174164, "lng": 135.7650145}}], "duration": {"text": "2 mins", "value": 106}, "end_location": {"lat": 35.0174164, "lng": 135.7650145}}]}], "status": "OK", "geocoded_waypoints": [{"place_id": "ChIJIbuZ5XwIAWAR5xfZ1hXL3bc", "geocoder_status": "OK", "types": ["street_address"]}, {"place_id": "ChIJC1odvokIAWAR4M2adVbIZEw", "geocoder_status": "OK", "types": ["street_address"]}]}