{"routes": [{"overview_polyline": {"points": "y{vtEspu{XIB]BCcD?Wx@@rBD`CDxADEnClFFtADn@DA^"}, "warnings": [], "bounds": {"northeast": {"lat": 35.0205091, "lng": 135.7758801}, "southwest": {"lat": 35.0167089, "lng": 135.7748012}}, "waypoint_order": [], "summary": "\u4e38\u592a\u753a\u901a\u308a/\u5e9c\u9053187\u53f7", "copyrights": "Map data \u00a92019", "legs": [{"distance": {"text": "0.6 km", "value": 615}, "traffic_speed_entry": [], "end_address": "60-53 Higashitakeyach\u014d, Saky\u014d-ku, Kyoto, 606-8393, Japan", "via_waypoint": [], "start_address": "46-20 Yoshidashimoadachich\u014d, Saky\u014d-ku, Kyoto, 606-8304, Japan", "start_location": {"lat": 35.0202861, "lng": 135.7749785}, "steps": [{"html_instructions": "Head <b>north</b><div style=\"font-size:0.9em\">Restricted usage road</div>", "distance": {"text": "23 m", "value": 23}, "travel_mode": "DRIVING", "start_location": {"lat": 35.0202861, "lng": 135.7749785}, "polyline": {"points": "y{vtEspu{XC@C@A?IBS?"}, "duration": {"text": "1 min", "value": 6}, "end_location": {"lat": 35.0204895, "lng": 135.7749369}}, {"html_instructions": "Turn <b>right</b><div style=\"font-size:0.9em\">Restricted usage road</div>", "distance": {"text": "86 m", "value": 86}, "travel_mode": "DRIVING", "maneuver": "turn-right", "start_location": {"lat": 35.0204895, "lng": 135.7749369}, "polyline": {"points": "a}vtEkpu{XCcC?_@?W"}, "duration": {"text": "1 min", "value": 24}, "end_location": {"lat": 35.0205058, "lng": 135.7758801}}, {"html_instructions": "Turn <b>right</b>", "distance": {"text": "0.2 km", "value": 218}, "travel_mode": "DRIVING", "maneuver": "turn-right", "start_location": {"lat": 35.0205058, "lng": 135.7758801}, "polyline": {"points": "e}vtEgvu{Xx@@pBD@?dABj@@N?Z@|@B"}, "duration": {"text": "1 min", "value": 56}, "end_location": {"lat": 35.0185428, "lng": 135.7757788}}, {"html_instructions": "Turn <b>right</b> toward <b>\u4e38\u592a\u753a\u901a\u308a</b>/<wbr/><b>\u5e9c\u9053187\u53f7</b>", "distance": {"text": "65 m", "value": 65}, "travel_mode": "DRIVING", "maneuver": "turn-right", "start_location": {"lat": 35.0185428, "lng": 135.7757788}, "polyline": {"points": "{pvtEsuu{XCvBAV"}, "duration": {"text": "1 min", "value": 20}, "end_location": {"lat": 35.0185686, "lng": 135.7750647}}, {"html_instructions": "Turn <b>left</b> onto <b>\u4e38\u592a\u753a\u901a\u308a</b>/<wbr/><b>\u5e9c\u9053187\u53f7</b>", "distance": {"text": "0.2 km", "value": 208}, "travel_mode": "DRIVING", "maneuver": "turn-left", "start_location": {"lat": 35.0185686, "lng": 135.7750647}, "polyline": {"points": "aqvtEcqu{XpB@~AD?AZ@z@DX?n@D"}, "duration": {"text": "1 min", "value": 82}, "end_location": {"lat": 35.0167089, "lng": 135.7749626}}, {"html_instructions": "Turn <b>right</b><div style=\"font-size:0.9em\">Restricted usage road</div><div style=\"font-size:0.9em\">Destination will be on the right</div>", "distance": {"text": "15 m", "value": 15}, "travel_mode": "DRIVING", "maneuver": "turn-right", "start_location": {"lat": 35.0167089, "lng": 135.7749626}, "polyline": {"points": "mevtEopu{XA^"}, "duration": {"text": "1 min", "value": 7}, "end_location": {"lat": 35.0167154, "lng": 135.7748012}}], "duration": {"text": "3 mins", "value": 195}, "end_location": {"lat": 35.0167154, "lng": 135.7748012}}]}], "status": "OK", "geocoded_waypoints": [{"place_id": "ChIJrSppL_QIAWARsj54ry95gLY", "geocoder_status": "OK", "types": ["street_address"]}, {"place_id": "ChIJv2djyPMIAWARZxZWaaO0QHE", "geocoder_status": "OK", "types": ["premise"]}]}