{"routes": [{"overview_polyline": {"points": "asvtEa`q{XhE?~@@f@??Q?O?uEAaKCyC@}GBmH?aCGqAAuIA{WAqJM_GG{AE_D?uD?yA?{C@k@?SbCArBCpBAv@?b@F`ACxFGtG?zGDzA@l@@@qA?cB@kCCEi@AkE?"}, "warnings": [], "bounds": {"northeast": {"lat": 35.0188859, "lng": 135.7739771}, "southwest": {"lat": 35.0101885, "lng": 135.7518446}}, "waypoint_order": [], "summary": "\u4e38\u592a\u753a\u901a\u308a/\u5e9c\u9053187\u53f7 and \u5ddd\u7aef\u901a\u308a", "copyrights": "Map data \u00a92019", "legs": [{"distance": {"text": "3.1 km", "value": 3139}, "traffic_speed_entry": [], "end_address": "Japan, \u3012606-8376 Kyoto, Saky\u014d-ku, \u014ckikuch\u014d, \u65b0\u9ea9\u5c4b\u753a\u901a\u4ec1\u738b\u9580\u4e0b\u308b\u2212\uff11\uff12\uff12", "via_waypoint": [], "start_address": "Japan, \u3012602-8043 Kyoto, Kamigy\u014d-ku, \u6771\u5800\u5ddd\u901a\u6939\u6728\u753a\u4e0a\u308b\u4e94\u753a\u76ee\uff12\uff10\uff18", "start_location": {"lat": 35.0188859, "lng": 135.7518546}, "steps": [{"html_instructions": "Head <b>south</b> on <b>\u5800\u5ddd\u901a\u308a</b>/<wbr/><b>\u978d\u99ac\u8857\u9053</b>/<wbr/><b>\u5e9c\u905338\u53f7</b> toward <b>\u4e38\u592a\u753a\u901a\u308a</b>/<wbr/><b>\u5e9c\u9053187\u53f7</b>", "distance": {"text": "0.2 km", "value": 170}, "travel_mode": "DRIVING", "start_location": {"lat": 35.0188859, "lng": 135.7518546}, "polyline": {"points": "asvtEa`q{X^?FAnC?P@B?z@@f@?"}, "duration": {"text": "1 min", "value": 25}, "end_location": {"lat": 35.0173572, "lng": 135.751845}}, {"html_instructions": "Turn <b>left</b> at <b>\u5800\u5ddd\u4e38\u592a\u753a\uff08\u4ea4\u5dee\u70b9\uff09</b> onto <b>\u4e38\u592a\u753a\u901a\u308a</b>/<wbr/><b>\u5e9c\u9053187\u53f7</b> (signs for <b>Okazaki</b>/<wbr/><b>Gion</b>)", "distance": {"text": "1.9 km", "value": 1856}, "travel_mode": "DRIVING", "maneuver": "turn-left", "start_location": {"lat": 35.0173572, "lng": 135.751845}, "polyline": {"points": "oivtE_`q{X?Q?G?G?S?aE?_A?aD?qCAMAyAA[?Y?I?uC@gC?}CBoC@gA?O?QAWA_@CW?OAI?M?u@AgB@e@?gA?EAe@?O?W?yC?[?}B?sCA_F?y@?a@?eA?iC?{CAECeBAq@AEEaBAKEoACwBAg@A}@?K?E@eB?Q?O?I?E?E?Q?G?G@s@AsA?I?I?G@c@"}, "duration": {"text": "6 mins", "value": 359}, "end_location": {"lat": 35.0175586, "lng": 135.7722174}}, {"html_instructions": "Turn <b>right</b> onto <b>\u5ddd\u7aef\u901a\u308a</b> (signs for <b>Sanjoohashi</b>)", "distance": {"text": "0.8 km", "value": 826}, "travel_mode": "DRIVING", "maneuver": "turn-right", "start_location": {"lat": 35.0175586, "lng": 135.7722174}, "polyline": {"points": "wjvtEk_u{X?SbCAh@AhAAnAA`@?\\AD?H?H@P@PDBA|@ARAdAAbAAzAA~A@D?|AApA?nA?dA@nB@T@\\?|@@l@@"}, "duration": {"text": "2 mins", "value": 135}, "end_location": {"lat": 35.0102146, "lng": 135.7723255}}, {"html_instructions": "Turn <b>left</b>", "distance": {"text": "0.1 km", "value": 147}, "travel_mode": "DRIVING", "maneuver": "turn-left", "start_location": {"lat": 35.0102146, "lng": 135.7723255}, "polyline": {"points": "y|ttEa`u{X@qA?]?eA@wA?s@"}, "duration": {"text": "1 min", "value": 33}, "end_location": {"lat": 35.0101885, "lng": 135.7739438}}, {"html_instructions": "Turn <b>left</b><div style=\"font-size:0.9em\">Destination will be on the left</div>", "distance": {"text": "0.1 km", "value": 140}, "travel_mode": "DRIVING", "maneuver": "turn-left", "start_location": {"lat": 35.0101885, "lng": 135.7739438}, "polyline": {"points": "u|ttEcju{XCEi@AkE?"}, "duration": {"text": "1 min", "value": 43}, "end_location": {"lat": 35.01144, "lng": 135.773977}}], "duration": {"text": "10 mins", "value": 595}, "end_location": {"lat": 35.01144, "lng": 135.773977}}]}], "status": "OK", "geocoded_waypoints": [{"place_id": "ChIJy3wfg3gIAWARe5s9JMnRQ88", "geocoder_status": "OK", "types": ["street_address"]}, {"place_id": "ChIJKVzJVOwIAWARlewWRwZ-76A", "geocoder_status": "OK", "types": ["premise"]}]}