{"routes": [{"overview_polyline": {"points": "smvtEi}q{XeJHS?GGo@?W?}DA_G??GW?mBAArB?xBAbF?l@"}, "warnings": [], "bounds": {"northeast": {"lat": 35.0232303, "lng": 135.7565842}, "southwest": {"lat": 35.0180178, "lng": 135.7540218}}, "waypoint_order": [], "summary": "\u65b0\u753a\u901a", "copyrights": "Map data \u00a92019", "legs": [{"distance": {"text": "0.8 km", "value": 815}, "traffic_speed_entry": [], "end_address": "164-1 Nakahashizumech\u014d, Kamigy\u014d-ku, Kyoto, 602-8051, Japan", "via_waypoint": [], "start_address": "Japan, \u3012604-0091 Kyoto, Nakagy\u014d-ku, Umeyach\u014d, \uff11\uff17\uff14\u2212\uff13 A\u68df", "start_location": {"lat": 35.0180178, "lng": 135.7565284}, "steps": [{"html_instructions": "Head <b>north</b> on <b>\u65b0\u753a\u901a</b> toward <b>\u4e0b\u7acb\u58f2\u901a\u308a</b>", "distance": {"text": "0.6 km", "value": 582}, "travel_mode": "DRIVING", "start_location": {"lat": 35.0180178, "lng": 135.7565284}, "polyline": {"points": "smvtEi}q{Xm@?S?]@]?wA@oABm@@Q?S?GGO?_@?M?A?E?A?EAC?C?G?G?c@?sA?g@?G?K@_DAkA??GW?mBA"}, "duration": {"text": "2 mins", "value": 128}, "end_location": {"lat": 35.023209, "lng": 135.7565842}}, {"html_instructions": "Turn <b>left</b><div style=\"font-size:0.9em\">Destination will be on the right</div>", "distance": {"text": "0.2 km", "value": 233}, "travel_mode": "DRIVING", "maneuver": "turn-left", "start_location": {"lat": 35.023209, "lng": 135.7565842}, "polyline": {"points": "anwtEs}q{XArB?bA?t@AfA?zC?l@"}, "duration": {"text": "2 mins", "value": 93}, "end_location": {"lat": 35.0232272, "lng": 135.7540218}}], "duration": {"text": "4 mins", "value": 221}, "end_location": {"lat": 35.0232272, "lng": 135.7540218}}]}], "status": "OK", "geocoded_waypoints": [{"place_id": "ChIJBbH0vH4IAWARhILA0gQzWak", "geocoder_status": "OK", "types": ["premise"]}, {"place_id": "ChIJS3yfmXcIAWARPFhPHJAarjU", "geocoder_status": "OK", "types": ["premise"]}]}