{"routes": [{"overview_polyline": {"points": "ojxtEkyq{XB|Cl@?hBDjABv@??CbGBAg@?i@?gA?yAA_HA{H?OjF@pA@zCA`F?zH?hJCdBAv@YE_A?kGA{OAaK?eHEkBKeDIgECeB?Kg@A?YAGIC{C?aB??k@?CAEACG?a@?"}, "warnings": [], "bounds": {"northeast": {"lat": 35.0277623, "lng": 135.7707155}, "southwest": {"lat": 35.0173746, "lng": 135.7550604}}, "waypoint_order": [], "summary": "\u70cf\u4e38\u901a\u308a/\u56fd\u9053367\u53f7 and \u4e38\u592a\u753a\u901a\u308a/\u5e9c\u9053187\u53f7", "copyrights": "Map data \u00a92019", "legs": [{"distance": {"text": "2.8 km", "value": 2837}, "traffic_speed_entry": [], "end_address": "493-2 Kaminoch\u014d, Kamigy\u014d-ku, Kyoto, 602-0863, Japan", "via_waypoint": [], "start_address": "Japan, \u3012602-0936 Kyoto, Kamigy\u014d-ku, Nishimushak\u014djich\u014d, \u6b66\u8005\u5c0f\u8def\u901a\u65b0\u753a\u897f\u5165\uff15\uff19\uff15", "start_location": {"lat": 35.0277623, "lng": 135.7558995}, "steps": [{"html_instructions": "Head <b>west</b> toward <b>\u897f\u6d1e\u9662\u901a\u308a</b>", "distance": {"text": "72 m", "value": 72}, "travel_mode": "DRIVING", "start_location": {"lat": 35.0277623, "lng": 135.7558995}, "polyline": {"points": "ojxtEkyq{X?j@?H@R@rA"}, "duration": {"text": "1 min", "value": 27}, "end_location": {"lat": 35.0277407, "lng": 135.7551052}}, {"html_instructions": "Turn <b>left</b> onto <b>\u897f\u6d1e\u9662\u901a\u308a</b>", "distance": {"text": "0.3 km", "value": 304}, "travel_mode": "DRIVING", "maneuver": "turn-left", "start_location": {"lat": 35.0277407, "lng": 135.7551052}, "polyline": {"points": "kjxtEmtq{Xh@?B?p@@v@B`@@R?N@D?v@??CbGB"}, "duration": {"text": "2 mins", "value": 112}, "end_location": {"lat": 35.0250235, "lng": 135.7550606}}, {"html_instructions": "Turn <b>left</b> onto <b>\u4e2d\u7acb\u58f2\u901a\u308a</b>", "distance": {"text": "0.4 km", "value": 386}, "travel_mode": "DRIVING", "maneuver": "turn-left", "start_location": {"lat": 35.0250235, "lng": 135.7550606}, "polyline": {"points": "kywtEctq{XAg@?c@?E?g@?_@?GAY?_@@W?I?G?c@?K?eAAYAmB@O?m@?e@AgD?_A"}, "duration": {"text": "2 mins", "value": 108}, "end_location": {"lat": 35.0250476, "lng": 135.7592953}}, {"html_instructions": "Turn <b>right</b> onto <b>\u70cf\u4e38\u901a\u308a</b>/<wbr/><b>\u56fd\u9053367\u53f7</b>", "distance": {"text": "0.9 km", "value": 863}, "travel_mode": "DRIVING", "maneuver": "turn-right", "start_location": {"lat": 35.0250476, "lng": 135.7592953}, "polyline": {"points": "qywtEsnr{X?OjF@L@bA?l@AP?B?vA?V?|B?J?~@?p@?B?t@?B?~@?L?tB?F?xA?n@?fA?^?DA~A?F?HAf@?h@AL?D?B?DABAh@U"}, "duration": {"text": "2 mins", "value": 134}, "end_location": {"lat": 35.0173746, "lng": 135.7595257}}, {"html_instructions": "Turn <b>left</b> at <b>\u70cf\u4e38\u4e38\u592a\u753a\uff08\u4ea4\u5dee\u70b9\uff09</b> onto <b>\u4e38\u592a\u753a\u901a\u308a</b>/<wbr/><b>\u5e9c\u9053187\u53f7</b> (signs for <b>\u7947\u5712</b>/<wbr/><b>\u5ca1\u5d0e</b>/<wbr/><b>\u4eac\u90fd\u5e9c\u9053187\u53f7</b>/<wbr/><b>\u5e73\u5b89\u795e\u5bae</b>)", "distance": {"text": "1.0 km", "value": 976}, "travel_mode": "DRIVING", "maneuver": "turn-left", "start_location": {"lat": 35.0173746, "lng": 135.7595257}, "polyline": {"points": "qivtEapr{XCW?OAI?M?u@AgB@e@?gA?EAe@?O?W?yC?[?}B?sCA_F?y@?a@?eA?iC?{CAECeBAq@AEEaBAKEoACwBAg@A}@?K"}, "duration": {"text": "3 mins", "value": 170}, "end_location": {"lat": 35.0175803, "lng": 135.7702307}}, {"html_instructions": "Turn <b>left</b>", "distance": {"text": "0.2 km", "value": 185}, "travel_mode": "DRIVING", "maneuver": "turn-left", "start_location": {"lat": 35.0175803, "lng": 135.7702307}, "polyline": {"points": "{jvtE}rt{Xg@A?U?C?A?AAA?A?AA?AAE?O@kCAaB?"}, "duration": {"text": "1 min", "value": 63}, "end_location": {"lat": 35.0191067, "lng": 135.770426}}, {"html_instructions": "Turn <b>right</b><div style=\"font-size:0.9em\">Destination will be on the right</div>", "distance": {"text": "51 m", "value": 51}, "travel_mode": "DRIVING", "maneuver": "turn-right", "start_location": {"lat": 35.0191067, "lng": 135.770426}, "polyline": {"points": "mtvtEett{X?k@?A?A?AAC?AA??AA?A?C?a@?"}, "duration": {"text": "1 min", "value": 16}, "end_location": {"lat": 35.0193421, "lng": 135.7707155}}], "duration": {"text": "11 mins", "value": 630}, "end_location": {"lat": 35.0193421, "lng": 135.7707155}}]}], "status": "OK", "geocoded_waypoints": [{"place_id": "ChIJi3nUpnYIAWARlkPvT01zcjs", "geocoder_status": "OK", "types": ["street_address"]}, {"place_id": "ChIJGS3J1YoIAWARwbyIsZFQZIw", "geocoder_status": "OK", "types": ["premise"]}]}