{"routes": [{"overview_polyline": {"points": "enwtEg_t{XB{@@_@x@B~DHnJNtCB`GDzA@b@@@`D?jH@lO@bM@|AF`BEdKA`IBtB~AAbIAtC@"}, "warnings": [], "bounds": {"northeast": {"lat": 35.0232277, "lng": 135.7675367}, "southwest": {"lat": 35.0145159, "lng": 135.7550108}}, "waypoint_order": [], "summary": "\u5bfa\u753a\u901a\u308a and \u4e38\u592a\u753a\u901a\u308a/\u5e9c\u9053187\u53f7", "copyrights": "Map data \u00a92019", "legs": [{"distance": {"text": "2.1 km", "value": 2123}, "traffic_speed_entry": [], "end_address": "Japan, \u3012604-0062 Kyoto, Nakagy\u014d-ku, Yakushich\u014d, \uff16\uff14\uff18 \u7f8e\u6fc3\u5546\u4e8b", "via_waypoint": [], "start_address": "Japan, \u3012602-0858 Kyoto, Kamigy\u014d-ku, \u5bfa\u753a\u901a\u5e83\u5c0f\u8def\u4e0b\u308b\u6771\u685c\u753a\uff15", "start_location": {"lat": 35.0232277, "lng": 135.7670774}, "steps": [{"html_instructions": "Head <b>east</b> toward <b>\u5bfa\u753a\u901a\u308a</b>", "distance": {"text": "42 m", "value": 42}, "travel_mode": "DRIVING", "start_location": {"lat": 35.0232277, "lng": 135.7670774}, "polyline": {"points": "enwtEg_t{XBs@?G@_@"}, "duration": {"text": "1 min", "value": 11}, "end_location": {"lat": 35.0232013, "lng": 135.7675367}}, {"html_instructions": "Turn <b>right</b> onto <b>\u5bfa\u753a\u901a\u308a</b>", "distance": {"text": "0.6 km", "value": 642}, "travel_mode": "DRIVING", "maneuver": "turn-right", "start_location": {"lat": 35.0232013, "lng": 135.7675367}, "polyline": {"points": "_nwtEcbt{Xx@BhABtBDvBDvFH^@T?h@?t@@~A@d@?bA@v@@R?R?V?Z@J@V?"}, "duration": {"text": "2 mins", "value": 144}, "end_location": {"lat": 35.0174265, "lng": 135.7673214}}, {"html_instructions": "Turn <b>right</b> onto <b>\u4e38\u592a\u753a\u901a\u308a</b>/<wbr/><b>\u5e9c\u9053187\u53f7</b>", "distance": {"text": "1.1 km", "value": 1122}, "travel_mode": "DRIVING", "maneuver": "turn-right", "start_location": {"lat": 35.0174265, "lng": 135.7673214}, "polyline": {"points": "}ivtEw`t{X@D?zC?hC?dA?`@?x@@~E?rC?|B?Z?xC?V?N@d@?D?fAAd@@fB?t@?L@H?NBV@^@V?P?NAfACnC?|CAfC?tC?H?X@Z@xA"}, "duration": {"text": "4 mins", "value": 216}, "end_location": {"lat": 35.0173678, "lng": 135.7550108}}, {"html_instructions": "Turn <b>left</b> onto <b>\u897f\u6d1e\u9662\u901a\u308a</b>", "distance": {"text": "0.3 km", "value": 317}, "travel_mode": "DRIVING", "maneuver": "turn-left", "start_location": {"lat": 35.0173678, "lng": 135.7550108}, "polyline": {"points": "qivtEysq{Xd@?x@An@?tA?D?vDA~@?L?fA@"}, "duration": {"text": "1 min", "value": 76}, "end_location": {"lat": 35.0145159, "lng": 135.7550183}}], "duration": {"text": "7 mins", "value": 447}, "end_location": {"lat": 35.0145159, "lng": 135.7550183}}]}], "status": "OK", "geocoded_waypoints": [{"place_id": "ChIJI0oSFWEIAWAR66kwGIeJG9U", "geocoder_status": "OK", "types": ["street_address"]}, {"place_id": "ChIJN3bBJX4IAWAREZfpCNrwm6E", "geocoder_status": "OK", "types": ["premise"]}]}