{"routes": [{"overview_polyline": {"points": "wjvtEkbu{X?~Ag@?cEB_ID{G@iIEaGIaCA@UJmIBsBDaE@eBw@JcAFW@{@IB[N@"}, "warnings": [], "bounds": {"northeast": {"lat": 35.026265, "lng": 135.7761723}, "southwest": {"lat": 35.0175586, "lng": 135.7721553}}, "waypoint_order": [], "summary": "\u5ddd\u7aef\u901a\u308a and \u6771\u4e00\u6761\u901a\u308a", "copyrights": "Map data \u00a92019", "legs": [{"distance": {"text": "1.4 km", "value": 1400}, "traffic_speed_entry": [], "end_address": "33-21 Yoshidanakaadachich\u014d, Saky\u014d-ku, Kyoto, 606-8306, Japan", "via_waypoint": [], "start_address": "Japan, \u3012606-8395 Kyoto, Saky\u014d-ku, Higashimarutach\u014d, \u4e38\u592a\u753a\u901a\u5ddd\u7aef\u6771\u5165\uff19 \u30bf\u30e0\u30e9\u5370\u5237\u6240", "start_location": {"lat": 35.0175643, "lng": 135.7726958}, "steps": [{"html_instructions": "Head <b>west</b> on <b>\u4e38\u592a\u753a\u901a\u308a</b>/<wbr/><b>\u5e9c\u9053187\u53f7</b> toward <b>\u5ddd\u7aef\u901a\u308a</b>", "distance": {"text": "35 m", "value": 35}, "travel_mode": "DRIVING", "start_location": {"lat": 35.0175643, "lng": 135.7726958}, "polyline": {"points": "wjvtEkbu{X?jA"}, "duration": {"text": "1 min", "value": 8}, "end_location": {"lat": 35.0175601, "lng": 135.7723169}}, {"html_instructions": "Turn <b>right</b> onto <b>\u5ddd\u7aef\u901a\u308a</b>", "distance": {"text": "0.9 km", "value": 875}, "travel_mode": "DRIVING", "maneuver": "turn-right", "start_location": {"lat": 35.0175601, "lng": 135.7723169}, "polyline": {"points": "wjvtE_`u{X?Rg@?]@wA?y@@S?kB@c@@c@?S?c@@c@?c@?K?{@@cA?G?Q?k@?U?]@a@AQ?C?{A@wEGaDE_BCaCA"}, "duration": {"text": "3 mins", "value": 157}, "end_location": {"lat": 35.0253467, "lng": 135.7722538}}, {"html_instructions": "Turn <b>right</b> at <b>\u5ddd\u7aef\u6771\u4e00\u6761\uff08\u4ea4\u5dee\u70b9\uff09</b> onto <b>\u6771\u4e00\u6761\u901a\u308a</b>", "distance": {"text": "0.4 km", "value": 350}, "travel_mode": "DRIVING", "maneuver": "turn-right", "start_location": {"lat": 35.0253467, "lng": 135.7722538}, "polyline": {"points": "m{wtEq_u{X@UDkEDaC?EBmBBmB?O@y@?I@{A?I"}, "duration": {"text": "1 min", "value": 73}, "end_location": {"lat": 35.0252168, "lng": 135.7760927}}, {"html_instructions": "Turn <b>left</b>", "distance": {"text": "0.1 km", "value": 118}, "travel_mode": "DRIVING", "maneuver": "turn-left", "start_location": {"lat": 35.0252168, "lng": 135.7760927}, "polyline": {"points": "szwtEqwu{XK@k@HU@WBC?Q@K@K?I?q@I"}, "duration": {"text": "1 min", "value": 37}, "end_location": {"lat": 35.026265, "lng": 135.7760296}}, {"html_instructions": "Turn <b>right</b><div style=\"font-size:0.9em\">Destination will be on the left</div>", "distance": {"text": "22 m", "value": 22}, "travel_mode": "DRIVING", "maneuver": "turn-right", "start_location": {"lat": 35.026265, "lng": 135.7760296}, "polyline": {"points": "caxtEewu{X@W?A?A@??A@?@?JB"}, "duration": {"text": "1 min", "value": 11}, "end_location": {"lat": 35.0261637, "lng": 135.7761643}}], "duration": {"text": "5 mins", "value": 286}, "end_location": {"lat": 35.0261637, "lng": 135.7761643}}]}], "status": "OK", "geocoded_waypoints": [{"place_id": "ChIJ72CfnfQIAWARlHOAckPk7tA", "geocoder_status": "OK", "types": ["premise"]}, {"place_id": "ChIJh1HcK1kIAWARU959P8uBw8o", "geocoder_status": "OK", "types": ["premise"]}]}