{"routes": [{"overview_polyline": {"points": "kvutE{ur{X@t@uBB?n@?lAeIH{A?Y@YH{@RWBwEBcG@yN?CbGFxGE|KAzBA~JAp@cI?wC??UASAMAiA?eE"}, "warnings": [], "bounds": {"northeast": {"lat": 35.0250077, "lng": 135.7604558}, "southwest": {"lat": 35.0142877, "lng": 135.751711}}, "waypoint_order": [], "summary": "\u70cf\u4e38\u901a\u308a/\u56fd\u9053367\u53f7 and \u4e0b\u9577\u8005\u753a\u901a\u308a", "copyrights": "Map data \u00a92019", "legs": [{"distance": {"text": "2.1 km", "value": 2107}, "traffic_speed_entry": [], "end_address": "Japan, \u3012602-8061 Kyoto, Kamigy\u014d-ku, Kainokamich\u014d, \uff19\uff17 \u897f\u9663\u7523\u696d\u5275\u9020\u6703\u9928", "via_waypoint": [], "start_address": "512-2 Tsuboyach\u014d, Nakagy\u014d-ku, Kyoto, 604-0814, Japan", "start_location": {"lat": 35.0142973, "lng": 135.7604558}, "steps": [{"html_instructions": "Head <b>west</b> toward <b>\u8eca\u5c4b\u753a\u901a</b><div style=\"font-size:0.9em\">Restricted usage road</div>", "distance": {"text": "24 m", "value": 24}, "travel_mode": "DRIVING", "start_location": {"lat": 35.0142973, "lng": 135.7604558}, "polyline": {"points": "kvutE{ur{X@t@"}, "duration": {"text": "1 min", "value": 6}, "end_location": {"lat": 35.0142877, "lng": 135.7601918}}, {"html_instructions": "Turn <b>right</b> onto <b>\u8eca\u5c4b\u753a\u901a</b>", "distance": {"text": "65 m", "value": 65}, "travel_mode": "DRIVING", "maneuver": "turn-right", "start_location": {"lat": 35.0142877, "lng": 135.7601918}, "polyline": {"points": "ivutEetr{XuBB"}, "duration": {"text": "1 min", "value": 23}, "end_location": {"lat": 35.0148761, "lng": 135.7601664}}, {"html_instructions": "Turn <b>left</b> onto <b>\u5937\u5ddd\u901a\u308a</b>", "distance": {"text": "50 m", "value": 50}, "travel_mode": "DRIVING", "maneuver": "turn-left", "start_location": {"lat": 35.0148761, "lng": 135.7601664}, "polyline": {"points": "_zutEatr{X?n@?B?^?V"}, "duration": {"text": "1 min", "value": 26}, "end_location": {"lat": 35.0148819, "lng": 135.7596311}}, {"html_instructions": "Turn <b>right</b> onto <b>\u70cf\u4e38\u901a\u308a</b>/<wbr/><b>\u56fd\u9053367\u53f7</b>", "distance": {"text": "0.9 km", "value": 865}, "travel_mode": "DRIVING", "maneuver": "turn-right", "start_location": {"lat": 35.0148819, "lng": 135.7596311}, "polyline": {"points": "_zutEupr{X?PeCBgBBc@@s@?a@?K?[?Q?O?I@SDEBYJa@FE@Q@W?[?s@@oB@aA?w@@}B?K?a@?E?]?cCAa@?M?uB?iC@"}, "duration": {"text": "3 mins", "value": 152}, "end_location": {"lat": 35.0225626, "lng": 135.7592819}}, {"html_instructions": "Turn <b>left</b> at <b>\u70cf\u4e38\u4e0b\u9577\u8005\u753a\uff08\u4ea4\u5dee\u70b9\uff09</b> onto <b>\u4e0b\u9577\u8005\u753a\u901a\u308a</b>", "distance": {"text": "0.7 km", "value": 678}, "travel_mode": "DRIVING", "maneuver": "turn-left", "start_location": {"lat": 35.0225626, "lng": 135.7592819}, "polyline": {"points": "_jwtEonr{XAnC?v@Aj@?NBbB@v@@`B?Z?FAlHAt@Ap@AV?Z?D?`A@jAAlC?V?dB?L?LAD?D?B?F?J"}, "duration": {"text": "2 mins", "value": 134}, "end_location": {"lat": 35.022595, "lng": 135.7518357}}, {"html_instructions": "Turn <b>right</b> onto <b>\u5800\u5ddd\u901a\u308a</b>/<wbr/><b>\u978d\u99ac\u8857\u9053</b>/<wbr/><b>\u5e9c\u905338\u53f7</b>", "distance": {"text": "0.3 km", "value": 276}, "travel_mode": "DRIVING", "maneuver": "turn-right", "start_location": {"lat": 35.022595, "lng": 135.7518357}, "polyline": {"points": "ejwtE_`q{XAX{DAgC@wC?"}, "duration": {"text": "1 min", "value": 47}, "end_location": {"lat": 35.0249804, "lng": 135.751711}}, {"html_instructions": "Turn <b>right</b> at <b>\u5800\u5ddd\u4e2d\u7acb\u58f2\uff08\u4ea4\u5dee\u70b9\uff09</b> onto <b>\u4e2d\u7acb\u58f2\u901a\u308a</b><div style=\"font-size:0.9em\">Destination will be on the right</div>", "distance": {"text": "0.1 km", "value": 149}, "travel_mode": "DRIVING", "maneuver": "turn-right", "start_location": {"lat": 35.0249804, "lng": 135.751711}, "polyline": {"points": "cywtEe_q{X?UAO?CAG?E?G?OAE?k@?G?I?I?eA?S?oA"}, "duration": {"text": "1 min", "value": 50}, "end_location": {"lat": 35.0250061, "lng": 135.7533498}}], "duration": {"text": "7 mins", "value": 438}, "end_location": {"lat": 35.0250061, "lng": 135.7533498}}]}], "status": "OK", "geocoded_waypoints": [{"place_id": "ChIJH4Kjy4cIAWARuyIrlz-QejE", "geocoder_status": "OK", "types": ["street_address"]}, {"place_id": "ChIJiXFLSHYIAWARAtmoLHgpLew", "geocoder_status": "OK", "types": ["premise"]}]}