{"routes": [{"overview_polyline": {"points": "g_xtE}lt{X~DFdE@dH@pAGvCUCcBx@?N?@Bh@DtAGvBQZA"}, "warnings": [], "bounds": {"northeast": {"lat": 35.0259557, "lng": 135.7699538}, "southwest": {"lat": 35.0196261, "lng": 135.7692071}}, "waypoint_order": [], "summary": "\u6cb3\u539f\u753a\u901a\u308a/\u5e9c\u905332\u53f7", "copyrights": "Map data \u00a92019", "legs": [{"distance": {"text": "0.8 km", "value": 755}, "traffic_speed_entry": [], "end_address": "209 Kamiikesuch\u014d, Kamigy\u014d-ku, Kyoto, 602-0855, Japan", "via_waypoint": [], "start_address": "Japan, \u3012602-0851 Kyoto, Kamigy\u014d-ku, Ky\u016bkench\u014d, \u6cb3\u539f\u753a\u901a\u5e83\u5c0f\u8def\u4e0a\u308b\u2212\uff14\uff13\uff19", "start_location": {"lat": 35.0259557, "lng": 135.7692659}, "steps": [{"html_instructions": "Head <b>south</b> on <b>\u6cb3\u539f\u753a\u901a\u308a</b>/<wbr/><b>\u5e9c\u905332\u53f7</b>", "distance": {"text": "0.5 km", "value": 511}, "travel_mode": "DRIVING", "start_location": {"lat": 35.0259557, "lng": 135.7692659}, "polyline": {"points": "g_xtE}lt{Xv@B~@Bp@?T?b@?r@@x@?r@?R?tB@@?xC?J?N?LAf@EfAKnAI"}, "duration": {"text": "1 min", "value": 81}, "end_location": {"lat": 35.021372, "lng": 135.7693582}}, {"html_instructions": "Turn <b>left</b> at <b>\u8352\u795e\u53e3\uff08\u4ea4\u5dee\u70b9\uff09</b>", "distance": {"text": "46 m", "value": 46}, "travel_mode": "DRIVING", "maneuver": "turn-left", "start_location": {"lat": 35.021372, "lng": 135.7693582}, "polyline": {"points": "qbwtEomt{XAe@A}@"}, "duration": {"text": "1 min", "value": 15}, "end_location": {"lat": 35.0213886, "lng": 135.7698635}}, {"html_instructions": "Turn <b>right</b><div style=\"font-size:0.9em\">Destination will be on the right</div>", "distance": {"text": "0.2 km", "value": 198}, "travel_mode": "DRIVING", "maneuver": "turn-right", "start_location": {"lat": 35.0213886, "lng": 135.7698635}, "polyline": {"points": "ubwtEspt{X`@?B@D?LAD?D?@?@?@@?@B??@@?@?P@B?B@F?F?N?\\C^C`@Er@EXCFAZA"}, "duration": {"text": "1 min", "value": 74}, "end_location": {"lat": 35.0196261, "lng": 135.7699538}}], "duration": {"text": "3 mins", "value": 170}, "end_location": {"lat": 35.0196261, "lng": 135.7699538}}]}], "status": "OK", "geocoded_waypoints": [{"place_id": "ChIJb4lBH2cIAWARbl_9dnLzG5o", "geocoder_status": "OK", "types": ["premise"]}, {"place_id": "ChIJq6Wx6ooIAWARWs_WfXJlwfM", "geocoder_status": "OK", "types": ["premise"]}]}