{"routes": [{"overview_polyline": {"points": "gxvtE{bu{XA`AA`@zECvECAv@@nBAtAAnDBdBHfEJdDDjB?dH@`K?rCjD?~@@@wC?kC"}, "warnings": [], "bounds": {"northeast": {"lat": 35.0197385, "lng": 135.7727818}, "southwest": {"lat": 35.0162175, "lng": 135.763144}}, "waypoint_order": [], "summary": "\u4e38\u592a\u753a\u901a\u308a/\u5e9c\u9053187\u53f7", "copyrights": "Map data \u00a92019", "legs": [{"distance": {"text": "1.4 km", "value": 1388}, "traffic_speed_entry": [], "end_address": "Japan, \u3012604-0971 Kyoto, Nakagyo Ward, \u5bcc\u5c0f\u8def\u4e38\u592a\u753a\u4e0b", "via_waypoint": [], "start_address": "53 Shogoin Kawaracho, Sakyo Ward, Kyoto, 606-8397, Japan", "start_location": {"lat": 35.0197227, "lng": 135.7727818}, "steps": [{"html_instructions": "Head <b>west</b> toward <b>\u5ddd\u7aef\u901a\u308a</b><div style=\"font-size:0.9em\">Restricted usage road</div>", "distance": {"text": "46 m", "value": 46}, "travel_mode": "DRIVING", "start_location": {"lat": 35.0197227, "lng": 135.7727818}, "polyline": {"points": "gxvtE{bu{XAX?f@A`@"}, "duration": {"text": "1 min", "value": 26}, "end_location": {"lat": 35.0197385, "lng": 135.7722781}}, {"html_instructions": "Turn <b>left</b> onto <b>\u5ddd\u7aef\u901a\u308a</b>", "distance": {"text": "0.2 km", "value": 242}, "travel_mode": "DRIVING", "maneuver": "turn-left", "start_location": {"lat": 35.0197385, "lng": 135.7722781}, "polyline": {"points": "kxvtEw_u{XzEChBAlBA"}, "duration": {"text": "1 min", "value": 52}, "end_location": {"lat": 35.0175601, "lng": 135.7723169}}, {"html_instructions": "Turn <b>right</b> onto <b>\u4e38\u592a\u753a\u6a4b</b>/<wbr/><b>\u4e38\u592a\u753a\u901a\u308a</b>/<wbr/><b>\u5e9c\u9053187\u53f7</b> (signs for <b>Karasumamarutamachi</b>)<div style=\"font-size:0.9em\">Continue to follow \u4e38\u592a\u753a\u901a\u308a/<wbr/>\u5e9c\u9053187\u53f7</div>", "distance": {"text": "0.8 km", "value": 836}, "travel_mode": "DRIVING", "maneuver": "turn-right", "start_location": {"lat": 35.0175601, "lng": 135.7723169}, "polyline": {"points": "wjvtE_`u{X?RAb@?F?H?H@rAAr@?F?F?P?D?D?H?N?PAdB?D?J@|@@f@BvBDnA@JD`B@D@p@BdB@D?zC?hC?dA?`@?x@@~E?rC"}, "duration": {"text": "3 mins", "value": 154}, "end_location": {"lat": 35.0174082, "lng": 135.7631496}}, {"html_instructions": "Turn <b>left</b> onto <b>\u583a\u753a\u901a\u308a</b>", "distance": {"text": "0.1 km", "value": 131}, "travel_mode": "DRIVING", "maneuver": "turn-left", "start_location": {"lat": 35.0174082, "lng": 135.7631496}, "polyline": {"points": "yivtEufs{XjD?x@?D@"}, "duration": {"text": "1 min", "value": 39}, "end_location": {"lat": 35.0162257, "lng": 135.763144}}, {"html_instructions": "Turn <b>left</b> onto <b>\u7af9\u5c4b\u753a\u901a\u308a</b><div style=\"font-size:0.9em\">Destination will be on the left</div>", "distance": {"text": "0.1 km", "value": 133}, "travel_mode": "DRIVING", "maneuver": "turn-left", "start_location": {"lat": 35.0162257, "lng": 135.763144}, "polyline": {"points": "mbvtEsfs{X?K@sA?k@?K?K?_C"}, "duration": {"text": "1 min", "value": 38}, "end_location": {"lat": 35.016222, "lng": 135.7646024}}], "duration": {"text": "5 mins", "value": 309}, "end_location": {"lat": 35.016222, "lng": 135.7646024}}]}], "status": "OK", "geocoded_waypoints": [{"place_id": "ChIJM23H_fQIAWARg1pYA0fzRYQ", "geocoder_status": "OK", "types": ["establishment", "hospital", "point_of_interest"]}, {"place_id": "ChIJs8sop4kIAWARCaZpp4lERD0", "geocoder_status": "OK", "types": ["establishment", "lawyer", "point_of_interest"]}]}