{"routes": [{"overview_polyline": {"points": "gswtEqaq{Xp@?pF??LAJ?J?JR?pEAhG?jLAxBB?u@?uPE}C@eMDyFG_BCuD?wJAy\\IcDGmBIgECwB@qC?_E@iAfIGnAAZB?u@Ae@A{F?eJ?gH?c@L@^?t@?rB?~B@?c@"}, "warnings": [], "bounds": {"northeast": {"lat": 35.0240378, "lng": 135.7776831}, "southwest": {"lat": 35.0136774, "lng": 135.7518357}}, "waypoint_order": [], "summary": "\u4e38\u592a\u753a\u901a\u308a/\u5e9c\u9053187\u53f7", "copyrights": "Map data \u00a92019", "legs": [{"distance": {"text": "3.6 km", "value": 3554}, "traffic_speed_entry": [], "end_address": "7-10 Okazaki Tokuseich\u014d, Saky\u014d-ku, Kyoto, 606-8351, Japan", "via_waypoint": [], "start_address": "20-1 Itch\u014dme, Kamigy\u014d-ku, Kyoto, 602-8064, Japan", "start_location": {"lat": 35.0240378, "lng": 135.7520897}, "steps": [{"html_instructions": "Head <b>south</b> on <b>\u6771\u5800\u5ddd\u901a</b> toward <b>\u4e0a\u9577\u8005\u753a\u901a\u308a</b>", "distance": {"text": "0.2 km", "value": 162}, "travel_mode": "DRIVING", "start_location": {"lat": 35.0240378, "lng": 135.7520897}, "polyline": {"points": "gswtEqaq{Xh@?F?pF?"}, "duration": {"text": "1 min", "value": 41}, "end_location": {"lat": 35.0225785, "lng": 135.7520885}}, {"html_instructions": "Turn <b>right</b> onto <b>\u4e0b\u9577\u8005\u753a\u901a\u308a</b>", "distance": {"text": "23 m", "value": 23}, "travel_mode": "DRIVING", "maneuver": "turn-right", "start_location": {"lat": 35.0225785, "lng": 135.7520885}, "polyline": {"points": "cjwtEqaq{X?LAD?D?B?F?J"}, "duration": {"text": "1 min", "value": 7}, "end_location": {"lat": 35.022595, "lng": 135.7518357}}, {"html_instructions": "Turn <b>left</b> onto <b>\u5800\u5ddd\u901a\u308a</b>/<wbr/><b>\u978d\u99ac\u8857\u9053</b>/<wbr/><b>\u5e9c\u905338\u53f7</b>", "distance": {"text": "0.6 km", "value": 582}, "travel_mode": "DRIVING", "maneuver": "turn-left", "start_location": {"lat": 35.022595, "lng": 135.7518357}, "polyline": {"points": "ejwtE_`q{XR?fA?hCAf@?~B?Z?dA?Z?R?h@?j@?L?~B?FAnC?P@B?z@@f@?"}, "duration": {"text": "1 min", "value": 84}, "end_location": {"lat": 35.0173572, "lng": 135.751845}}, {"html_instructions": "Turn <b>left</b> at <b>\u5800\u5ddd\u4e38\u592a\u753a\uff08\u4ea4\u5dee\u70b9\uff09</b> onto <b>\u4e38\u592a\u753a\u901a\u308a</b>/<wbr/><b>\u5e9c\u9053187\u53f7</b> (signs for <b>Okazaki</b>/<wbr/><b>Gion</b>)", "distance": {"text": "1.9 km", "value": 1856}, "travel_mode": "DRIVING", "maneuver": "turn-left", "start_location": {"lat": 35.0173572, "lng": 135.751845}, "polyline": {"points": "oivtE_`q{X?Q?G?G?S?aE?_A?aD?qCAMAyAA[?Y?I?uC@gC?}CBoC@gA?O?QAWA_@CW?OAI?M?u@AgB@e@?gA?EAe@?O?W?yC?[?}B?sCA_F?y@?a@?eA?iC?{CAECeBAq@AEEaBAKEoACwBAg@A}@?K?E@eB?Q?O?I?E?E?Q?G?G@s@AsA?I?I?G@c@"}, "duration": {"text": "6 mins", "value": 359}, "end_location": {"lat": 35.0175586, "lng": 135.7722174}}, {"html_instructions": "Turn <b>right</b> onto <b>\u5ddd\u7aef\u901a\u308a</b> (signs for <b>Sanjoohashi</b>)", "distance": {"text": "0.3 km", "value": 252}, "travel_mode": "DRIVING", "maneuver": "turn-right", "start_location": {"lat": 35.0175586, "lng": 135.7722174}, "polyline": {"points": "wjvtEk_u{X?SbCAh@AhAAnAA`@?\\AD?H?H@P@"}, "duration": {"text": "1 min", "value": 43}, "end_location": {"lat": 35.0153776, "lng": 135.7723452}}, {"html_instructions": "Turn <b>left</b> onto <b>\u51b7\u6cc9\u901a\u308a</b>", "distance": {"text": "0.5 km", "value": 471}, "travel_mode": "DRIVING", "maneuver": "turn-left", "start_location": {"lat": 35.0153776, "lng": 135.7723452}, "polyline": {"points": "c}utEe`u{X?i@?K?M?I?EAGAG?sF?c@?aI?_A?}A?iC?c@"}, "duration": {"text": "1 min", "value": 71}, "end_location": {"lat": 35.0153953, "lng": 135.7775166}}, {"html_instructions": "Turn <b>right</b> toward <b>\u4e8c\u6761\u901a\u308a</b>", "distance": {"text": "0.2 km", "value": 191}, "travel_mode": "DRIVING", "maneuver": "turn-right", "start_location": {"lat": 35.0153953, "lng": 135.7775166}, "polyline": {"points": "g}utEo`v{XL@V?F?JAB?d@@T?|A?~B@"}, "duration": {"text": "1 min", "value": 47}, "end_location": {"lat": 35.0136777, "lng": 135.7774961}}, {"html_instructions": "Turn <b>left</b> onto <b>\u4e8c\u6761\u901a\u308a</b><div style=\"font-size:0.9em\">Destination will be on the right</div>", "distance": {"text": "17 m", "value": 17}, "travel_mode": "DRIVING", "maneuver": "turn-left", "start_location": {"lat": 35.0136777, "lng": 135.7774961}, "polyline": {"points": "orutEk`v{X?c@"}, "duration": {"text": "1 min", "value": 13}, "end_location": {"lat": 35.0136774, "lng": 135.7776831}}], "duration": {"text": "11 mins", "value": 665}, "end_location": {"lat": 35.0136774, "lng": 135.7776831}}]}], "status": "OK", "geocoded_waypoints": [{"place_id": "ChIJDwcAK3YIAWAR42Aopql7_5I", "geocoder_status": "OK", "types": ["street_address"]}, {"place_id": "ChIJqyH9RO4IAWARRwkvgwcmVSI", "geocoder_status": "OK", "types": ["premise"]}]}