{"routes": [{"overview_polyline": {"points": "_zutE}dt{X_B?g@A@oA?Q?uAgEC_ACgAG}CWqBScDWaBOc@AqB?oCLmE\\wD?wKCeCGmCKoIe@qAK_@I_@I?}@@o@Be@HiBXuG@a@tA@`HL`MP"}, "warnings": [], "bounds": {"northeast": {"lat": 35.0291512, "lng": 135.7725112}, "southwest": {"lat": 35.0148768, "lng": 135.7679855}}, "waypoint_order": [], "summary": "\u6cb3\u539f\u753a\u901a\u308a/\u5e9c\u905332\u53f7", "copyrights": "Map data \u00a92019", "legs": [{"distance": {"text": "2.4 km", "value": 2398}, "traffic_speed_entry": [], "end_address": "5-1 Yoshidakawaracho, Sakyo Ward, Kyoto, 606-8305, Japan", "via_waypoint": [], "start_address": "40 Fujikich\u014d, Nakagy\u014d-ku, Kyoto, 604-0992, Japan", "start_location": {"lat": 35.0148768, "lng": 135.7679855}, "steps": [{"html_instructions": "Head <b>north</b> toward <b>\u7af9\u5c4b\u753a\u901a\u308a</b>", "distance": {"text": "76 m", "value": 76}, "travel_mode": "DRIVING", "start_location": {"lat": 35.0148768, "lng": 135.7679855}, "polyline": {"points": "_zutE}dt{XM?qA?g@A"}, "duration": {"text": "1 min", "value": 23}, "end_location": {"lat": 35.0155603, "lng": 135.7679994}}, {"html_instructions": "Turn <b>right</b> onto <b>\u7af9\u5c4b\u753a\u901a\u308a</b>", "distance": {"text": "84 m", "value": 84}, "travel_mode": "DRIVING", "maneuver": "turn-right", "start_location": {"lat": 35.0155603, "lng": 135.7679994}, "polyline": {"points": "g~utE_et{X@oA?E?K@{@AY"}, "duration": {"text": "1 min", "value": 38}, "end_location": {"lat": 35.0155486, "lng": 135.768925}}, {"html_instructions": "Turn <b>left</b> onto <b>\u6cb3\u539f\u753a\u901a\u308a</b>/<wbr/><b>\u5e9c\u905332\u53f7</b>", "distance": {"text": "1.5 km", "value": 1519}, "travel_mode": "DRIVING", "maneuver": "turn-left", "start_location": {"lat": 35.0155486, "lng": 135.768925}, "polyline": {"points": "e~utEwjt{Xs@?e@?cAAi@AC?Y?UAKAYAOAKAQA}@K_BKaAMo@EEAuAK_@Eg@Cc@E}@IO?SAS?w@AW?M@G?_@@_@BgAFoAHgAJg@DM@O?K?yC?A?uBAS?s@?y@?s@Ac@?U?q@?_ACeACgBGe@C{CQQCwCOI?YA_@EE?QCKCSE_@I"}, "duration": {"text": "4 mins", "value": 255}, "end_location": {"lat": 35.0291512, "lng": 135.7696772}}, {"html_instructions": "Turn <b>right</b> at <b>\u6cb3\u539f\u753a\u4eca\u51fa\u5ddd\uff08\u4ea4\u5dee\u70b9\uff09</b> onto <b>\u4eca\u51fa\u5ddd\u901a\u30ea</b>/<wbr/><b>\u5e9c\u9053101\u53f7</b> (signs for <b>Ginkakuji</b>)", "distance": {"text": "0.2 km", "value": 250}, "travel_mode": "DRIVING", "maneuver": "turn-right", "start_location": {"lat": 35.0291512, "lng": 135.7696772}, "polyline": {"points": "esxtEoot{X?}@@Y?U@W@MBq@@M?GBa@@W?E@ELsCBi@?Q@U@K?M"}, "duration": {"text": "1 min", "value": 66}, "end_location": {"lat": 35.0289354, "lng": 135.7724102}}, {"html_instructions": "Turn <b>right</b> onto <b>\u5ddd\u7aef\u901a\u308a</b> (signs for <b>Kawabataoike</b>)<div style=\"font-size:0.9em\">Destination will be on the left</div>", "distance": {"text": "0.5 km", "value": 469}, "travel_mode": "DRIVING", "maneuver": "turn-right", "start_location": {"lat": 35.0289354, "lng": 135.7724102}, "polyline": {"points": "{qxtEq`u{X@Sb@?p@@l@BL?|BDfBB`A@j@@jBDzBBjBB"}, "duration": {"text": "1 min", "value": 62}, "end_location": {"lat": 35.0247973, "lng": 135.7723377}}], "duration": {"text": "7 mins", "value": 444}, "end_location": {"lat": 35.0247973, "lng": 135.7723377}}]}], "status": "OK", "geocoded_waypoints": [{"place_id": "ChIJreUDbowIAWARi4RROvD7K0s", "geocoder_status": "OK", "types": ["street_address"]}, {"place_id": "ChIJbS7qT14IAWARUN8pCyt_aIc", "geocoder_status": "OK", "types": ["establishment", "point_of_interest", "school", "secondary_school"]}]}