{"routes": [{"overview_polyline": {"points": "wqwtEqiq{XAcEBiTAe@?kG?MbA?~@ApF?`C?nK?pHE\\Al@WCg@CuD?yCAiW?mKIcDGmBEoA|@J\\Bh@B~@BfEB|GErC?`@ABoD@sBCoC"}, "warnings": [], "bounds": {"northeast": {"lat": 35.0238106, "lng": 135.7711412}, "southwest": {"lat": 35.0131759, "lng": 135.7533686}}, "waypoint_order": [], "summary": "\u70cf\u4e38\u901a\u308a/\u56fd\u9053367\u53f7 and \u4e38\u592a\u753a\u901a\u308a/\u5e9c\u9053187\u53f7", "copyrights": "Map data \u00a92019", "legs": [{"distance": {"text": "2.8 km", "value": 2813}, "traffic_speed_entry": [], "end_address": "484-5 Higashiikesuch\u014d, Nakagy\u014d-ku, Kyoto, 604-0922, Japan", "via_waypoint": [], "start_address": "Japan, \u3012602-8061 Kyoto, Kamigy\u014d-ku, \u4e0a\u9577\u8005\u753a\u901a\u6cb9\u5c0f\u8def\u897f\u5165\u7532\u6590\u5b88\u753a\uff11\uff12\uff14", "start_location": {"lat": 35.0237998, "lng": 135.7533686}, "steps": [{"html_instructions": "Head <b>east</b> on <b>\u4e0a\u9577\u8005\u753a\u901a\u308a</b> toward <b>\u6cb9\u5c0f\u8def\u901a\u308a</b><div style=\"font-size:0.9em\">Pass by \u677e\u672c\u5546\u5e97 (on the right)</div>", "distance": {"text": "0.5 km", "value": 540}, "travel_mode": "DRIVING", "start_location": {"lat": 35.0237998, "lng": 135.7533686}, "polyline": {"points": "wqwtEqiq{X?Y?IAmC?Q?kC?aC@sD@gF?e@A??qA?yD"}, "duration": {"text": "3 mins", "value": 160}, "end_location": {"lat": 35.0237984, "lng": 135.7592858}}, {"html_instructions": "Turn <b>right</b> onto <b>\u70cf\u4e38\u901a\u308a</b>/<wbr/><b>\u56fd\u9053367\u53f7</b>", "distance": {"text": "0.7 km", "value": 723}, "travel_mode": "DRIVING", "maneuver": "turn-right", "start_location": {"lat": 35.0237984, "lng": 135.7592858}, "polyline": {"points": "wqwtEqnr{X?MbA?l@AP?B?vA?V?|B?J?~@?p@?B?t@?B?~@?L?tB?F?xA?n@?fA?^?DA~A?F?HAf@?h@AL?D?B?DABAh@U"}, "duration": {"text": "2 mins", "value": 124}, "end_location": {"lat": 35.0173746, "lng": 135.7595257}}, {"html_instructions": "Turn <b>left</b> at <b>\u70cf\u4e38\u4e38\u592a\u753a\uff08\u4ea4\u5dee\u70b9\uff09</b> onto <b>\u4e38\u592a\u753a\u901a\u308a</b>/<wbr/><b>\u5e9c\u9053187\u53f7</b> (signs for <b>\u7947\u5712</b>/<wbr/><b>\u5ca1\u5d0e</b>/<wbr/><b>\u4eac\u90fd\u5e9c\u9053187\u53f7</b>/<wbr/><b>\u5e73\u5b89\u795e\u5bae</b>)", "distance": {"text": "0.9 km", "value": 869}, "travel_mode": "DRIVING", "maneuver": "turn-left", "start_location": {"lat": 35.0173746, "lng": 135.7595257}, "polyline": {"points": "qivtEapr{XCW?OAI?M?u@AgB@e@?gA?EAe@?O?W?yC?[?}B?sCA_F?y@?a@?eA?iC?{CAECeBAq@AEEaBAKEoA"}, "duration": {"text": "2 mins", "value": 148}, "end_location": {"lat": 35.0175407, "lng": 135.7690624}}, {"html_instructions": "Turn <b>right</b> at <b>\u6cb3\u539f\u753a\u4e38\u592a\u753a\uff08\u4ea4\u5dee\u70b9\uff09</b> onto <b>\u6cb3\u539f\u753a\u901a\u308a</b>/<wbr/><b>\u5e9c\u905332\u53f7</b>", "distance": {"text": "0.5 km", "value": 482}, "travel_mode": "DRIVING", "maneuver": "turn-right", "start_location": {"lat": 35.0175407, "lng": 135.7690624}, "polyline": {"points": "sjvtEskt{X|@JP@J@N@X@J@T@X?B?h@@bA@d@?r@?BAv@?n@?pAAP?V?^AT?T?n@?`@?j@?`@A"}, "duration": {"text": "1 min", "value": 75}, "end_location": {"lat": 35.0132105, "lng": 135.7689591}}, {"html_instructions": "Turn <b>left</b> at <b>\u6cb3\u539f\u753a\u4e8c\u6761\uff08\u4ea4\u5dee\u70b9\uff09</b> onto <b>\u4e8c\u6761\u901a\u308a</b>", "distance": {"text": "0.2 km", "value": 199}, "travel_mode": "DRIVING", "maneuver": "turn-left", "start_location": {"lat": 35.0132105, "lng": 135.7689591}, "polyline": {"points": "qoutE_kt{XBoDBuAA]Ay@?cAAQ"}, "duration": {"text": "1 min", "value": 52}, "end_location": {"lat": 35.0131954, "lng": 135.7711412}}], "duration": {"text": "9 mins", "value": 559}, "end_location": {"lat": 35.0131954, "lng": 135.7711412}}]}], "status": "OK", "geocoded_waypoints": [{"place_id": "ChIJ6Qe0t3cIAWAR_xC9qpwNlq8", "geocoder_status": "OK", "types": ["street_address"]}, {"place_id": "ChIJ2bkQVe0IAWARj3Udawb7Z4I", "geocoder_status": "OK", "types": ["premise"]}]}