{"routes": [{"overview_polyline": {"points": "glutEwnq{XjH@f@?FiAPwDD}E@yM?g@AwAc@A}@?aEAqGBaDFaIJeC@gA@YHYJA_@Cg@AW?kGA{OAaK?eHAEW?g@Ck@?uDCsLM"}, "warnings": [], "bounds": {"northeast": {"lat": 35.0210609, "lng": 135.7674256}, "southwest": {"lat": 35.0108122, "lng": 135.7541918}}, "waypoint_order": [], "summary": "\u70cf\u4e38\u901a\u308a/\u56fd\u9053367\u53f7 and \u4e38\u592a\u753a\u901a\u308a/\u5e9c\u9053187\u53f7", "copyrights": "Map data \u00a92019", "legs": [{"distance": {"text": "2.5 km", "value": 2540}, "traffic_speed_entry": [], "end_address": "Japan, \u3012602-0867 Kyoto, Kamigy\u014d-ku, Matsukagech\u014d, \u5bfa\u753a\u901a\u8352\u795e\u53e3\u4e0b\u308b\u2212\uff11\uff13\uff11", "via_waypoint": [], "start_address": "Japan, \u3012604-0045 Kyoto, Nakagy\u014d-ku, Furushiroch\u014d, \u5c0f\u5ddd\u901a\u62bc\u5c0f\u8def\u4e0a\u308b\u2212\uff13\uff16\uff12", "start_location": {"lat": 35.012676, "lng": 135.754203}, "steps": [{"html_instructions": "Head <b>south</b> on <b>\u5c0f\u5ddd\u901a\u308a</b> toward <b>\u62bc\u5c0f\u8def\u901a\u308a</b>", "distance": {"text": "0.2 km", "value": 189}, "travel_mode": "DRIVING", "start_location": {"lat": 35.012676, "lng": 135.754203}, "polyline": {"points": "glutEwnq{Xr@?R?L?tE@H?\\?"}, "duration": {"text": "1 min", "value": 42}, "end_location": {"lat": 35.010979, "lng": 135.7541937}}, {"html_instructions": "Turn <b>left</b> onto <b>\u5fa1\u6c60\u901a\u308a</b>/<wbr/><b>\u5e9c\u905337\u53f7</b>", "distance": {"text": "0.5 km", "value": 493}, "travel_mode": "DRIVING", "maneuver": "turn-left", "start_location": {"lat": 35.010979, "lng": 135.7541937}, "polyline": {"points": "sautEunq{X?MF{@@O?CHaBDaA?CBgA@qA?_A?aB?a@@s@A_B?G@gA?oA?a@?W?OAwA"}, "duration": {"text": "2 mins", "value": 90}, "end_location": {"lat": 35.0108185, "lng": 135.7595962}}, {"html_instructions": "Turn <b>left</b> at <b>\u70cf\u4e38\u5fa1\u6c60\uff08\u4ea4\u5dee\u70b9\uff09</b> onto <b>\u70cf\u4e38\u901a\u308a</b>/<wbr/><b>\u56fd\u9053367\u53f7</b> (signs for <b>Karasumamarutamachi</b>)", "distance": {"text": "0.7 km", "value": 730}, "travel_mode": "DRIVING", "maneuver": "turn-left", "start_location": {"lat": 35.0108185, "lng": 135.7595962}, "polyline": {"points": "s`utEopr{Xc@AS?i@?cBA}A?oB@yB@g@?eABS?a@@e@@e@@m@@eCBgBBc@@s@?a@?K?[?Q?O?I@SDEBYJ"}, "duration": {"text": "2 mins", "value": 131}, "end_location": {"lat": 35.0173628, "lng": 135.7593731}}, {"html_instructions": "Turn <b>right</b> at <b>\u70cf\u4e38\u4e38\u592a\u753a\uff08\u4ea4\u5dee\u70b9\uff09</b> onto <b>\u4e38\u592a\u753a\u901a\u308a</b>/<wbr/><b>\u5e9c\u9053187\u53f7</b> (signs for <b>Okazaki</b>)", "distance": {"text": "0.7 km", "value": 721}, "travel_mode": "DRIVING", "maneuver": "turn-right", "start_location": {"lat": 35.0173628, "lng": 135.7593731}, "polyline": {"points": "oivtEaor{XA_@CW?OAI?M?u@AgB@e@?gA?EAe@?O?W?yC?[?}B?sCA_F?y@?a@?eA?iC?{C"}, "duration": {"text": "2 mins", "value": 110}, "end_location": {"lat": 35.0174239, "lng": 135.7672912}}, {"html_instructions": "Turn <b>left</b> onto <b>\u5bfa\u753a\u901a\u308a</b><div style=\"font-size:0.9em\">Destination will be on the left</div>", "distance": {"text": "0.4 km", "value": 407}, "travel_mode": "DRIVING", "maneuver": "turn-left", "start_location": {"lat": 35.0174239, "lng": 135.7672912}, "polyline": {"points": "{ivtEq`t{XAEW?KA[AW?S?S?w@AcAAe@?_BAu@Ai@?U?_@A}DG"}, "duration": {"text": "1 min", "value": 53}, "end_location": {"lat": 35.0210609, "lng": 135.7674256}}], "duration": {"text": "7 mins", "value": 426}, "end_location": {"lat": 35.0210609, "lng": 135.7674256}}]}], "status": "OK", "geocoded_waypoints": [{"place_id": "ChIJF8PgZYAIAWARSKzsqcFDyRE", "geocoder_status": "OK", "types": ["street_address"]}, {"place_id": "ChIJsyjBxWEIAWARRcRL4coQT6s", "geocoder_status": "OK", "types": ["street_address"]}]}