{"routes": [{"overview_polyline": {"points": "i}vtEmfr{XrB@CmE?gAhC?lEAbBC\\Al@WCg@CuD?yCAiW?mKIcDGmBIgECwB@wD@cF?wGFeGBaCV?`@@"}, "warnings": [], "bounds": {"northeast": {"lat": 35.0205289, "lng": 135.7756845}, "southwest": {"lat": 35.0172139, "lng": 135.75798}}, "waypoint_order": [], "summary": "\u4e38\u592a\u753a\u901a\u308a/\u5e9c\u9053187\u53f7", "copyrights": "Map data \u00a92019", "legs": [{"distance": {"text": "2.0 km", "value": 1985}, "traffic_speed_entry": [], "end_address": "Japan, \u3012606-8395 Kyoto, Saky\u014d-ku, Higashimarutach\u014d, \u4e38\u592a\u753a\u901a\u5ddd\u7aef\u6771\u5165\uff12\uff19\u2212\uff16", "via_waypoint": [], "start_address": "162-3 Kageyuk\u014djich\u014d, Kamigy\u014d-ku, Kyoto, 602-8014, Japan", "start_location": {"lat": 35.0205289, "lng": 135.7579927}, "steps": [{"html_instructions": "Head <b>south</b> on <b>\u5ba4\u753a\u901a\u308a</b> toward <b>\u4e0b\u7acb\u58f2\u901a\u308a</b>", "distance": {"text": "64 m", "value": 64}, "travel_mode": "DRIVING", "start_location": {"lat": 35.0205289, "lng": 135.7579927}, "polyline": {"points": "i}vtEmfr{XdB@L?"}, "duration": {"text": "1 min", "value": 14}, "end_location": {"lat": 35.0199505, "lng": 135.75798}}, {"html_instructions": "Turn <b>left</b> onto <b>\u4e0b\u7acb\u58f2\u901a\u308a</b>", "distance": {"text": "0.1 km", "value": 118}, "travel_mode": "DRIVING", "maneuver": "turn-left", "start_location": {"lat": 35.0199505, "lng": 135.75798}, "polyline": {"points": "uyvtEkfr{XA_DAm@?u@"}, "duration": {"text": "1 min", "value": 41}, "end_location": {"lat": 35.0199669, "lng": 135.7592756}}, {"html_instructions": "Turn <b>right</b> at <b>\u70cf\u4e38\u4e0b\u7acb\u58f2\uff08\u4ea4\u5dee\u70b9\uff09</b> onto <b>\u70cf\u4e38\u901a\u308a</b>/<wbr/><b>\u56fd\u9053367\u53f7</b>", "distance": {"text": "0.3 km", "value": 299}, "travel_mode": "DRIVING", "maneuver": "turn-right", "start_location": {"lat": 35.0199669, "lng": 135.7592756}, "polyline": {"points": "yyvtEonr{X?QxA?n@?fA?^?DA~A?F?HAf@?h@AL?D?B?DABAh@U"}, "duration": {"text": "1 min", "value": 54}, "end_location": {"lat": 35.0173746, "lng": 135.7595257}}, {"html_instructions": "Turn <b>left</b> at <b>\u70cf\u4e38\u4e38\u592a\u753a\uff08\u4ea4\u5dee\u70b9\uff09</b> onto <b>\u4e38\u592a\u753a\u901a\u308a</b>/<wbr/><b>\u5e9c\u9053187\u53f7</b> (signs for <b>\u7947\u5712</b>/<wbr/><b>\u5ca1\u5d0e</b>/<wbr/><b>\u4eac\u90fd\u5e9c\u9053187\u53f7</b>/<wbr/><b>\u5e73\u5b89\u795e\u5bae</b>)", "distance": {"text": "1.5 km", "value": 1473}, "travel_mode": "DRIVING", "maneuver": "turn-left", "start_location": {"lat": 35.0173746, "lng": 135.7595257}, "polyline": {"points": "qivtEapr{XCW?OAI?M?u@AgB@e@?gA?EAe@?O?W?yC?[?}B?sCA_F?y@?a@?eA?iC?{CAECeBAq@AEEaBAKEoACwBAg@A}@?K?E@eB?Q?O?I?E?E?Q?G?G@s@AsA?I?I?G@c@?SAgB?[@kB?g@BsB?SB{B?ABaC"}, "duration": {"text": "4 mins", "value": 267}, "end_location": {"lat": 35.0174962, "lng": 135.7756845}}, {"html_instructions": "Turn <b>right</b><div style=\"font-size:0.9em\">Destination will be on the right</div>", "distance": {"text": "31 m", "value": 31}, "travel_mode": "DRIVING", "maneuver": "turn-right", "start_location": {"lat": 35.0174962, "lng": 135.7756845}, "polyline": {"points": "kjvtE_uu{XV?`@@"}, "duration": {"text": "1 min", "value": 18}, "end_location": {"lat": 35.0172139, "lng": 135.7756731}}], "duration": {"text": "7 mins", "value": 394}, "end_location": {"lat": 35.0172139, "lng": 135.7756731}}]}], "status": "OK", "geocoded_waypoints": [{"place_id": "ChIJjzMT6XsIAWARVR6o2vwVdGs", "geocoder_status": "OK", "types": ["premise"]}, {"place_id": "ChIJ-aS70PMIAWARDdSPLwGu6YM", "geocoder_status": "OK", "types": ["street_address"]}]}