{"routes": [{"overview_polyline": {"points": "cextEmlq{X?bAk@@CvE?n@F?fBLd@BV@?ZAf@p@?pCCTMtGEpF??]@{L?EbEBnA@H?"}, "warnings": [], "bounds": {"northeast": {"lat": 35.0271422, "lng": 135.7542375}, "southwest": {"lat": 35.0211542, "lng": 135.75172}}, "waypoint_order": [], "summary": "\u5800\u5ddd\u901a\u308a/\u978d\u99ac\u8857\u9053/\u5e9c\u905338\u53f7", "copyrights": "Map data \u00a92019", "legs": [{"distance": {"text": "1.1 km", "value": 1090}, "traffic_speed_entry": [], "end_address": "Japan, \u3012602-8054 Kyoto, Kamigy\u014d-ku, Ch\u014djiburoch\u014d, \u51fa\u6c34\u901a\u5c0f\u5ddd\u897f\u5165\uff19\uff12", "via_waypoint": [], "start_address": "583-4 K\u014dd\u014dch\u014d, Kamigy\u014d-ku, Kyoto, 602-0943, Japan", "start_location": {"lat": 35.0269029, "lng": 135.7538297}, "steps": [{"html_instructions": "Head <b>west</b> toward <b>\u6cb9\u5c0f\u8def\u901a\u308a</b><div style=\"font-size:0.9em\">Restricted usage road</div>", "distance": {"text": "31 m", "value": 31}, "travel_mode": "DRIVING", "start_location": {"lat": 35.0269029, "lng": 135.7538297}, "polyline": {"points": "cextEmlq{X?bA"}, "duration": {"text": "1 min", "value": 8}, "end_location": {"lat": 35.0269037, "lng": 135.7534867}}, {"html_instructions": "Turn <b>right</b> onto <b>\u6cb9\u5c0f\u8def\u901a\u308a</b>", "distance": {"text": "24 m", "value": 24}, "travel_mode": "DRIVING", "maneuver": "turn-right", "start_location": {"lat": 35.0269037, "lng": 135.7534867}, "polyline": {"points": "cextEijq{Xk@@"}, "duration": {"text": "1 min", "value": 10}, "end_location": {"lat": 35.0271228, "lng": 135.7534835}}, {"html_instructions": "Turn <b>left</b> toward <b>\u6771\u5800\u5ddd\u901a</b>", "distance": {"text": "0.1 km", "value": 120}, "travel_mode": "DRIVING", "maneuver": "turn-left", "start_location": {"lat": 35.0271228, "lng": 135.7534835}, "polyline": {"points": "ofxtEgjq{X?pBCdB?n@"}, "duration": {"text": "1 min", "value": 30}, "end_location": {"lat": 35.0271422, "lng": 135.752164}}, {"html_instructions": "Turn <b>left</b> onto <b>\u6771\u5800\u5ddd\u901a</b>", "distance": {"text": "0.1 km", "value": 97}, "travel_mode": "DRIVING", "maneuver": "turn-left", "start_location": {"lat": 35.0271422, "lng": 135.752164}, "polyline": {"points": "sfxtE_bq{XF?v@Fn@D`@BB?V@"}, "duration": {"text": "1 min", "value": 34}, "end_location": {"lat": 35.0262747, "lng": 135.7520567}}, {"html_instructions": "Turn <b>right</b> onto <b>\u4e00\u6761\u901a\u308a</b>", "distance": {"text": "30 m", "value": 30}, "travel_mode": "DRIVING", "maneuver": "turn-right", "start_location": {"lat": 35.0262747, "lng": 135.7520567}, "polyline": {"points": "eaxtEkaq{X?Z?DA`@"}, "duration": {"text": "1 min", "value": 16}, "end_location": {"lat": 35.026275, "lng": 135.7517228}}, {"html_instructions": "Turn <b>left</b> onto <b>\u5800\u5ddd\u901a\u308a</b>/<wbr/><b>\u978d\u99ac\u8857\u9053</b>/<wbr/><b>\u5e9c\u905338\u53f7</b>", "distance": {"text": "0.4 km", "value": 411}, "travel_mode": "DRIVING", "maneuver": "turn-left", "start_location": {"lat": 35.026275, "lng": 135.7517228}, "polyline": {"points": "gaxtEg_q{XTAZ@N?r@Az@AP?LIBA@A@?B?BAH?V?fAAR?jAAbA?r@?lB@x@AT?"}, "duration": {"text": "1 min", "value": 63}, "end_location": {"lat": 35.022595, "lng": 135.7518357}}, {"html_instructions": "Turn <b>left</b> onto <b>\u4e0b\u9577\u8005\u753a\u901a\u308a</b>", "distance": {"text": "0.2 km", "value": 219}, "travel_mode": "DRIVING", "maneuver": "turn-left", "start_location": {"lat": 35.022595, "lng": 135.7518357}, "polyline": {"points": "ejwtE_`q{X?K?G?C?E@E?M?M?eB?W@mCAkA?aA?E"}, "duration": {"text": "1 min", "value": 42}, "end_location": {"lat": 35.0225789, "lng": 135.7542375}}, {"html_instructions": "Turn <b>right</b> onto <b>\u5c0f\u5ddd\u901a\u308a</b><div style=\"font-size:0.9em\">Destination will be on the right</div>", "distance": {"text": "0.2 km", "value": 158}, "travel_mode": "DRIVING", "maneuver": "turn-right", "start_location": {"lat": 35.0225789, "lng": 135.7542375}, "polyline": {"points": "cjwtE_oq{XbEBP@|@?H?"}, "duration": {"text": "1 min", "value": 52}, "end_location": {"lat": 35.0211542, "lng": 135.7542123}}], "duration": {"text": "4 mins", "value": 255}, "end_location": {"lat": 35.0211542, "lng": 135.7542123}}]}], "status": "OK", "geocoded_waypoints": [{"place_id": "ChIJ2yur0HUIAWARTCEvEX7fJhA", "geocoder_status": "OK", "types": ["street_address"]}, {"place_id": "ChIJc7BWSXgIAWARd5VPaGbI990", "geocoder_status": "OK", "types": ["street_address"]}]}