{"routes": [{"overview_polyline": {"points": "ooutEsxt{XCqECmAK_@eAkCCg@BkL@eD"}, "warnings": [], "bounds": {"northeast": {"lat": 35.0136677, "lng": 135.7766114}, "southwest": {"lat": 35.0131954, "lng": 135.7711412}}, "waypoint_order": [], "summary": "\u4e8c\u6761\u901a\u308a", "copyrights": "Map data \u00a92019", "legs": [{"distance": {"text": "0.5 km", "value": 511}, "traffic_speed_entry": [], "end_address": "461-4 Shoojicho, Sakyo Ward, Kyoto, 606-8353, Japan", "via_waypoint": [], "start_address": "38-1 Higashiikesuch\u014d, Nakagy\u014d-ku, Kyoto, 604-0922, Japan", "start_location": {"lat": 35.0131954, "lng": 135.7711412}, "steps": [{"html_instructions": "Head <b>east</b> on <b>\u4e8c\u6761\u901a\u308a</b> toward <b>\u5ddd\u7aef\u901a\u308a</b><div style=\"font-size:0.9em\">Destination will be on the right</div>", "distance": {"text": "0.5 km", "value": 511}, "travel_mode": "DRIVING", "start_location": {"lat": 35.0131954, "lng": 135.7711412}, "polyline": {"points": "ooutEsxt{X?[?[A_B?G?G?GA_@?AAc@?W?IAGAICKAACGISc@iAACUi@AKAC?E?Q@cB?mA?Y?cA@i@?eA?e@?E?aC@a@?A"}, "duration": {"text": "2 mins", "value": 117}, "end_location": {"lat": 35.0136441, "lng": 135.7766114}}], "duration": {"text": "2 mins", "value": 117}, "end_location": {"lat": 35.0136441, "lng": 135.7766114}}]}], "status": "OK", "geocoded_waypoints": [{"place_id": "ChIJb1bLsvIIAWARFqxDjBy2jDI", "geocoder_status": "OK", "types": ["street_address"]}, {"place_id": "ChIJjVSLbu4IAWARUIAU-YGepDg", "geocoder_status": "OK", "types": ["establishment", "place_of_worship", "point_of_interest"]}]}