{"routes": [{"overview_polyline": {"points": "qiutEq_s{X@|D?dDGxBiFBaCBaNP{A?Y@YHYJA_@Cg@CuD?wJAy\\IcDGmBIgECwB@qC?_E?Q@c@g@?]@qC@gEB_C@eGBa@A?QAaDCuFCcGCcJo@??xB"}, "warnings": [], "bounds": {"northeast": {"lat": 35.0220742, "lng": 135.777371}, "southwest": {"lat": 35.0122367, "lng": 135.7593731}}, "waypoint_order": [], "summary": "\u4e38\u592a\u753a\u901a\u308a/\u5e9c\u9053187\u53f7", "copyrights": "Map data \u00a92019", "legs": [{"distance": {"text": "3.0 km", "value": 2980}, "traffic_speed_entry": [], "end_address": "Konoe dori, Saky\u014d-ku, Kyoto, Japan", "via_waypoint": [], "start_address": "Japan, \u3012604-0833 Kyoto, Nakagyo Ward, \u62bc\u5c0f\u8def\u901a\u9ad8\u5009\u897f\u5165\u5de6\u4eac\u753a139", "start_location": {"lat": 35.0122544, "lng": 135.762009}, "steps": [{"html_instructions": "Head <b>west</b> on <b>\u62bc\u5c0f\u8def\u901a\u308a</b> toward <b>\u9593\u4e4b\u753a\u901a\u308a</b>", "distance": {"text": "0.2 km", "value": 209}, "travel_mode": "DRIVING", "start_location": {"lat": 35.0122544, "lng": 135.762009}, "polyline": {"points": "qiutEq_s{X?l@?J@fB?Z@JAlC?JGfB"}, "duration": {"text": "1 min", "value": 76}, "end_location": {"lat": 35.0122756, "lng": 135.7597108}}, {"html_instructions": "Turn <b>right</b> onto <b>\u70cf\u4e38\u901a\u308a</b>/<wbr/><b>\u56fd\u9053367\u53f7</b>", "distance": {"text": "0.6 km", "value": 576}, "travel_mode": "DRIVING", "maneuver": "turn-right", "start_location": {"lat": 35.0122756, "lng": 135.7597108}, "polyline": {"points": "wiutEeqr{X?PoB@yB@g@?eABS?a@@e@@e@@m@@eCBgBBc@@s@?a@?K?[?Q?O?I@SDEBYJ"}, "duration": {"text": "2 mins", "value": 107}, "end_location": {"lat": 35.0173628, "lng": 135.7593731}}, {"html_instructions": "Turn <b>right</b> at <b>\u70cf\u4e38\u4e38\u592a\u753a\uff08\u4ea4\u5dee\u70b9\uff09</b> onto <b>\u4e38\u592a\u753a\u901a\u308a</b>/<wbr/><b>\u5e9c\u9053187\u53f7</b> (signs for <b>Okazaki</b>)", "distance": {"text": "1.2 km", "value": 1171}, "travel_mode": "DRIVING", "maneuver": "turn-right", "start_location": {"lat": 35.0173628, "lng": 135.7593731}, "polyline": {"points": "oivtEaor{XA_@CW?OAI?M?u@AgB@e@?gA?EAe@?O?W?yC?[?}B?sCA_F?y@?a@?eA?iC?{CAECeBAq@AEEaBAKEoACwBAg@A}@?K?E@eB?Q?O?I?E?E?Q?G?G@s@AsA?I?I?G@c@"}, "duration": {"text": "4 mins", "value": 215}, "end_location": {"lat": 35.0175586, "lng": 135.7722174}}, {"html_instructions": "Turn <b>left</b> onto <b>\u5ddd\u7aef\u901a\u308a</b> (signs for <b>Ohara</b>)", "distance": {"text": "0.5 km", "value": 467}, "travel_mode": "DRIVING", "maneuver": "turn-left", "start_location": {"lat": 35.0175586, "lng": 135.7722174}, "polyline": {"points": "wjvtEk_u{Xg@?]@wA?y@@S?kB@c@@c@?S?c@@c@?c@?K?{@@cA?G?Q?k@?U?]@a@A"}, "duration": {"text": "2 mins", "value": 102}, "end_location": {"lat": 35.0217582, "lng": 135.7721553}}, {"html_instructions": "Turn <b>right</b> at <b>\u8352\u795e\u6a4b\u6771\u8a70\uff08\u4ea4\u5dee\u70b9\uff09</b> onto <b>\u8fd1\u885b\u901a\u308a</b>", "distance": {"text": "0.5 km", "value": 475}, "travel_mode": "DRIVING", "maneuver": "turn-right", "start_location": {"lat": 35.0217582, "lng": 135.7721553}, "polyline": {"points": "_ewtE__u{X?Q?yBAg@?g@A_B?QA{A?q@?y@Aq@?C?]?WAk@?_ACcH"}, "duration": {"text": "2 mins", "value": 96}, "end_location": {"lat": 35.0218347, "lng": 135.7773703}}, {"html_instructions": "Turn <b>left</b><div style=\"font-size:0.9em\">Restricted usage road</div>", "distance": {"text": "26 m", "value": 26}, "travel_mode": "DRIVING", "maneuver": "turn-left", "start_location": {"lat": 35.0218347, "lng": 135.7773703}, "polyline": {"points": "mewtEq_v{XU?Y?"}, "duration": {"text": "1 min", "value": 9}, "end_location": {"lat": 35.0220669, "lng": 135.777371}}, {"html_instructions": "Turn <b>left</b><div style=\"font-size:0.9em\">Restricted usage road</div><div style=\"font-size:0.9em\">Destination will be on the right</div>", "distance": {"text": "56 m", "value": 56}, "travel_mode": "DRIVING", "maneuver": "turn-left", "start_location": {"lat": 35.0220669, "lng": 135.777371}, "polyline": {"points": "}fwtEq_v{X?`@@DAr@?\\"}, "duration": {"text": "1 min", "value": 14}, "end_location": {"lat": 35.0220742, "lng": 135.7767597}}], "duration": {"text": "10 mins", "value": 619}, "end_location": {"lat": 35.0220742, "lng": 135.7767597}}]}], "status": "OK", "geocoded_waypoints": [{"place_id": "ChIJh4NkWo8IAWARbytXL8QlnZc", "geocoder_status": "OK", "types": ["establishment", "parking", "point_of_interest"]}, {"place_id": "ChIJAwPNY_YIAWARwEK7xaDChfM", "geocoder_status": "OK", "types": ["route"]}]}