{"routes": [{"overview_polyline": {"points": "moxtEy_v{XpE|@zEdArCp@vAZ?BLBlCn@|AZ^Fp@pARb@d@tAl@xBH?"}, "warnings": [], "bounds": {"northeast": {"lat": 35.02855419999999, "lng": 135.7774134}, "southwest": {"lat": 35.02299230000001, "lng": 135.7742705}}, "waypoint_order": [], "summary": "\u97a0\u5c0f\u8def\u901a\u308a", "copyrights": "Map data \u00a92019", "legs": [{"distance": {"text": "0.7 km", "value": 724}, "traffic_speed_entry": [], "end_address": "20 Yoshidashimoadachicho, Sakyo Ward, Kyoto, 606-8304, Japan", "via_waypoint": [], "start_address": "Japan, \u3012606-8203 Kyoto, Saky\u014d-ku, Tanaka Sekidench\u014d, \uff12\u2212\uff17 \u9d28\u6771\u30ed\u30a4\u30e4\u30eb\u30cf\u30a4\u30c4", "start_location": {"lat": 35.02855419999999, "lng": 135.7774134}, "steps": [{"html_instructions": "Head <b>south</b> on <b>\u97a0\u5c0f\u8def\u901a\u308a</b>", "distance": {"text": "0.5 km", "value": 545}, "travel_mode": "DRIVING", "start_location": {"lat": 35.02855419999999, "lng": 135.7774134}, "polyline": {"points": "moxtEy_v{X`APB@LB|Bd@@?^Fh@JnCp@tBf@\\HvAZ?BD@F@lBb@^J@?jAX@?L@\\B"}, "duration": {"text": "2 mins", "value": 133}, "end_location": {"lat": 35.0238245, "lng": 135.7759213}}, {"html_instructions": "Turn <b>right</b>", "distance": {"text": "0.2 km", "value": 174}, "travel_mode": "DRIVING", "maneuver": "turn-right", "start_location": {"lat": 35.0238245, "lng": 135.7759213}, "polyline": {"points": "{qwtEovu{X@BRb@\\l@HNHRPh@Rj@BJh@lB"}, "duration": {"text": "1 min", "value": 34}, "end_location": {"lat": 35.0230411, "lng": 135.7742736}}, {"html_instructions": "Turn <b>left</b> after \u30af\u30ea\u30fc\u30cb\u30f3\u30b0 (on the left)", "distance": {"text": "5 m", "value": 5}, "travel_mode": "DRIVING", "maneuver": "turn-left", "start_location": {"lat": 35.0230411, "lng": 135.7742736}, "polyline": {"points": "_mwtEelu{XH?"}, "duration": {"text": "1 min", "value": 6}, "end_location": {"lat": 35.02299230000001, "lng": 135.7742705}}], "duration": {"text": "3 mins", "value": 173}, "end_location": {"lat": 35.02299230000001, "lng": 135.7742705}}]}], "status": "OK", "geocoded_waypoints": [{"place_id": "ChIJB8KnYVkIAWARJPNtZ4lRWFE", "geocoder_status": "OK", "types": ["premise"]}, {"place_id": "ChIJ_QCTivUIAWAR_eEs9F8a10U", "geocoder_status": "OK", "types": ["establishment", "food", "point_of_interest", "restaurant", "store"]}]}