{"routes": [{"overview_polyline": {"points": "ifvtEmut{X?RAL@`@s@@}AB@eB?a@?g@@wE?cGFkHTgR@{@tA?rB@vC@dKDzGG"}, "warnings": [], "bounds": {"northeast": {"lat": 35.0175803, "lng": 135.778402}, "southwest": {"lat": 35.0122591, "lng": 135.770256}}, "waypoint_order": [], "summary": "\u4e38\u592a\u753a\u901a\u308a/\u5e9c\u9053187\u53f7 and \u6771\u5927\u8def\u901a\u308a/\u5e9c\u9053181\u53f7", "copyrights": "Map data \u00a92019", "legs": [{"distance": {"text": "1.4 km", "value": 1426}, "traffic_speed_entry": [], "end_address": "Higashiyama Niomon, Kitamonzench\u014d, Saky\u014d-ku, Kyoto, 606-8352, Japan", "via_waypoint": [], "start_address": "Japan, \u3012602-0872 Kyoto, Kamigy\u014d-ku, Komanoch\u014d, \uff15\uff16\uff11\u2212\uff11\uff10 \u4eac\u90fd\u5e02\u4f4f\u5b85\u4f9b\u7d66\u516c\u793e", "start_location": {"lat": 35.0168489, "lng": 135.7706294}, "steps": [{"html_instructions": "Head <b>west</b>", "distance": {"text": "31 m", "value": 31}, "travel_mode": "DRIVING", "start_location": {"lat": 35.0168489, "lng": 135.7706294}, "polyline": {"points": "ifvtEmut{X?@?F?H?FAD@`@"}, "duration": {"text": "1 min", "value": 8}, "end_location": {"lat": 35.0168535, "lng": 135.7702872}}, {"html_instructions": "Turn <b>right</b> toward <b>\u4e38\u592a\u753a\u901a\u308a</b>/<wbr/><b>\u5e9c\u9053187\u53f7</b>", "distance": {"text": "81 m", "value": 81}, "travel_mode": "DRIVING", "maneuver": "turn-right", "start_location": {"lat": 35.0168535, "lng": 135.7702872}, "polyline": {"points": "ifvtEist{Xs@@}AB"}, "duration": {"text": "1 min", "value": 33}, "end_location": {"lat": 35.0175803, "lng": 135.770256}}, {"html_instructions": "Turn <b>right</b> onto <b>\u4e38\u592a\u753a\u901a\u308a</b>/<wbr/><b>\u5e9c\u9053187\u53f7</b>", "distance": {"text": "0.7 km", "value": 742}, "travel_mode": "DRIVING", "maneuver": "turn-right", "start_location": {"lat": 35.0175803, "lng": 135.770256}, "polyline": {"points": "{jvtEcst{X@eB?Q?O?I?E?E?Q?G?G@s@AsA?I?I?G@c@?SAgB?[@kB?g@BsB?SB{B?ABaC@G@q@BeCHkE?Q?eA@{@"}, "duration": {"text": "3 mins", "value": 158}, "end_location": {"lat": 35.01740390000001, "lng": 135.778402}}, {"html_instructions": "Turn <b>right</b> at <b>\u6771\u5c71\u4e38\u592a\u753a\uff08\u4ea4\u5dee\u70b9\uff09</b> onto <b>\u6771\u5927\u8def\u901a\u308a</b>/<wbr/><b>\u5e9c\u9053181\u53f7</b><div style=\"font-size:0.9em\">Destination will be on the right</div>", "distance": {"text": "0.6 km", "value": 572}, "travel_mode": "DRIVING", "maneuver": "turn-right", "start_location": {"lat": 35.01740390000001, "lng": 135.778402}, "polyline": {"points": "wivtE_fv{XtA?~@@r@?z@?hA@N?@?^?@?H?nB@B?l@?vDBdBA|ACvAA"}, "duration": {"text": "2 mins", "value": 94}, "end_location": {"lat": 35.0122591, "lng": 135.7783854}}], "duration": {"text": "5 mins", "value": 293}, "end_location": {"lat": 35.0122591, "lng": 135.7783854}}]}], "status": "OK", "geocoded_waypoints": [{"place_id": "ChIJ7SOQWosIAWARsZRRrje5ul0", "geocoder_status": "OK", "types": ["premise"]}, {"place_id": "ChIJL4w-Ke8IAWARV6kyzUyiux4", "geocoder_status": "OK", "types": ["establishment", "point_of_interest", "transit_station"]}]}