{"routes": [{"overview_polyline": {"points": "oyutEq_v{X@[U?i@Ak@@uEK{BImAGIjEEvDIfGEzG@jHAzBAhCBdBHfEJdDDjB?dH@`K?fM@~IHxCEvE?|CeGBEeG"}, "warnings": [], "bounds": {"northeast": {"lat": 35.0187242, "lng": 135.7776645}, "southwest": {"lat": 35.0147888, "lng": 135.7571925}}, "waypoint_order": [], "summary": "\u4e38\u592a\u753a\u901a\u308a/\u5e9c\u9053187\u53f7", "copyrights": "Map data \u00a92019", "legs": [{"distance": {"text": "2.4 km", "value": 2435}, "traffic_speed_entry": [], "end_address": "Japan, \u3012602-8022 Kyoto, Kamigy\u014d-ku, Y\u014danch\u014d, \u6939\u6728\u753a\u901a\u70cf\u4e38\u897f\u5165\uff12\uff14\uff12\u2212\uff12\uff16 \u30ec\u30b9\u30dd\u30ef\u30fc\u30eb\u5ca1\u5d0e", "via_waypoint": [], "start_address": "Japan, \u3012606-8357 Kyoto, Saky\u014d-ku, Sh\u014dgoin Rengez\u014dch\u014d, \uff14\u2212\uff19 \u30b9\u30dd\u30fc\u30c4\u30af\u30e9\u30d5\u30c8", "start_location": {"lat": 35.014797, "lng": 135.7773688}, "steps": [{"html_instructions": "Head <b>east</b>", "distance": {"text": "13 m", "value": 13}, "travel_mode": "DRIVING", "start_location": {"lat": 35.014797, "lng": 135.7773688}, "polyline": {"points": "oyutEq_v{X@["}, "duration": {"text": "1 min", "value": 3}, "end_location": {"lat": 35.0147888, "lng": 135.7775129}}, {"html_instructions": "Turn <b>left</b> onto <b>\u718a\u91ce\u6a4b</b>", "distance": {"text": "0.3 km", "value": 292}, "travel_mode": "DRIVING", "maneuver": "turn-left", "start_location": {"lat": 35.0147888, "lng": 135.7775129}, "polyline": {"points": "myutEm`v{XU?e@AC?K@G?W?MAG?I?g@AE?G?{AEc@AEAeACe@CI?mAG"}, "duration": {"text": "1 min", "value": 81}, "end_location": {"lat": 35.0174132, "lng": 135.7776645}}, {"html_instructions": "Turn <b>left</b> onto <b>\u4e38\u592a\u753a\u901a\u308a</b>/<wbr/><b>\u5e9c\u9053187\u53f7</b>", "distance": {"text": "1.9 km", "value": 1864}, "travel_mode": "DRIVING", "maneuver": "turn-left", "start_location": {"lat": 35.0174132, "lng": 135.7776645}, "polyline": {"points": "yivtEkav{XIjECdCAp@AFC`C?@CzB?RCrB?f@AjB?Z@fB?RAb@?F?H?H@rAAr@?F?F?P?D?D?H?N?PAdB?D?J@|@@f@BvBDnA@JD`B@D@p@BdB@D?zC?hC?dA?`@?x@@~E?rC?|B?Z?xC?V?N@d@?D?fAAd@@fB?t@?L@H?NBV@^@V?P?NAfACnC?|C"}, "duration": {"text": "6 mins", "value": 358}, "end_location": {"lat": 35.0173805, "lng": 135.7572096}}, {"html_instructions": "Turn <b>right</b> onto <b>\u8863\u68da\u901a\u308a</b>", "distance": {"text": "0.1 km", "value": 146}, "travel_mode": "DRIVING", "maneuver": "turn-right", "start_location": {"lat": 35.0173805, "lng": 135.7572096}, "polyline": {"points": "sivtEqar{XeGB"}, "duration": {"text": "1 min", "value": 48}, "end_location": {"lat": 35.0186917, "lng": 135.7571925}}, {"html_instructions": "Turn <b>right</b>", "distance": {"text": "0.1 km", "value": 120}, "travel_mode": "DRIVING", "maneuver": "turn-right", "start_location": {"lat": 35.0186917, "lng": 135.7571925}, "polyline": {"points": "yqvtEmar{XE_D?eB"}, "duration": {"text": "1 min", "value": 40}, "end_location": {"lat": 35.0187242, "lng": 135.7585041}}], "duration": {"text": "9 mins", "value": 530}, "end_location": {"lat": 35.0187242, "lng": 135.7585041}}]}], "status": "OK", "geocoded_waypoints": [{"place_id": "ChIJ-1BeJO4IAWAR8rr0F1qKHwc", "geocoder_status": "OK", "types": ["premise"]}, {"place_id": "ChIJO6BKUHwIAWAR_-4olSfqEM4", "geocoder_status": "OK", "types": ["premise"]}]}