{"routes": [{"overview_polyline": {"points": "iywtEciq{XE{P@mA?KhA?~B?z@@rEDV??FjF@RAfD?l@@n@?FF?J@n@A~A?p@"}, "warnings": [], "bounds": {"northeast": {"lat": 35.0250377, "lng": 135.7566118}, "southwest": {"lat": 35.0199034, "lng": 135.7533023}}, "waypoint_order": [], "summary": "\u4e2d\u7acb\u58f2\u901a\u308a and \u65b0\u753a\u901a", "copyrights": "Map data \u00a92019", "legs": [{"distance": {"text": "1.0 km", "value": 969}, "traffic_speed_entry": [], "end_address": "Japan, \u3012602-8041 Kyoto, Kamigy\u014d-ku, Yabunouchich\u014d, \u4e0b\u9577\u8005\u753a\u901a\u65b0\u753a\u897f\u5165\uff11 \u4eac\u90fd\u5e9c\u5e81 \u8b70\u4f1a\u68df", "via_waypoint": [], "start_address": "89-4 Aburahashizumech\u014d, Kamigy\u014d-ku, Kyoto, 602-0923, Japan", "start_location": {"lat": 35.0250066, "lng": 135.7533023}, "steps": [{"html_instructions": "Head <b>east</b> on <b>\u4e2d\u7acb\u58f2\u901a\u308a</b> toward <b>\u6cb9\u5c0f\u8def\u901a\u308a</b>", "distance": {"text": "0.3 km", "value": 301}, "travel_mode": "DRIVING", "start_location": {"lat": 35.0250066, "lng": 135.7533023}, "polyline": {"points": "iywtEciq{X@g@AqA?a@?{@AK?eA?[?YAg@?c@?E?g@?_@?GAY?_@@W?I?G?c@?K"}, "duration": {"text": "1 min", "value": 75}, "end_location": {"lat": 35.0250329, "lng": 135.7566098}}, {"html_instructions": "Turn <b>right</b> onto <b>\u65b0\u753a\u901a</b>", "distance": {"text": "0.6 km", "value": 569}, "travel_mode": "DRIVING", "maneuver": "turn-right", "start_location": {"lat": 35.0250329, "lng": 135.7566098}, "polyline": {"points": "mywtEy}q{XhA?h@?tA?V@P?@?N?dBBlB@V??FjA?~C@JAF?f@?rA?b@?F?F?B?B?D@@?D?@?L?^?N?"}, "duration": {"text": "2 mins", "value": 118}, "end_location": {"lat": 35.0199487, "lng": 135.7565187}}, {"html_instructions": "Turn <b>right</b> onto <b>\u4e0b\u7acb\u58f2\u901a\u308a</b>", "distance": {"text": "0.1 km", "value": 99}, "travel_mode": "DRIVING", "maneuver": "turn-right", "start_location": {"lat": 35.0199487, "lng": 135.7565187}, "polyline": {"points": "uyvtEg}q{XFF?J?L@`@?|@A`@?V?X"}, "duration": {"text": "1 min", "value": 31}, "end_location": {"lat": 35.0199111, "lng": 135.7554538}}], "duration": {"text": "4 mins", "value": 224}, "end_location": {"lat": 35.0199111, "lng": 135.7554538}}]}], "status": "OK", "geocoded_waypoints": [{"place_id": "ChIJT5ZRP3YIAWARZP4LUQPYizI", "geocoder_status": "OK", "types": ["street_address"]}, {"place_id": "ChIJGcLGqXkIAWARDzRDU7jS8A4", "geocoder_status": "OK", "types": ["premise"]}]}