{"routes": [{"overview_polyline": {"points": "ajxtEm`r{Xe@@Cg@a@@sDBU@@KAkC?iA?qE`@ApA?TIN?d@@tB?xC@nQF`KArJ?fJAhBCRCh@UCWAY?qEAoMCaYM_GG{AE_D?uD?q@?cE?gDDcHFsGlBBbBDAYDwFf@?L?"}, "warnings": [], "bounds": {"northeast": {"lat": 35.0290845, "lng": 135.7769997}, "southwest": {"lat": 35.0161588, "lng": 135.7570175}}, "waypoint_order": [], "summary": "\u70cf\u4e38\u901a\u308a/\u56fd\u9053367\u53f7 and \u4e38\u592a\u753a\u901a\u308a/\u5e9c\u9053187\u53f7", "copyrights": "Map data \u00a92019", "legs": [{"distance": {"text": "3.4 km", "value": 3418}, "traffic_speed_entry": [], "end_address": "1 Shogoin Rengezocho, Sakyo Ward, Kyoto, 606-8357, Japan", "via_waypoint": [], "start_address": "Japan, \u3012602-0933 Kyoto, Kamigy\u014d-ku, Mushak\u014djich\u014d, \u6b66\u8005\u5c0f\u8def\u901a\u5ba4\u753a\u897f\u5165\uff14\uff13\uff17\u2212\uff13", "start_location": {"lat": 35.0276874, "lng": 135.7570278}, "steps": [{"html_instructions": "Head <b>north</b> on <b>\u8863\u68da\u901a\u308a</b> toward <b>\u4eca\u51fa\u5ddd\u901a\u30ea</b>/<wbr/><b>\u5e9c\u9053101\u53f7</b>", "distance": {"text": "0.2 km", "value": 171}, "travel_mode": "DRIVING", "start_location": {"lat": 35.0276874, "lng": 135.7570278}, "polyline": {"points": "ajxtEm`r{Xe@@Cg@G?Y@iB@iA@U@"}, "duration": {"text": "1 min", "value": 62}, "end_location": {"lat": 35.0290808, "lng": 135.7571818}}, {"html_instructions": "Turn <b>right</b> onto <b>\u4eca\u51fa\u5ddd\u901a\u30ea</b>/<wbr/><b>\u5e9c\u9053101\u53f7</b>", "distance": {"text": "0.2 km", "value": 198}, "travel_mode": "DRIVING", "maneuver": "turn-right", "start_location": {"lat": 35.0290808, "lng": 135.7571818}, "polyline": {"points": "wrxtEkar{X@K?IAaC?E?cAAyC@w@"}, "duration": {"text": "1 min", "value": 58}, "end_location": {"lat": 35.0290845, "lng": 135.7593561}}, {"html_instructions": "Turn <b>right</b> at <b>\u70cf\u4e38\u4eca\u51fa\u5ddd\uff08\u4ea4\u5dee\u70b9\uff09</b> onto <b>\u70cf\u4e38\u901a\u308a</b>/<wbr/><b>\u56fd\u9053367\u53f7</b> (signs for <b>Karasumagojo</b>)", "distance": {"text": "1.3 km", "value": 1305}, "travel_mode": "DRIVING", "maneuver": "turn-right", "start_location": {"lat": 35.0290845, "lng": 135.7593561}, "polyline": {"points": "wrxtE_or{X^A@?B?\\?P?\\?TIN?P@R?P?R?r@?Z?F?fA@P?v@?L?fA?H?vC@xA@B?jF@L@bA?l@AP?B?vA?V?|B?J?~@?p@?B?t@?B?~@?L?tB?F?xA?n@?fA?^?DA~A?F?HAf@?h@AL?D?B?DABAh@U"}, "duration": {"text": "3 mins", "value": 179}, "end_location": {"lat": 35.0173746, "lng": 135.7595257}}, {"html_instructions": "Turn <b>left</b> at <b>\u70cf\u4e38\u4e38\u592a\u753a\uff08\u4ea4\u5dee\u70b9\uff09</b> onto <b>\u4e38\u592a\u753a\u901a\u308a</b>/<wbr/><b>\u5e9c\u9053187\u53f7</b> (signs for <b>\u7947\u5712</b>/<wbr/><b>\u5ca1\u5d0e</b>/<wbr/><b>\u4eac\u90fd\u5e9c\u9053187\u53f7</b>/<wbr/><b>\u5e73\u5b89\u795e\u5bae</b>)", "distance": {"text": "1.5 km", "value": 1473}, "travel_mode": "DRIVING", "maneuver": "turn-left", "start_location": {"lat": 35.0173746, "lng": 135.7595257}, "polyline": {"points": "qivtEapr{XCW?OAI?M?u@AgB@e@?gA?EAe@?O?W?yC?[?}B?sCA_F?y@?a@?eA?iC?{CAECeBAq@AEEaBAKEoACwBAg@A}@?K?E@eB?Q?O?I?E?E?Q?G?G@s@AsA?I?I?G@c@?SAgB?[@kB?g@BsB?SB{B?ABaC"}, "duration": {"text": "4 mins", "value": 267}, "end_location": {"lat": 35.0174962, "lng": 135.7756845}}, {"html_instructions": "Turn <b>right</b> toward <b>\u7af9\u5c4b\u753a\u901a\u308a</b>", "distance": {"text": "0.1 km", "value": 116}, "travel_mode": "DRIVING", "maneuver": "turn-right", "start_location": {"lat": 35.0174962, "lng": 135.7756845}, "polyline": {"points": "kjvtE_uu{XV?tABbBD"}, "duration": {"text": "1 min", "value": 43}, "end_location": {"lat": 35.0164527, "lng": 135.7756324}}, {"html_instructions": "Turn <b>left</b> onto <b>\u7af9\u5c4b\u753a\u901a\u308a</b>", "distance": {"text": "0.1 km", "value": 124}, "travel_mode": "DRIVING", "maneuver": "turn-left", "start_location": {"lat": 35.0164527, "lng": 135.7756324}, "polyline": {"points": "ycvtEutu{XAYDwF"}, "duration": {"text": "1 min", "value": 43}, "end_location": {"lat": 35.0164345, "lng": 135.7769961}}, {"html_instructions": "Turn <b>right</b><div style=\"font-size:0.9em\">Destination will be on the left</div>", "distance": {"text": "31 m", "value": 31}, "travel_mode": "DRIVING", "maneuver": "turn-right", "start_location": {"lat": 35.0164345, "lng": 135.7769961}, "polyline": {"points": "ucvtEg}u{Xf@?L?"}, "duration": {"text": "1 min", "value": 11}, "end_location": {"lat": 35.0161588, "lng": 135.7769964}}], "duration": {"text": "11 mins", "value": 663}, "end_location": {"lat": 35.0161588, "lng": 135.7769964}}]}], "status": "OK", "geocoded_waypoints": [{"place_id": "ChIJLf78TXEIAWAR3O6nlZTCJPE", "geocoder_status": "OK", "types": ["premise"]}, {"place_id": "ChIJAQBUwfEIAWARnimpH_4qme4", "geocoder_status": "OK", "types": ["establishment", "local_government_office", "point_of_interest"]}]}