{"routes": [{"overview_polyline": {"points": "e}utE{iq{XaIBgA??~@?tE?N?h@cBAiDAyF?{G@sFBByA@sMD}KGyGBcG?QbB?"}, "warnings": [], "bounds": {"northeast": {"lat": 35.0226011, "lng": 135.7593705}, "southwest": {"lat": 35.0153943, "lng": 135.751713}}, "waypoint_order": [], "summary": "\u5800\u5ddd\u901a\u308a/\u978d\u99ac\u8857\u9053/\u5e9c\u905338\u53f7 and \u4e0b\u9577\u8005\u753a\u901a\u308a", "copyrights": "Map data \u00a92019", "legs": [{"distance": {"text": "1.7 km", "value": 1708}, "traffic_speed_entry": [], "end_address": "Japan, \u3012602-0881 Kyoto, Kamigy\u014d-ku, Ky\u014dtogyoen, \uff14\uff13\uff18\u2212\uff11 \u7687\u5bae\u8b66\u5bdf\u672c\u90e8\u4eac\u90fd\u8b77\u885b\u7f72", "via_waypoint": [], "start_address": "487-2 Hashimotoch\u014d, Nakagy\u014d-ku, Kyoto, 604-0072, Japan", "start_location": {"lat": 35.0153943, "lng": 135.7534158}, "steps": [{"html_instructions": "Head <b>north</b> on <b>\u6cb9\u5c0f\u8def\u901a\u308a</b> toward <b>\u7af9\u5c4b\u753a\u901a\u308a</b>", "distance": {"text": "0.2 km", "value": 219}, "travel_mode": "DRIVING", "start_location": {"lat": 35.0153943, "lng": 135.7534158}, "polyline": {"points": "e}utE{iq{X}CBcD?gA?"}, "duration": {"text": "1 min", "value": 60}, "end_location": {"lat": 35.017363, "lng": 135.7534018}}, {"html_instructions": "Turn <b>left</b> onto <b>\u4e38\u592a\u753a\u901a\u308a</b>/<wbr/><b>\u5e9c\u9053187\u53f7</b>", "distance": {"text": "0.1 km", "value": 142}, "travel_mode": "DRIVING", "maneuver": "turn-left", "start_location": {"lat": 35.017363, "lng": 135.7534018}, "polyline": {"points": "oivtEwiq{X?~@?`E?R?F?F?P"}, "duration": {"text": "1 min", "value": 48}, "end_location": {"lat": 35.0173572, "lng": 135.751845}}, {"html_instructions": "Turn <b>right</b> at <b>\u5800\u5ddd\u4e38\u592a\u753a\uff08\u4ea4\u5dee\u70b9\uff09</b> onto <b>\u5800\u5ddd\u901a\u308a</b>/<wbr/><b>\u978d\u99ac\u8857\u9053</b>/<wbr/><b>\u5e9c\u905338\u53f7</b> (signs for <b>Horikawakitaoji</b>)", "distance": {"text": "0.6 km", "value": 594}, "travel_mode": "DRIVING", "maneuver": "turn-right", "start_location": {"lat": 35.0173572, "lng": 135.751845}, "polyline": {"points": "oivtE_`q{X?Vg@A{@?c@AeC?oC?iB?]?gA?oC@e@?o@?I?cABuB?"}, "duration": {"text": "2 mins", "value": 104}, "end_location": {"lat": 35.0226011, "lng": 135.751713}}, {"html_instructions": "Turn <b>right</b> onto <b>\u4e0b\u9577\u8005\u753a\u901a\u308a</b>", "distance": {"text": "0.7 km", "value": 690}, "travel_mode": "DRIVING", "maneuver": "turn-right", "start_location": {"lat": 35.0226011, "lng": 135.751713}, "polyline": {"points": "gjwtEe_q{X@Y?K?G?C?E@E?M?M?eB?W@mCAkA?aA?E?[@W@q@@u@@mH?G?[AaBAw@CcB?O@k@?w@@oC"}, "duration": {"text": "2 mins", "value": 144}, "end_location": {"lat": 35.0225626, "lng": 135.7592819}}, {"html_instructions": "Turn <b>right</b> at <b>\u70cf\u4e38\u4e0b\u9577\u8005\u753a\uff08\u4ea4\u5dee\u70b9\uff09</b> onto <b>\u70cf\u4e38\u901a\u308a</b>/<wbr/><b>\u56fd\u9053367\u53f7</b><div style=\"font-size:0.9em\">Destination will be on the left</div>", "distance": {"text": "63 m", "value": 63}, "travel_mode": "DRIVING", "maneuver": "turn-right", "start_location": {"lat": 35.0225626, "lng": 135.7592819}, "polyline": {"points": "_jwtEonr{X?QbB?"}, "duration": {"text": "1 min", "value": 19}, "end_location": {"lat": 35.0220646, "lng": 135.7593683}}], "duration": {"text": "6 mins", "value": 375}, "end_location": {"lat": 35.0220646, "lng": 135.7593683}}]}], "status": "OK", "geocoded_waypoints": [{"place_id": "ChIJf3MpdH8IAWARz97mp9trW-U", "geocoder_status": "OK", "types": ["premise"]}, {"place_id": "ChIJgzNGbXsIAWAR6lC6nSVVlsg", "geocoder_status": "OK", "types": ["premise"]}]}