{"routes": [{"overview_polyline": {"points": "afvtEwiq{XmB??`G?t@?Vg@A_BAuG?iB?AUA[?GAqABmJ@gB?UD]BO?_A@qCAo@?KGG@eCC}HAcBm@?iEAuT?qKEyHAW?WGo@?cA@?oGKcUG{QBiJ@sDDuAZaHF}A@a@tA@?aE?g@VA"}, "warnings": [], "bounds": {"northeast": {"lat": 35.0291774, "lng": 135.7736785}, "southwest": {"lat": 35.0168073, "lng": 135.751723}}, "waypoint_order": [], "summary": "\u70cf\u4e38\u901a\u308a/\u56fd\u9053367\u53f7 and \u4eca\u51fa\u5ddd\u901a\u30ea/\u5e9c\u9053101\u53f7", "copyrights": "Map data \u00a92019", "legs": [{"distance": {"text": "3.6 km", "value": 3576}, "traffic_speed_entry": [], "end_address": "10-3 Tanaka Shimoyanagicho, Sakyo Ward, Kyoto, 606-8204, Japan", "via_waypoint": [], "start_address": "Japan, \u3012604-0071 Kyoto, Nakagy\u014d-ku, Daimonjich\u014d, \u6cb9\u5c0f\u8def\u901a\u4e38\u592a\u753a\u4e0b\u308b\u2212\uff15\uff11", "start_location": {"lat": 35.0168073, "lng": 135.7534017}, "steps": [{"html_instructions": "Head <b>north</b> on <b>\u6cb9\u5c0f\u8def\u901a\u308a</b> toward <b>\u4e38\u592a\u753a\u901a\u308a</b>/<wbr/><b>\u5e9c\u9053187\u53f7</b>", "distance": {"text": "62 m", "value": 62}, "travel_mode": "DRIVING", "start_location": {"lat": 35.0168073, "lng": 135.7534017}, "polyline": {"points": "afvtEwiq{Xe@?gA?"}, "duration": {"text": "1 min", "value": 21}, "end_location": {"lat": 35.017363, "lng": 135.7534018}}, {"html_instructions": "Turn <b>left</b> onto <b>\u4e38\u592a\u753a\u901a\u308a</b>/<wbr/><b>\u5e9c\u9053187\u53f7</b>", "distance": {"text": "0.1 km", "value": 142}, "travel_mode": "DRIVING", "maneuver": "turn-left", "start_location": {"lat": 35.017363, "lng": 135.7534018}, "polyline": {"points": "oivtEwiq{X?~@?`E?R?F?F?P"}, "duration": {"text": "1 min", "value": 48}, "end_location": {"lat": 35.0173572, "lng": 135.751845}}, {"html_instructions": "Turn <b>right</b> at <b>\u5800\u5ddd\u4e38\u592a\u753a\uff08\u4ea4\u5dee\u70b9\uff09</b> onto <b>\u5800\u5ddd\u901a\u308a</b>/<wbr/><b>\u978d\u99ac\u8857\u9053</b>/<wbr/><b>\u5e9c\u905338\u53f7</b> (signs for <b>Horikawakitaoji</b>)", "distance": {"text": "0.3 km", "value": 301}, "travel_mode": "DRIVING", "maneuver": "turn-right", "start_location": {"lat": 35.0173572, "lng": 135.751845}, "polyline": {"points": "oivtE_`q{X?Vg@A{@?c@AeC?oC?iB?"}, "duration": {"text": "1 min", "value": 56}, "end_location": {"lat": 35.0199649, "lng": 135.7517392}}, {"html_instructions": "Turn <b>right</b> at <b>\u5800\u5ddd\u4e0b\u7acb\u58f2\uff08\u4ea4\u5dee\u70b9\uff09</b> onto <b>\u4e0b\u7acb\u58f2\u901a\u308a</b>", "distance": {"text": "0.7 km", "value": 689}, "travel_mode": "DRIVING", "maneuver": "turn-right", "start_location": {"lat": 35.0199649, "lng": 135.7517392}, "polyline": {"points": "wyvtEk_q{XAUAQ?I?E?A?OAY?a@?E@aA?e@?cB@uA?y@?E?K?O?w@?U@I?I?KBS@IBI?E?e@?Y?Y?W@a@?}@Aa@?M?KGG?Y@kBA}CA_DAm@?u@"}, "duration": {"text": "3 mins", "value": 150}, "end_location": {"lat": 35.0199669, "lng": 135.7592756}}, {"html_instructions": "Turn <b>left</b> at <b>\u70cf\u4e38\u4e0b\u7acb\u58f2\uff08\u4ea4\u5dee\u70b9\uff09</b> onto <b>\u70cf\u4e38\u901a\u308a</b>/<wbr/><b>\u56fd\u9053367\u53f7</b>", "distance": {"text": "1.0 km", "value": 1015}, "travel_mode": "DRIVING", "maneuver": "turn-left", "start_location": {"lat": 35.0199669, "lng": 135.7592756}, "polyline": {"points": "yyvtEonr{XK?a@?E?]?cCAa@?M?uB?iC@_C?u@?aAAcD?K?iAA}AAwCAqA?eA?yAAwB?a@?W?WG]?Q?]?C?A?_@@"}, "duration": {"text": "3 mins", "value": 163}, "end_location": {"lat": 35.0290845, "lng": 135.7593561}}, {"html_instructions": "Turn <b>right</b> at <b>\u70cf\u4e38\u4eca\u51fa\u5ddd\uff08\u4ea4\u5dee\u70b9\uff09</b> onto <b>\u4eca\u51fa\u5ddd\u901a\u30ea</b>/<wbr/><b>\u5e9c\u9053101\u53f7</b> (signs for <b>Hyakumanben</b>)", "distance": {"text": "1.2 km", "value": 1190}, "travel_mode": "DRIVING", "maneuver": "turn-right", "start_location": {"lat": 35.0290845, "lng": 135.7593561}, "polyline": {"points": "wrxtE_or{X?A?eB@y@?G?S?i@?EAa@AkB?k@?g@Ag@?A?A?i@Ai@?I?A?{@?k@CmEA{@?E?CAeC?A?C?E?Y?CA_@?k@?s@Ay@?K?C?u@AaB?eA?aA?y@?C@gA?m@?Y?u@@c@?s@?C@}@?}@@Y?U@W@MBq@@M?GBa@@W?E@ELsCBi@?Q@U@K?M"}, "duration": {"text": "4 mins", "value": 228}, "end_location": {"lat": 35.0289354, "lng": 135.7724102}}, {"html_instructions": "Turn <b>right</b> onto <b>\u5ddd\u7aef\u901a\u308a</b> (signs for <b>Kawabataoike</b>)", "distance": {"text": "57 m", "value": 57}, "travel_mode": "DRIVING", "maneuver": "turn-right", "start_location": {"lat": 35.0289354, "lng": 135.7724102}, "polyline": {"points": "{qxtEq`u{X@Sb@?p@@"}, "duration": {"text": "1 min", "value": 13}, "end_location": {"lat": 35.0284995, "lng": 135.7724986}}, {"html_instructions": "Turn <b>left</b>", "distance": {"text": "0.1 km", "value": 106}, "travel_mode": "DRIVING", "maneuver": "turn-left", "start_location": {"lat": 35.0284995, "lng": 135.7724986}, "polyline": {"points": "coxtEcau{X?s@A_@?k@@aA?S?S"}, "duration": {"text": "1 min", "value": 53}, "end_location": {"lat": 35.0285006, "lng": 135.7736669}}, {"html_instructions": "Turn <b>right</b><div style=\"font-size:0.9em\">Destination will be on the right</div>", "distance": {"text": "14 m", "value": 14}, "travel_mode": "DRIVING", "maneuver": "turn-right", "start_location": {"lat": 35.0285006, "lng": 135.7736669}, "polyline": {"points": "coxtEmhu{XVA"}, "duration": {"text": "1 min", "value": 6}, "end_location": {"lat": 35.0283788, "lng": 135.7736785}}], "duration": {"text": "12 mins", "value": 738}, "end_location": {"lat": 35.0283788, "lng": 135.7736785}}]}], "status": "OK", "geocoded_waypoints": [{"place_id": "ChIJjTN9P38IAWARxv8nmTvldSI", "geocoder_status": "OK", "types": ["street_address"]}, {"place_id": "ChIJVVWGTFwIAWARXB2pBczqBYw", "geocoder_status": "OK", "types": ["establishment", "point_of_interest"]}]}