{"routes": [{"overview_polyline": {"points": "q}utEa}r{XlB?@J@dG?`A?v@?PeCBkCDuA?iA?]F_@Ng@Hi@@aGBcF@wQ?yTG_DAwB??n@@P?h@"}, "warnings": [], "bounds": {"northeast": {"lat": 35.0280947, "lng": 135.7616105}, "southwest": {"lat": 35.0148772, "lng": 135.7587937}}, "waypoint_order": [], "summary": "\u70cf\u4e38\u901a\u308a/\u56fd\u9053367\u53f7", "copyrights": "Map data \u00a92019", "legs": [{"distance": {"text": "1.8 km", "value": 1771}, "traffic_speed_entry": [], "end_address": "Japan, \u3012602-0902 Kyoto, Kamigy\u014d-ku, Umeyach\u014d, \u6b66\u8005\u5c0f\u8def\u901a\u5ba4\u753a\u6771\u5165\uff14\uff16\uff17", "via_waypoint": [], "start_address": "Japan, \u3012604-0883 Kyoto, Nakagy\u014d-ku, \u9593\u4e4b\u753a\u901a\u7af9\u5c4b\u753a\u4e0b\u308b\u6960\u753a\uff16\uff10\uff11", "start_location": {"lat": 35.0154511, "lng": 135.761607}, "steps": [{"html_instructions": "Head <b>south</b> on <b>\u9593\u4e4b\u753a\u901a\u308a</b> toward <b>\u5937\u5ddd\u901a\u308a</b>", "distance": {"text": "61 m", "value": 61}, "travel_mode": "DRIVING", "start_location": {"lat": 35.0154511, "lng": 135.761607}, "polyline": {"points": "q}utEa}r{Xz@?p@?"}, "duration": {"text": "1 min", "value": 22}, "end_location": {"lat": 35.0148988, "lng": 135.7616105}}, {"html_instructions": "Turn <b>right</b> onto <b>\u5937\u5ddd\u901a\u308a</b>", "distance": {"text": "0.2 km", "value": 181}, "travel_mode": "DRIVING", "maneuver": "turn-right", "start_location": {"lat": 35.0148988, "lng": 135.7616105}, "polyline": {"points": "czutEa}r{X@B?F?J?V@dB?zB?L?n@?B?^?V"}, "duration": {"text": "1 min", "value": 70}, "end_location": {"lat": 35.0148819, "lng": 135.7596311}}, {"html_instructions": "Turn <b>right</b> onto <b>\u70cf\u4e38\u901a\u308a</b>/<wbr/><b>\u56fd\u9053367\u53f7</b>", "distance": {"text": "1.5 km", "value": 1480}, "travel_mode": "DRIVING", "maneuver": "turn-right", "start_location": {"lat": 35.0148819, "lng": 135.7596311}, "polyline": {"points": "_zutEupr{X?PeCBgBBc@@s@?a@?K?[?Q?O?I@SDEBYJa@FE@Q@W?[?s@@oB@aA?w@@}B?K?a@?E?]?cCAa@?M?uB?iC@_C?u@?aAAcD?K?iAA}AAwCAqA?eA?yAAwB?"}, "duration": {"text": "4 mins", "value": 233}, "end_location": {"lat": 35.0280947, "lng": 135.7593285}}, {"html_instructions": "Turn <b>left</b><div style=\"font-size:0.9em\">Destination will be on the left</div>", "distance": {"text": "49 m", "value": 49}, "travel_mode": "DRIVING", "maneuver": "turn-left", "start_location": {"lat": 35.0280947, "lng": 135.7593285}, "polyline": {"points": "qlxtEynr{X?n@@H?F?h@"}, "duration": {"text": "1 min", "value": 21}, "end_location": {"lat": 35.0280753, "lng": 135.7587937}}], "duration": {"text": "6 mins", "value": 346}, "end_location": {"lat": 35.0280753, "lng": 135.7587937}}]}], "status": "OK", "geocoded_waypoints": [{"place_id": "ChIJ31QK3IcIAWARF4JeSBWJQ7Q", "geocoder_status": "OK", "types": ["street_address"]}, {"place_id": "ChIJNak8DXEIAWARjKCqRa8AAg4", "geocoder_status": "OK", "types": ["street_address"]}]}