{"routes": [{"overview_polyline": {"points": "g}utEeut{X_@BABD|BqC@q@@?p@ElCC?o@AaAGoAMaDYkDYyCSwBCuAFgGb@cE@_EAgDAqBCmDKkJi@I?FeBBMFGjG^`@D"}, "warnings": [], "bounds": {"northeast": {"lat": 35.0284233, "lng": 135.7705875}, "southwest": {"lat": 35.0154032, "lng": 135.7689372}}, "waypoint_order": [], "summary": "\u6cb3\u539f\u753a\u901a\u308a/\u5e9c\u905332\u53f7", "copyrights": "Map data \u00a92019", "legs": [{"distance": {"text": "1.8 km", "value": 1828}, "traffic_speed_entry": [], "end_address": "Japan, \u3012602-0841 Kyoto, Kamigy\u014d-ku, Kajiich\u014d, \u4eca\u51fa\u5ddd\u901a\u6cb3\u539f\u753a\u6771\u5165\u4e0b\u308b\u2212\uff14\uff14\uff18", "via_waypoint": [], "start_address": "284-7 Suemarucho, Nakagyo Ward, Kyoto, 604-0901, Japan", "start_location": {"lat": 35.0154032, "lng": 135.7705875}, "steps": [{"html_instructions": "Head <b>north</b>", "distance": {"text": "77 m", "value": 77}, "travel_mode": "DRIVING", "start_location": {"lat": 35.0154032, "lng": 135.7705875}, "polyline": {"points": "g}utEeut{XW@A?C?A@A??@?@?BBfB@P"}, "duration": {"text": "1 min", "value": 18}, "end_location": {"lat": 35.0155432, "lng": 135.7699224}}, {"html_instructions": "Turn <b>right</b> toward <b>\u6cb3\u539f\u753a\u901a\u308a</b>/<wbr/><b>\u5e9c\u905332\u53f7</b>", "distance": {"text": "0.1 km", "value": 109}, "travel_mode": "DRIVING", "maneuver": "turn-right", "start_location": {"lat": 35.0155432, "lng": 135.7699224}, "polyline": {"points": "c~utE_qt{X{@@uA?q@@"}, "duration": {"text": "1 min", "value": 42}, "end_location": {"lat": 35.0165223, "lng": 135.7699034}}, {"html_instructions": "Turn <b>left</b> toward <b>\u6cb3\u539f\u753a\u901a\u308a</b>/<wbr/><b>\u5e9c\u905332\u53f7</b>", "distance": {"text": "88 m", "value": 88}, "travel_mode": "DRIVING", "maneuver": "turn-left", "start_location": {"lat": 35.0165223, "lng": 135.7699034}, "polyline": {"points": "gdvtE{pt{X?p@ElC"}, "duration": {"text": "1 min", "value": 33}, "end_location": {"lat": 35.016546, "lng": 135.7689372}}, {"html_instructions": "Turn <b>right</b> onto <b>\u6cb3\u539f\u753a\u901a\u308a</b>/<wbr/><b>\u5e9c\u905332\u53f7</b>", "distance": {"text": "1.3 km", "value": 1320}, "travel_mode": "DRIVING", "maneuver": "turn-right", "start_location": {"lat": 35.016546, "lng": 135.7689372}, "polyline": {"points": "mdvtE{jt{XC?Y?UAKAYAOAKAQA}@K_BKaAMo@EEAuAK_@Eg@Cc@E}@IO?SAS?w@AW?M@G?_@@_@BgAFoAHgAJg@DM@O?K?yC?A?uBAS?s@?y@?s@Ac@?U?q@?_ACeACgBGe@C{CQQCwCO"}, "duration": {"text": "4 mins", "value": 215}, "end_location": {"lat": 35.0283704, "lng": 135.7695155}}, {"html_instructions": "Turn <b>right</b><div style=\"font-size:0.9em\">Destination will be on the right</div>", "distance": {"text": "0.2 km", "value": 234}, "travel_mode": "DRIVING", "maneuver": "turn-right", "start_location": {"lat": 35.0283704, "lng": 135.7695155}, "polyline": {"points": "inxtEont{XI?FeB@I@C?C@A@AB?B?B?nCPrBL`@D"}, "duration": {"text": "1 min", "value": 73}, "end_location": {"lat": 35.0268136, "lng": 135.769955}}], "duration": {"text": "6 mins", "value": 381}, "end_location": {"lat": 35.0268136, "lng": 135.769955}}]}], "status": "OK", "geocoded_waypoints": [{"place_id": "ChIJTUegyYwIAWARevCatU-u3eQ", "geocoder_status": "OK", "types": ["establishment", "point_of_interest"]}, {"place_id": "ChIJs5voEmcIAWARK-uCF_QERTU", "geocoder_status": "OK", "types": ["street_address"]}]}