{"routes": [{"overview_polyline": {"points": "__xtEidv{X?eA?WSAo@AqAOgCc@cCa@[ESEq@jDGF]IS?VhGL|CBhBIlCc@vIKPO`D[jHGtACdCE~I@lJB`FJnSBlHA~C^?t@?\\?TI`@@lB?tG@rRDzA?V??PAfEAz@FxGAtHAt@rG@tB@"}, "warnings": [], "bounds": {"northeast": {"lat": 35.0291755, "lng": 135.7791057}, "southwest": {"lat": 35.0205875, "lng": 135.7547291}}, "waypoint_order": [], "summary": "\u4eca\u51fa\u5ddd\u901a\u30ea/\u5e9c\u9053101\u53f7", "copyrights": "Map data \u00a92019", "legs": [{"distance": {"text": "3.5 km", "value": 3517}, "traffic_speed_entry": [], "end_address": "Japan, \u3012602-8041 Kyoto, Kamigy\u014d-ku, Yabunouchich\u014d, \u4e0b\u9577\u8005\u753a\u901a\u65b0\u753a\u897f\u5165\uff11 \u4eac\u90fd\u5e9c\u5e81 \u8b70\u4f1a\u68df", "via_waypoint": [], "start_address": "2 Yoshidaushinomiyach\u014d, Saky\u014d-ku, Kyoto, 606-8302, Japan", "start_location": {"lat": 35.025924, "lng": 135.778126}, "steps": [{"html_instructions": "Head <b>east</b> toward <b>\u6771\u5927\u8def\u901a\u308a</b>/<wbr/><b>\u5e9c\u9053181\u53f7</b>", "distance": {"text": "43 m", "value": 43}, "travel_mode": "DRIVING", "start_location": {"lat": 35.025924, "lng": 135.778126}, "polyline": {"points": "__xtEidv{X?M?[?G?S?W"}, "duration": {"text": "1 min", "value": 12}, "end_location": {"lat": 35.0259213, "lng": 135.7786015}}, {"html_instructions": "Turn <b>left</b> onto <b>\u6771\u5927\u8def\u901a\u308a</b>/<wbr/><b>\u5e9c\u9053181\u53f7</b>", "distance": {"text": "0.3 km", "value": 264}, "travel_mode": "DRIVING", "maneuver": "turn-left", "start_location": {"lat": 35.0259213, "lng": 135.7786015}, "polyline": {"points": "__xtEggv{XSA[AS?MAMAYE[E_@GOCiASMCQCICk@IEA]GMCGAA?CAC?G?KCKCGA"}, "duration": {"text": "1 min", "value": 41}, "end_location": {"lat": 35.0282533, "lng": 135.7791057}}, {"html_instructions": "Turn <b>left</b> toward <b>\u4eca\u51fa\u5ddd\u901a\u30ea</b>/<wbr/><b>\u5e9c\u9053101\u53f7</b>", "distance": {"text": "0.1 km", "value": 116}, "travel_mode": "DRIVING", "maneuver": "turn-left", "start_location": {"lat": 35.0282533, "lng": 135.7791057}, "polyline": {"points": "qmxtEmjv{Xo@dDADABA@A?A@A?A?AAWGA?C?E?G?"}, "duration": {"text": "1 min", "value": 36}, "end_location": {"lat": 35.0287863, "lng": 135.7782556}}, {"html_instructions": "Turn <b>left</b> onto <b>\u4eca\u51fa\u5ddd\u901a\u30ea</b>/<wbr/><b>\u5e9c\u9053101\u53f7</b>", "distance": {"text": "1.7 km", "value": 1728}, "travel_mode": "DRIVING", "maneuver": "turn-left", "start_location": {"lat": 35.0287863, "lng": 135.7782556}, "polyline": {"points": "}pxtEcev{XD~@D~@B^FhB@VDbA@b@B\\?V@V?P@f@An@AXARCn@IxACd@SlEAHAD?@A@GFKrBAR?LAJAT?PCh@MrCAD?DAVC`@?FALCp@ALAV?TAX?|@A|@?B?r@Ab@?t@?X?l@AfA?B?x@?`A?dA@`B?t@?B?J@x@?r@?j@@^?B?X?D?B?@@dC?B?D@z@BlE?j@?z@?@?H@h@?h@?@?@@f@?f@?j@@jB@`@?D?h@?R?FAx@?dB?@"}, "duration": {"text": "6 mins", "value": 347}, "end_location": {"lat": 35.0290845, "lng": 135.7593561}}, {"html_instructions": "Turn <b>left</b> at <b>\u70cf\u4e38\u4eca\u51fa\u5ddd\uff08\u4ea4\u5dee\u70b9\uff09</b> onto <b>\u70cf\u4e38\u901a\u308a</b>/<wbr/><b>\u56fd\u9053367\u53f7</b> (signs for <b>Karasumagojo</b>)", "distance": {"text": "0.7 km", "value": 726}, "travel_mode": "DRIVING", "maneuver": "turn-left", "start_location": {"lat": 35.0290845, "lng": 135.7593561}, "polyline": {"points": "wrxtE_or{X^A@?B?\\?P?\\?TIN?P@R?P?R?r@?Z?F?fA@P?v@?L?fA?H?vC@xA@B?jF@L@bA?l@AP?B?vA?V?"}, "duration": {"text": "2 mins", "value": 95}, "end_location": {"lat": 35.0225626, "lng": 135.7593705}}, {"html_instructions": "Turn <b>right</b> at <b>\u70cf\u4e38\u4e0b\u9577\u8005\u753a\uff08\u4ea4\u5dee\u70b9\uff09</b> onto <b>\u4e0b\u9577\u8005\u753a\u901a\u308a</b>", "distance": {"text": "0.4 km", "value": 421}, "travel_mode": "DRIVING", "maneuver": "turn-right", "start_location": {"lat": 35.0225626, "lng": 135.7593705}, "polyline": {"points": "_jwtEaor{X?PAnC?v@Aj@?NBbB@v@@`B?Z?FAlHAt@"}, "duration": {"text": "1 min", "value": 79}, "end_location": {"lat": 35.0225607, "lng": 135.7547464}}, {"html_instructions": "Turn <b>left</b> onto <b>\u897f\u6d1e\u9662\u901a\u308a</b><div style=\"font-size:0.9em\">Destination will be on the left</div>", "distance": {"text": "0.2 km", "value": 219}, "travel_mode": "DRIVING", "maneuver": "turn-left", "start_location": {"lat": 35.0225607, "lng": 135.7547464}, "polyline": {"points": "_jwtEerq{XrG@tB@"}, "duration": {"text": "1 min", "value": 52}, "end_location": {"lat": 35.0205875, "lng": 135.7547291}}], "duration": {"text": "11 mins", "value": 662}, "end_location": {"lat": 35.0205875, "lng": 135.7547291}}]}], "status": "OK", "geocoded_waypoints": [{"place_id": "ChIJjYK_9VgIAWAR6FfwjW_nG04", "geocoder_status": "OK", "types": ["street_address"]}, {"place_id": "ChIJGcLGqXkIAWARDzRDU7jS8A4", "geocoder_status": "OK", "types": ["premise"]}]}