{"routes": [{"overview_polyline": {"points": "s{wtE__t{XDoB?KIAyL[{CGMEc@EqACY@?B?zB@fD@~B@bCBpFDtKDrGA~B?fB`@Az@?"}, "warnings": [], "bounds": {"northeast": {"lat": 35.0291774, "lng": 135.7679259}, "southwest": {"lat": 35.0253512, "lng": 135.7593561}}, "waypoint_order": [], "summary": "\u5bfa\u753a\u901a\u308a and \u4eca\u51fa\u5ddd\u901a\u30ea/\u5e9c\u9053101\u53f7", "copyrights": "Map data \u00a92019", "legs": [{"distance": {"text": "1.3 km", "value": 1315}, "traffic_speed_entry": [], "end_address": "Imadegawa Station, Japan", "via_waypoint": [], "start_address": "23 Ky\u014dtogyoen, Kamigy\u014d-ku, Kyoto, 602-0881, Japan", "start_location": {"lat": 35.0253761, "lng": 135.7670403}, "steps": [{"html_instructions": "Head <b>east</b> toward <b>\u5bfa\u753a\u901a\u308a</b>", "distance": {"text": "57 m", "value": 57}, "travel_mode": "DRIVING", "start_location": {"lat": 35.0253761, "lng": 135.7670403}, "polyline": {"points": "s{wtE__t{X@??A?CBiB?K"}, "duration": {"text": "1 min", "value": 11}, "end_location": {"lat": 35.0253512, "lng": 135.7676645}}, {"html_instructions": "Turn <b>left</b> onto <b>\u5bfa\u753a\u901a\u308a</b>", "distance": {"text": "0.4 km", "value": 426}, "travel_mode": "DRIVING", "maneuver": "turn-left", "start_location": {"lat": 35.0253512, "lng": 135.7676645}, "polyline": {"points": "m{wtE{bt{XIAwGSaDGg@AsBEGAECAAE?A?YC]?s@CY@"}, "duration": {"text": "1 min", "value": 84}, "end_location": {"lat": 35.0291755, "lng": 135.7679205}}, {"html_instructions": "Turn <b>left</b> onto <b>\u4eca\u51fa\u5ddd\u901a\u30ea</b>/<wbr/><b>\u5e9c\u9053101\u53f7</b>", "distance": {"text": "0.8 km", "value": 780}, "travel_mode": "DRIVING", "maneuver": "turn-left", "start_location": {"lat": 35.0291755, "lng": 135.7679205}, "polyline": {"points": "ksxtEodt{X?B?x@?`A?dA@`B?t@?B?J@x@?r@?j@@^?B?X?D?B?@@dC?B?D@z@BlE?j@?z@?@?H@h@?h@?@?@@f@?f@?j@@jB@`@?D?h@?R?FAx@?dB?@"}, "duration": {"text": "2 mins", "value": 129}, "end_location": {"lat": 35.0290845, "lng": 135.7593561}}, {"html_instructions": "Turn <b>left</b> at <b>\u70cf\u4e38\u4eca\u51fa\u5ddd\uff08\u4ea4\u5dee\u70b9\uff09</b> onto <b>\u70cf\u4e38\u901a\u308a</b>/<wbr/><b>\u56fd\u9053367\u53f7</b> (signs for <b>Karasumagojo</b>)<div style=\"font-size:0.9em\">Destination will be on the left</div>", "distance": {"text": "52 m", "value": 52}, "travel_mode": "DRIVING", "maneuver": "turn-left", "start_location": {"lat": 35.0290845, "lng": 135.7593561}, "polyline": {"points": "wrxtE_or{X^A@?B?\\?P?F?"}, "duration": {"text": "1 min", "value": 15}, "end_location": {"lat": 35.0286144, "lng": 135.7593732}}], "duration": {"text": "4 mins", "value": 239}, "end_location": {"lat": 35.0286144, "lng": 135.7593732}}]}], "status": "OK", "geocoded_waypoints": [{"place_id": "ChIJh5ZvM2QIAWARvhzCoZXG_7I", "geocoder_status": "OK", "types": ["street_address"]}, {"place_id": "ChIJk3d4NHIIAWAR1o3gj3nC0r8", "geocoder_status": "OK", "types": ["establishment", "point_of_interest", "subway_station", "transit_station"]}]}