{"routes": [{"overview_polyline": {"points": "etvtEc`t{XsBAWQMKU?_@A?c@@oA?kASCBsD?_@f@@xCRjDX`DXFzAJxE"}, "warnings": [], "bounds": {"northeast": {"lat": 35.0202003, "lng": 135.7694281}, "southwest": {"lat": 35.0174369, "lng": 135.7672231}}, "waypoint_order": [], "summary": "\u6cb3\u539f\u753a\u901a\u308a/\u5e9c\u905332\u53f7", "copyrights": "Map data \u00a92019", "legs": [{"distance": {"text": "0.8 km", "value": 753}, "traffic_speed_entry": [], "end_address": "Japan, \u3012604-0995 Kyoto, Nakagy\u014d-ku, Shimogory\u014dmaech\u014d, \u5bfa\u753a\u901a\u7af9\u5c4b\u753a\u4e0a\u308b\u2212\uff16\uff13\uff11\u2212\uff12 \u30de\u30c0\u30e0\u7d05\u862d", "via_waypoint": [], "start_address": "Japan, \u3012602-0867 Kyoto, Kamigy\u014d-ku, \u5bfa\u753a\u901a\u8352\u795e\u53e3\u4e0b\u308b\u677e\u852d\u753a\uff11\uff13\uff19", "start_location": {"lat": 35.0190664, "lng": 135.7672231}, "steps": [{"html_instructions": "Head <b>north</b> toward <b>\u5bfa\u753a\u901a\u308a</b>", "distance": {"text": "91 m", "value": 91}, "travel_mode": "DRIVING", "start_location": {"lat": 35.0190664, "lng": 135.7672231}, "polyline": {"points": "etvtEc`t{XQAk@?u@?E?AAAAMMMK"}, "duration": {"text": "1 min", "value": 9}, "end_location": {"lat": 35.0198398, "lng": 135.7673831}}, {"html_instructions": "Turn <b>left</b> onto <b>\u5bfa\u753a\u901a\u308a</b>", "distance": {"text": "30 m", "value": 30}, "travel_mode": "DRIVING", "maneuver": "turn-left", "start_location": {"lat": 35.0198398, "lng": 135.7673831}, "polyline": {"points": "_yvtEcat{XU?_@A"}, "duration": {"text": "1 min", "value": 5}, "end_location": {"lat": 35.0201116, "lng": 135.7673876}}, {"html_instructions": "Turn <b>right</b> toward <b>\u6cb3\u539f\u753a\u901a\u308a</b>/<wbr/><b>\u5e9c\u905332\u53f7</b>", "distance": {"text": "0.1 km", "value": 99}, "travel_mode": "DRIVING", "maneuver": "turn-right", "start_location": {"lat": 35.0201116, "lng": 135.7673876}, "polyline": {"points": "uzvtEeat{X?c@?y@@U?e@?e@E?MC"}, "duration": {"text": "1 min", "value": 46}, "end_location": {"lat": 35.0202003, "lng": 135.7683672}}, {"html_instructions": "Turn <b>right</b> toward <b>\u6cb3\u539f\u753a\u901a\u308a</b>/<wbr/><b>\u5e9c\u905332\u53f7</b>", "distance": {"text": "0.1 km", "value": 97}, "travel_mode": "DRIVING", "maneuver": "turn-right", "start_location": {"lat": 35.0202003, "lng": 135.7683672}, "polyline": {"points": "g{vtEigt{X?o@BcC?C?["}, "duration": {"text": "1 min", "value": 32}, "end_location": {"lat": 35.0201755, "lng": 135.7694281}}, {"html_instructions": "Turn <b>right</b> onto <b>\u6cb3\u539f\u753a\u901a\u308a</b>/<wbr/><b>\u5e9c\u905332\u53f7</b>", "distance": {"text": "0.3 km", "value": 295}, "travel_mode": "DRIVING", "maneuver": "turn-right", "start_location": {"lat": 35.0201755, "lng": 135.7694281}, "polyline": {"points": "c{vtE}mt{XR?R@N?|@Hb@Df@B^DtAJD@n@D`AL~AJ"}, "duration": {"text": "1 min", "value": 80}, "end_location": {"lat": 35.0175407, "lng": 135.7690624}}, {"html_instructions": "Turn <b>right</b> at <b>\u6cb3\u539f\u753a\u4e38\u592a\u753a\uff08\u4ea4\u5dee\u70b9\uff09</b> onto <b>\u4e38\u592a\u753a\u901a\u308a</b>/<wbr/><b>\u5e9c\u9053187\u53f7</b>", "distance": {"text": "0.1 km", "value": 141}, "travel_mode": "DRIVING", "maneuver": "turn-right", "start_location": {"lat": 35.0175407, "lng": 135.7690624}, "polyline": {"points": "sjvtEskt{XDnA@JD`B@D@p@@~@"}, "duration": {"text": "1 min", "value": 33}, "end_location": {"lat": 35.0174369, "lng": 135.7675141}}], "duration": {"text": "3 mins", "value": 205}, "end_location": {"lat": 35.0174369, "lng": 135.7675141}}]}], "status": "OK", "geocoded_waypoints": [{"place_id": "ChIJ2c44E4oIAWARjCZU4rVE1bA", "geocoder_status": "OK", "types": ["street_address"]}, {"place_id": "ChIJe6VjNYoIAWARrWSPJJC7hPE", "geocoder_status": "OK", "types": ["premise"]}]}