{"routes": [{"overview_polyline": {"points": "kvvtE{cq{X?dApC??L?b@`D@~@@f@?b@JjEBpA@bIH~A?hEBhBALGh@KjDSCaAAuFBaDRqDDeABgA]?_G?iEA"}, "warnings": [], "bounds": {"northeast": {"lat": 35.0194245, "lng": 135.7558675}, "southwest": {"lat": 35.0108295, "lng": 135.7516788}}, "waypoint_order": [], "summary": "\u5800\u5ddd\u901a\u308a/\u978d\u99ac\u8857\u9053/\u5e9c\u905338\u53f7", "copyrights": "Map data \u00a92019", "legs": [{"distance": {"text": "1.6 km", "value": 1632}, "traffic_speed_entry": [], "end_address": "Japan, \u3012604-0035 Kyoto, Nakagy\u014d-ku, Kamimatsuyach\u014d, \u91dc\u5ea7\u901a\u4e8c\u6761\u4e0b\u308b\u2212\uff16\uff19\uff11", "via_waypoint": [], "start_address": "200 Goch\u014dme, Kamigy\u014d-ku, Kyoto, 602-8043, Japan", "start_location": {"lat": 35.0194242, "lng": 135.75246}, "steps": [{"html_instructions": "Head <b>west</b> toward <b>\u6771\u5800\u5ddd\u901a</b><div style=\"font-size:0.9em\">Restricted usage road</div>", "distance": {"text": "32 m", "value": 32}, "travel_mode": "DRIVING", "start_location": {"lat": 35.0194242, "lng": 135.75246}, "polyline": {"points": "kvvtE{cq{X?dA"}, "duration": {"text": "1 min", "value": 8}, "end_location": {"lat": 35.0194245, "lng": 135.7521096}}, {"html_instructions": "Turn <b>left</b> onto <b>\u6771\u5800\u5ddd\u901a</b>", "distance": {"text": "81 m", "value": 81}, "travel_mode": "DRIVING", "maneuver": "turn-left", "start_location": {"lat": 35.0194245, "lng": 135.7521096}, "polyline": {"points": "kvvtEuaq{XpC?"}, "duration": {"text": "1 min", "value": 23}, "end_location": {"lat": 35.018694, "lng": 135.7521127}}, {"html_instructions": "Turn <b>right</b> toward <b>\u5800\u5ddd\u901a\u308a</b>/<wbr/><b>\u978d\u99ac\u8857\u9053</b>/<wbr/><b>\u5e9c\u905338\u53f7</b>", "distance": {"text": "23 m", "value": 23}, "travel_mode": "DRIVING", "maneuver": "turn-right", "start_location": {"lat": 35.018694, "lng": 135.7521127}, "polyline": {"points": "yqvtEuaq{X?F?D?D?\\"}, "duration": {"text": "1 min", "value": 6}, "end_location": {"lat": 35.0186909, "lng": 135.7518556}}, {"html_instructions": "Turn <b>left</b> onto <b>\u5800\u5ddd\u901a\u308a</b>/<wbr/><b>\u978d\u99ac\u8857\u9053</b>/<wbr/><b>\u5e9c\u905338\u53f7</b>", "distance": {"text": "0.9 km", "value": 862}, "travel_mode": "DRIVING", "maneuver": "turn-left", "start_location": {"lat": 35.0186909, "lng": 135.7518556}, "polyline": {"points": "yqvtEc`q{XnC?P@B?z@@f@?b@JpB@xA@`@@n@?lDDtCB\\@`AAX@rA@r@?f@?Z?p@AV?B?FCDCPGVCb@CfCO"}, "duration": {"text": "3 mins", "value": 160}, "end_location": {"lat": 35.01096920000001, "lng": 135.7518892}}, {"html_instructions": "Turn <b>left</b> at <b>\u5800\u5ddd\u5fa1\u6c60\uff08\u4ea4\u5dee\u70b9\uff09</b> onto <b>\u5fa1\u6c60\u901a\u308a</b>/<wbr/><b>\u5e9c\u905337\u53f7</b>", "distance": {"text": "0.4 km", "value": 363}, "travel_mode": "DRIVING", "maneuver": "turn-left", "start_location": {"lat": 35.01096920000001, "lng": 135.7518892}, "polyline": {"points": "qautEi`q{XA]Ac@?AAmA?iA?{A?SBaB?]?MF{@@O?CHaBDaA?CBgA"}, "duration": {"text": "1 min", "value": 78}, "end_location": {"lat": 35.0108295, "lng": 135.7558575}}, {"html_instructions": "Turn <b>left</b> onto <b>\u91dc\u5ea7\u901a\u308a</b>", "distance": {"text": "0.3 km", "value": 271}, "travel_mode": "DRIVING", "maneuver": "turn-left", "start_location": {"lat": 35.0108295, "lng": 135.7558575}, "polyline": {"points": "u`utEcyq{X]?oC?oB?}AAkB?"}, "duration": {"text": "1 min", "value": 72}, "end_location": {"lat": 35.0132682, "lng": 135.7558675}}], "duration": {"text": "6 mins", "value": 347}, "end_location": {"lat": 35.0132682, "lng": 135.7558675}}]}], "status": "OK", "geocoded_waypoints": [{"place_id": "ChIJ95YPfngIAWARFlB9YL8mRRQ", "geocoder_status": "OK", "types": ["premise"]}, {"place_id": "ChIJL2iIv4AIAWAR2Ca6D4lI8dg", "geocoder_status": "OK", "types": ["street_address"]}]}