{"routes": [{"overview_polyline": {"points": "asvtEcbv{X?e@A?UAA^A\\ABE@o@A@sB?Eq@CAg@eAAoCCiBCsFEeCA"}, "warnings": [], "bounds": {"northeast": {"lat": 35.0230533, "lng": 135.7785709}, "southwest": {"lat": 35.0188884, "lng": 135.7776419}}, "waypoint_order": [], "summary": "\u6771\u5927\u8def\u901a\u308a/\u5e9c\u9053181\u53f7", "copyrights": "Map data \u00a92019", "legs": [{"distance": {"text": "0.6 km", "value": 583}, "traffic_speed_entry": [], "end_address": "Higashioji-dori Ave, Yoshidakonoech\u014d, Saky\u014d-ku, Kyoto, 606-8315, Japan", "via_waypoint": [], "start_address": "kasugakita dori, Sh\u014dgoin Kawarach\u014d, Saky\u014d-ku, Kyoto, 606-8397, Japan", "start_location": {"lat": 35.0188884, "lng": 135.7777848}, "steps": [{"html_instructions": "Head <b>east</b> toward <b>\u6771\u5927\u8def\u901a\u308a</b>/<wbr/><b>\u5e9c\u9053181\u53f7</b><div style=\"font-size:0.9em\">Restricted usage road</div>", "distance": {"text": "0.2 km", "value": 194}, "travel_mode": "DRIVING", "start_location": {"lat": 35.0188884, "lng": 135.7777848}, "polyline": {"points": "asvtEcbv{X@Y?C?A?AAA?AA?UAA^AX?B?@A@A?A@A?_@AO?@uA?]?Eq@CAg@"}, "duration": {"text": "1 min", "value": 83}, "end_location": {"lat": 35.0195551, "lng": 135.7784757}}, {"html_instructions": "Turn <b>left</b> onto <b>\u6771\u5927\u8def\u901a\u308a</b>/<wbr/><b>\u5e9c\u9053181\u53f7</b><div style=\"font-size:0.9em\">Destination will be on the left</div>", "distance": {"text": "0.4 km", "value": 389}, "travel_mode": "DRIVING", "maneuver": "turn-left", "start_location": {"lat": 35.0195551, "lng": 135.7784757}, "polyline": {"points": "gwvtEofv{XeAAc@?kBCiAA_@AqBCW?E?cBAeCA"}, "duration": {"text": "1 min", "value": 60}, "end_location": {"lat": 35.0230533, "lng": 135.7785709}}], "duration": {"text": "2 mins", "value": 143}, "end_location": {"lat": 35.0230533, "lng": 135.7785709}}]}], "status": "OK", "geocoded_waypoints": [{"place_id": "ChIJkfscF_EIAWARIrSuXZJsmS8", "geocoder_status": "OK", "types": ["route"]}, {"place_id": "ChIJjwM9qfcIAWARnNa9GKQSNXA", "geocoder_status": "OK", "types": ["route"]}]}