{"routes": [{"overview_polyline": {"points": "{jvtE{tt{X@fCD~CaDYkDYyCSwBCuAFgGb@cE@_EAmBAc@?ASAKAEGSBqE"}, "warnings": [], "bounds": {"northeast": {"lat": 35.0250746, "lng": 135.7705668}, "southwest": {"lat": 35.0175407, "lng": 135.7690624}}, "waypoint_order": [], "summary": "\u6cb3\u539f\u753a\u901a\u308a/\u5e9c\u905332\u53f7", "copyrights": "Map data \u00a92019", "legs": [{"distance": {"text": "1.1 km", "value": 1091}, "traffic_speed_entry": [], "end_address": "463 Kajiich\u014d, Kamigy\u014d-ku, Kyoto, 602-0841, Japan", "via_waypoint": [], "start_address": "Japan, \u3012602-0872 Kyoto, Kamigy\u014d-ku, Komanoch\u014d, \u4e38\u592a\u753a\u901a\u6cb3\u539f\u753a\u6771\u5165\uff15\uff16\uff11", "start_location": {"lat": 35.017577, "lng": 135.7705427}, "steps": [{"html_instructions": "Head <b>west</b> on <b>\u4e38\u592a\u753a\u901a\u308a</b>/<wbr/><b>\u5e9c\u9053187\u53f7</b> toward <b>\u6cb3\u539f\u753a\u901a\u308a</b>/<wbr/><b>\u5e9c\u905332\u53f7</b>", "distance": {"text": "0.1 km", "value": 135}, "travel_mode": "DRIVING", "start_location": {"lat": 35.017577, "lng": 135.7705427}, "polyline": {"points": "{jvtE{tt{X?v@?D?J@|@@f@BvB"}, "duration": {"text": "1 min", "value": 30}, "end_location": {"lat": 35.0175407, "lng": 135.7690624}}, {"html_instructions": "Turn <b>right</b> at <b>\u6cb3\u539f\u753a\u4e38\u592a\u753a\uff08\u4ea4\u5dee\u70b9\uff09</b> onto <b>\u6cb3\u539f\u753a\u901a\u308a</b>/<wbr/><b>\u5e9c\u905332\u53f7</b>", "distance": {"text": "0.8 km", "value": 832}, "travel_mode": "DRIVING", "maneuver": "turn-right", "start_location": {"lat": 35.0175407, "lng": 135.7690624}, "polyline": {"points": "sjvtEskt{X_BKaAMo@EEAuAK_@Eg@Cc@E}@IO?SAS?w@AW?M@G?_@@_@BgAFoAHgAJg@DM@O?K?yC?A?uBAS?s@?y@?s@Ac@?"}, "duration": {"text": "2 mins", "value": 130}, "end_location": {"lat": 35.0249953, "lng": 135.7692305}}, {"html_instructions": "Turn <b>right</b><div style=\"font-size:0.9em\">Restricted usage road</div>", "distance": {"text": "0.1 km", "value": 124}, "travel_mode": "DRIVING", "maneuver": "turn-right", "start_location": {"lat": 35.0249953, "lng": 135.7692305}, "polyline": {"points": "gywtEult{XAS?EAEAECE?ACG?CAG?G@a@?Y?C?ABy@?eA"}, "duration": {"text": "1 min", "value": 41}, "end_location": {"lat": 35.0250473, "lng": 135.7705668}}], "duration": {"text": "3 mins", "value": 201}, "end_location": {"lat": 35.0250473, "lng": 135.7705668}}]}], "status": "OK", "geocoded_waypoints": [{"place_id": "ChIJ589YTosIAWARlB64SxI9ti0", "geocoder_status": "OK", "types": ["street_address"]}, {"place_id": "ChIJCegtsmAIAWARkph1i-If3x0", "geocoder_status": "OK", "types": ["street_address"]}]}