{"routes": [{"overview_polyline": {"points": "u~vtEadu{Xl@??vA?t@vJGvECAv@@nBAzBAhCBdBHfEJdDDjB?dH@`K?fM@~ID~@l@GT?rAAdBAlGInKM|A??h@?rCBbQ@fF"}, "warnings": [], "bounds": {"northeast": {"lat": 35.0207461, "lng": 135.7729657}, "southwest": {"lat": 35.0122536, "lng": 135.7546967}}, "waypoint_order": [], "summary": "\u4e38\u592a\u753a\u901a\u308a/\u5e9c\u9053187\u53f7", "copyrights": "Map data \u00a92019", "legs": [{"distance": {"text": "2.6 km", "value": 2608}, "traffic_speed_entry": [], "end_address": "Japan, \u3012604-0041 Kyoto, Nakagy\u014d-ku, \u62bc\u5c0f\u8def\u901a\u897f\u6d1e\u9662\u897f\u5165\u4e8c\u6761\u897f\u6d1e\u9662\u753a\uff16\uff13\uff11", "via_waypoint": [], "start_address": "46 Yoshidashimoadachicho, Sakyo Ward, Kyoto, 606-8304, Japan", "start_location": {"lat": 35.0207461, "lng": 135.7729653}, "steps": [{"html_instructions": "Head <b>south</b><div style=\"font-size:0.9em\">Restricted usage road</div>", "distance": {"text": "25 m", "value": 25}, "travel_mode": "DRIVING", "start_location": {"lat": 35.0207461, "lng": 135.7729653}, "polyline": {"points": "u~vtEadu{Xl@?"}, "duration": {"text": "1 min", "value": 6}, "end_location": {"lat": 35.0205214, "lng": 135.7729657}}, {"html_instructions": "Turn <b>right</b> toward <b>\u5ddd\u7aef\u901a\u308a</b><div style=\"font-size:0.9em\">Restricted usage road</div>", "distance": {"text": "64 m", "value": 64}, "travel_mode": "DRIVING", "maneuver": "turn-right", "start_location": {"lat": 35.0205214, "lng": 135.7729657}, "polyline": {"points": "g}vtEadu{X?vA?N?d@"}, "duration": {"text": "1 min", "value": 14}, "end_location": {"lat": 35.02052150000001, "lng": 135.7722641}}, {"html_instructions": "Turn <b>left</b> onto <b>\u5ddd\u7aef\u901a\u308a</b>", "distance": {"text": "0.3 km", "value": 329}, "travel_mode": "DRIVING", "maneuver": "turn-left", "start_location": {"lat": 35.02052150000001, "lng": 135.7722641}, "polyline": {"points": "g}vtEs_u{XD?xAAz@AzEChBAlBA"}, "duration": {"text": "1 min", "value": 67}, "end_location": {"lat": 35.0175601, "lng": 135.7723169}}, {"html_instructions": "Turn <b>right</b> onto <b>\u4e38\u592a\u753a\u6a4b</b>/<wbr/><b>\u4e38\u592a\u753a\u901a\u308a</b>/<wbr/><b>\u5e9c\u9053187\u53f7</b> (signs for <b>Karasumamarutamachi</b>)<div style=\"font-size:0.9em\">Continue to follow \u4e38\u592a\u753a\u901a\u308a/<wbr/>\u5e9c\u9053187\u53f7</div>", "distance": {"text": "1.2 km", "value": 1166}, "travel_mode": "DRIVING", "maneuver": "turn-right", "start_location": {"lat": 35.0175601, "lng": 135.7723169}, "polyline": {"points": "wjvtE_`u{X?RAb@?F?H?H@rAAr@?F?F?P?D?D?H?N?PAdB?D?J@|@@f@BvBDnA@JD`B@D@p@BdB@D?zC?hC?dA?`@?x@@~E?rC?|B?Z?xC?V?N@d@?D?fAAd@@fB?t@?L@H?NBV"}, "duration": {"text": "4 mins", "value": 228}, "end_location": {"lat": 35.0173746, "lng": 135.7595257}}, {"html_instructions": "Turn <b>left</b> at <b>\u70cf\u4e38\u4e38\u592a\u753a\uff08\u4ea4\u5dee\u70b9\uff09</b> onto <b>\u70cf\u4e38\u901a\u308a</b>/<wbr/><b>\u56fd\u9053367\u53f7</b> (signs for <b>Karasumagojo</b>)", "distance": {"text": "0.6 km", "value": 567}, "travel_mode": "DRIVING", "maneuver": "turn-left", "start_location": {"lat": 35.0173746, "lng": 135.7595257}, "polyline": {"points": "qivtEapr{Xb@EHAD?N?t@AF?B?P?P?h@?J?\\Ab@Ab@?TAb@?bAA@?j@AXAtBEZ?d@A`@Ad@?t@Ar@?d@Ar@?h@?"}, "duration": {"text": "1 min", "value": 85}, "end_location": {"lat": 35.0122756, "lng": 135.7597108}}, {"html_instructions": "Turn <b>right</b> onto <b>\u62bc\u5c0f\u8def\u901a\u308a</b><div style=\"font-size:0.9em\">Destination will be on the right</div>", "distance": {"text": "0.5 km", "value": 457}, "travel_mode": "DRIVING", "maneuver": "turn-right", "start_location": {"lat": 35.0122756, "lng": 135.7597108}, "polyline": {"points": "wiutEeqr{X?P?V?|B?B?F?H?F?b@?~A?F@vB?^@dC?pC?pC@`A?R"}, "duration": {"text": "2 mins", "value": 140}, "end_location": {"lat": 35.0122536, "lng": 135.7546967}}], "duration": {"text": "9 mins", "value": 540}, "end_location": {"lat": 35.0122536, "lng": 135.7546967}}]}], "status": "OK", "geocoded_waypoints": [{"place_id": "ChIJv9bpJ6gJAWARVvbcXr22C7A", "geocoder_status": "OK", "types": ["establishment", "point_of_interest", "school"]}, {"place_id": "ChIJv9oo94AIAWAR0OXfunBa42E", "geocoder_status": "OK", "types": ["street_address"]}]}