{"routes": [{"overview_polyline": {"points": "oiutEk`u{XjGDzA@l@@@qA?cB@kCCEi@AgF?"}, "warnings": [], "bounds": {"northeast": {"lat": 35.0122413, "lng": 135.7739771}, "southwest": {"lat": 35.0101885, "lng": 135.7723255}}, "waypoint_order": [], "summary": "\u5ddd\u7aef\u901a\u308a", "copyrights": "Map data \u00a92019", "legs": [{"distance": {"text": "0.5 km", "value": 528}, "traffic_speed_entry": [], "end_address": "Japan, \u3012606-8376 Kyoto, Saky\u014d-ku, \u014ckikuch\u014d, \u65b0\u9ea9\u5c4b\u753a\u901a\u4ec1\u738b\u9580\u4e0b\u308b\u2212\uff11\uff11\uff17\u2212\uff12", "via_waypoint": [], "start_address": "Japan, \u3012606-8385 Kyoto, Sakyo Ward, Magohashicho, Unnamed Road", "start_location": {"lat": 35.0122413, "lng": 135.7723785}, "steps": [{"html_instructions": "Head <b>south</b> on <b>\u5ddd\u7aef\u901a\u308a</b> toward <b>\u4ec1\u738b\u9580\u901a\u308a</b>", "distance": {"text": "0.2 km", "value": 225}, "travel_mode": "DRIVING", "start_location": {"lat": 35.0122413, "lng": 135.7723785}, "polyline": {"points": "oiutEk`u{X~@?dA@nB@T@\\?|@@l@@"}, "duration": {"text": "1 min", "value": 47}, "end_location": {"lat": 35.0102146, "lng": 135.7723255}}, {"html_instructions": "Turn <b>left</b>", "distance": {"text": "0.1 km", "value": 147}, "travel_mode": "DRIVING", "maneuver": "turn-left", "start_location": {"lat": 35.0102146, "lng": 135.7723255}, "polyline": {"points": "y|ttEa`u{X@qA?]?eA@wA?s@"}, "duration": {"text": "1 min", "value": 33}, "end_location": {"lat": 35.0101885, "lng": 135.7739438}}, {"html_instructions": "Turn <b>left</b><div style=\"font-size:0.9em\">Destination will be on the left</div>", "distance": {"text": "0.2 km", "value": 156}, "travel_mode": "DRIVING", "maneuver": "turn-left", "start_location": {"lat": 35.0101885, "lng": 135.7739438}, "polyline": {"points": "u|ttEcju{XCEi@AgF?"}, "duration": {"text": "1 min", "value": 47}, "end_location": {"lat": 35.011583, "lng": 135.773977}}], "duration": {"text": "2 mins", "value": 127}, "end_location": {"lat": 35.011583, "lng": 135.773977}}]}], "status": "OK", "geocoded_waypoints": [{"place_id": "ChIJj2IdnVIJAWARxioblt92v50", "geocoder_status": "OK", "types": ["establishment", "point_of_interest"]}, {"place_id": "ChIJ91kere0IAWARnd6Bi7r915o", "geocoder_status": "OK", "types": ["premise"]}]}