{"routes": [{"overview_polyline": {"points": "kputE{iq{XqH?eGBAcD?wB?g@E?@qHAcCC}CdDC"}, "warnings": [], "bounds": {"northeast": {"lat": 35.0162361, "lng": 135.7580201}, "southwest": {"lat": 35.0133438, "lng": 135.753404}}, "waypoint_order": [], "summary": "\u6cb9\u5c0f\u8def\u901a\u308a and \u7af9\u5c4b\u753a\u901a\u308a", "copyrights": "Map data \u00a92019", "legs": [{"distance": {"text": "0.8 km", "value": 830}, "traffic_speed_entry": [], "end_address": "41 Kagamiyacho, Nakagyo Ward, Kyoto, 604-0002, Japan", "via_waypoint": [], "start_address": "295 Nij\u014daburanok\u014djich\u014d, Nakagy\u014d-ku, Kyoto, 604-0051, Japan", "start_location": {"lat": 35.0133438, "lng": 135.7534209}, "steps": [{"html_instructions": "Head <b>north</b> on <b>\u6cb9\u5c0f\u8def\u901a\u308a</b> toward <b>\u4e8c\u6761\u901a\u308a</b>", "distance": {"text": "0.3 km", "value": 316}, "travel_mode": "DRIVING", "start_location": {"lat": 35.0133438, "lng": 135.7534209}, "polyline": {"points": "kputE{iq{Xw@?A@yBA}B?eGB"}, "duration": {"text": "1 min", "value": 72}, "end_location": {"lat": 35.0161817, "lng": 135.753404}}, {"html_instructions": "Turn <b>right</b> onto <b>\u7af9\u5c4b\u753a\u901a\u308a</b>", "distance": {"text": "0.4 km", "value": 422}, "travel_mode": "DRIVING", "maneuver": "turn-right", "start_location": {"lat": 35.0161817, "lng": 135.753404}, "polyline": {"points": "cbvtEwiq{XAcD?i@?mA?g@E??wC@yCAK?wBC}C"}, "duration": {"text": "2 mins", "value": 116}, "end_location": {"lat": 35.0162361, "lng": 135.7580024}}, {"html_instructions": "Turn <b>right</b> onto <b>\u5ba4\u753a\u901a\u308a</b><div style=\"font-size:0.9em\">Destination will be on the right</div>", "distance": {"text": "92 m", "value": 92}, "travel_mode": "DRIVING", "maneuver": "turn-right", "start_location": {"lat": 35.0162361, "lng": 135.7580024}, "polyline": {"points": "obvtEofr{XdDC"}, "duration": {"text": "1 min", "value": 27}, "end_location": {"lat": 35.0154089, "lng": 135.7580201}}], "duration": {"text": "4 mins", "value": 215}, "end_location": {"lat": 35.0154089, "lng": 135.7580201}}]}], "status": "OK", "geocoded_waypoints": [{"place_id": "ChIJif1D338IAWARvvAaHfSqNPA", "geocoder_status": "OK", "types": ["street_address"]}, {"place_id": "ChIJq6pO9H0IAWARrogXR10LIXw", "geocoder_status": "OK", "types": ["establishment", "point_of_interest"]}]}