{"routes": [{"overview_polyline": {"points": "oiwtE{at{X}ISoEKYAyL[{CGMEc@EqACY@?B?zB@fD@~B@bCBpFJhTA~B?fB`@ApA?TIN?d@@tB?xC@nQFfCAAiAYSq@S_@IeCC"}, "warnings": [], "bounds": {"northeast": {"lat": 35.0291774, "lng": 135.7679259}, "southwest": {"lat": 35.0224778, "lng": 135.7593561}}, "waypoint_order": [], "summary": "\u5bfa\u753a\u901a\u308a, \u4eca\u51fa\u5ddd\u901a\u30ea/\u5e9c\u9053101\u53f7 and \u70cf\u4e38\u901a\u308a/\u56fd\u9053367\u53f7", "copyrights": "Map data \u00a92019", "legs": [{"distance": {"text": "2.4 km", "value": 2362}, "traffic_speed_entry": [], "end_address": "3 Ky\u014dtogyoen, Kamigy\u014d-ku, Kyoto, \u4eac\u90fd\u5e9c Kyoto 602-0881, Japan", "via_waypoint": [], "start_address": "Japan, \u3012602-0858 Kyoto, Kamigy\u014d-ku, Higashisakurach\u014d, \u5bfa\u753a\u901a\u5e83\u5c0f\u8def\u4e0b\u308b\u2212\uff14\uff18", "start_location": {"lat": 35.0224778, "lng": 135.7674994}, "steps": [{"html_instructions": "Head <b>north</b> on <b>\u5bfa\u753a\u901a\u308a</b>", "distance": {"text": "0.7 km", "value": 746}, "travel_mode": "DRIVING", "start_location": {"lat": 35.0224778, "lng": 135.7674994}, "polyline": {"points": "oiwtE{at{XK?iACy@CA?Q?OAcBEeACG?qAEM?gBEO?IAwGSaDGg@AsBEGAECAAE?A?YC]?s@CY@"}, "duration": {"text": "2 mins", "value": 108}, "end_location": {"lat": 35.0291755, "lng": 135.7679205}}, {"html_instructions": "Turn <b>left</b> onto <b>\u4eca\u51fa\u5ddd\u901a\u30ea</b>/<wbr/><b>\u5e9c\u9053101\u53f7</b>", "distance": {"text": "0.8 km", "value": 780}, "travel_mode": "DRIVING", "maneuver": "turn-left", "start_location": {"lat": 35.0291755, "lng": 135.7679205}, "polyline": {"points": "ksxtEodt{X?B?x@?`A?dA@`B?t@?B?J@x@?r@?j@@^?B?X?D?B?@@dC?B?D@z@BlE?j@?z@?@?H@h@?h@?@?@@f@?f@?j@@jB@`@?D?h@?R?FAx@?dB?@"}, "duration": {"text": "2 mins", "value": 129}, "end_location": {"lat": 35.0290845, "lng": 135.7593561}}, {"html_instructions": "Turn <b>left</b> at <b>\u70cf\u4e38\u4eca\u51fa\u5ddd\uff08\u4ea4\u5dee\u70b9\uff09</b> onto <b>\u70cf\u4e38\u901a\u308a</b>/<wbr/><b>\u56fd\u9053367\u53f7</b> (signs for <b>Karasumagojo</b>)", "distance": {"text": "0.7 km", "value": 663}, "travel_mode": "DRIVING", "maneuver": "turn-left", "start_location": {"lat": 35.0290845, "lng": 135.7593561}, "polyline": {"points": "wrxtE_or{X^A@?B?\\?P?\\?TIN?P@R?P?R?r@?Z?F?fA@P?v@?L?fA?H?vC@xA@B?jF@L@bA?l@AP?B?"}, "duration": {"text": "1 min", "value": 87}, "end_location": {"lat": 35.0231241, "lng": 135.7593702}}, {"html_instructions": "Turn <b>left</b>", "distance": {"text": "0.2 km", "value": 173}, "travel_mode": "DRIVING", "maneuver": "turn-left", "start_location": {"lat": 35.0231241, "lng": 135.7593702}, "polyline": {"points": "omwtEaor{X?c@Ae@YSq@SSIK?[?iBC"}, "duration": {"text": "1 min", "value": 44}, "end_location": {"lat": 35.0243404, "lng": 135.7600128}}], "duration": {"text": "6 mins", "value": 368}, "end_location": {"lat": 35.0243404, "lng": 135.7600128}}]}], "status": "OK", "geocoded_waypoints": [{"place_id": "ChIJNegKDWEIAWARFWuCYQylb1s", "geocoder_status": "OK", "types": ["premise"]}, {"place_id": "ChIJIWCiKGUIAWARPLRBv0Fb4Ws", "geocoder_status": "OK", "types": ["street_address"]}]}