{"routes": [{"overview_polyline": {"points": "owwtEult{X~LBlCSnAIAe@CeBCmC"}, "warnings": [], "bounds": {"northeast": {"lat": 35.024717, "lng": 135.7707721}, "southwest": {"lat": 35.021372, "lng": 135.769207}}, "waypoint_order": [], "summary": "\u6cb3\u539f\u753a\u901a\u308a/\u5e9c\u905332\u53f7", "copyrights": "Map data \u00a92019", "legs": [{"distance": {"text": "0.5 km", "value": 502}, "traffic_speed_entry": [], "end_address": "Kojinguchi Kamogawa Park, 122-1 Kameyacho, Kamigyo Ward, Kyoto, 602-0854, Japan", "via_waypoint": [], "start_address": "427 Kyukencho, Kamigyo Ward, Kyoto, 602-0851, Japan", "start_location": {"lat": 35.024717, "lng": 135.769227}, "steps": [{"html_instructions": "Head <b>south</b> on <b>\u6cb3\u539f\u753a\u901a\u308a</b>/<wbr/><b>\u5e9c\u905332\u53f7</b>", "distance": {"text": "0.4 km", "value": 373}, "travel_mode": "DRIVING", "start_location": {"lat": 35.024717, "lng": 135.769227}, "polyline": {"points": "owwtEult{X^@x@?r@?R?tB@@?xC?J?N?LAf@EfAKnAI"}, "duration": {"text": "1 min", "value": 66}, "end_location": {"lat": 35.021372, "lng": 135.7693582}}, {"html_instructions": "Turn <b>left</b> at <b>\u8352\u795e\u53e3\uff08\u4ea4\u5dee\u70b9\uff09</b>", "distance": {"text": "0.1 km", "value": 129}, "travel_mode": "DRIVING", "maneuver": "turn-left", "start_location": {"lat": 35.021372, "lng": 135.7693582}, "polyline": {"points": "qbwtEomt{XAe@A}@Ag@A}AAo@"}, "duration": {"text": "1 min", "value": 45}, "end_location": {"lat": 35.0214175, "lng": 135.7707721}}], "duration": {"text": "2 mins", "value": 111}, "end_location": {"lat": 35.0214175, "lng": 135.7707721}}]}], "status": "OK", "geocoded_waypoints": [{"place_id": "ChIJkwHD02AIAWARrBEIOtwKpos", "geocoder_status": "OK", "types": ["establishment", "point_of_interest", "school"]}, {"place_id": "ChIJ1yMuCGAIAWARWwydQRwJyME", "geocoder_status": "OK", "types": ["establishment", "park", "point_of_interest", "tourist_attraction"]}]}