{"routes": [{"overview_polyline": {"points": "s}vtEugq{X@qAaCAeGCE?CiA@{BD}K{FEaCAsD@k@@WFs@LgAP?pAAvDBhCHA|C?"}, "warnings": [], "bounds": {"northeast": {"lat": 35.0263169, "lng": 135.7566128}, "southwest": {"lat": 35.0205717, "lng": 135.7530681}}, "waypoint_order": [], "summary": "\u65b0\u753a\u901a", "copyrights": "Map data \u00a92019", "legs": [{"distance": {"text": "1.2 km", "value": 1237}, "traffic_speed_entry": [], "end_address": "Japan, \u3012602-0924 Kyoto, Kamigy\u014d-ku, \u5c0f\u5ddd\u901a\u4e00\u6761\u4e0b\u308b\u5c0f\u5ddd\u753a\uff12\uff10\uff10", "via_waypoint": [], "start_address": "Japan, \u3012602-8046 Kyoto, Kamigy\u014d-ku, \u6cb9\u5c0f\u8def\u901a\u4e0b\u7acb\u58f2\u4e0a\u308b\u8fd1\u885b\u753a\uff11\uff16\uff10", "start_location": {"lat": 35.0205784, "lng": 135.7530681}, "steps": [{"html_instructions": "Head <b>east</b> toward <b>\u6cb9\u5c0f\u8def\u901a\u308a</b>", "distance": {"text": "37 m", "value": 37}, "travel_mode": "DRIVING", "start_location": {"lat": 35.0205784, "lng": 135.7530681}, "polyline": {"points": "s}vtEugq{X@_@?q@"}, "duration": {"text": "1 min", "value": 9}, "end_location": {"lat": 35.0205717, "lng": 135.7534762}}, {"html_instructions": "Turn <b>left</b> onto <b>\u6cb9\u5c0f\u8def\u901a\u308a</b>", "distance": {"text": "0.2 km", "value": 223}, "travel_mode": "DRIVING", "maneuver": "turn-left", "start_location": {"lat": 35.0205717, "lng": 135.7534762}, "polyline": {"points": "q}vtEgjq{XaCAA?sBAmCAA?C?A?A@"}, "duration": {"text": "1 min", "value": 62}, "end_location": {"lat": 35.0225723, "lng": 135.7535017}}, {"html_instructions": "Turn <b>right</b> onto <b>\u4e0b\u9577\u8005\u753a\u901a\u308a</b>", "distance": {"text": "0.3 km", "value": 276}, "travel_mode": "DRIVING", "maneuver": "turn-right", "start_location": {"lat": 35.0225723, "lng": 135.7535017}, "polyline": {"points": "ajwtEkjq{XAkA?aA?E?[@W@q@@u@@mH"}, "duration": {"text": "1 min", "value": 60}, "end_location": {"lat": 35.0225408, "lng": 135.7565304}}, {"html_instructions": "Turn <b>left</b> onto <b>\u65b0\u753a\u901a</b>", "distance": {"text": "0.4 km", "value": 424}, "travel_mode": "DRIVING", "maneuver": "turn-left", "start_location": {"lat": 35.0225408, "lng": 135.7565304}, "polyline": {"points": "{iwtEi}q{X?GW?mBAeBCO?A?Q?WAuA?i@?iA?Y?e@@_@?K@E@QDI@C?WFMBOBw@L"}, "duration": {"text": "1 min", "value": 88}, "end_location": {"lat": 35.0263067, "lng": 135.7563852}}, {"html_instructions": "Turn <b>left</b> onto <b>\u4e00\u6761\u901a\u308a</b>", "distance": {"text": "0.2 km", "value": 183}, "travel_mode": "DRIVING", "maneuver": "turn-left", "start_location": {"lat": 35.0263067, "lng": 135.7563852}, "polyline": {"points": "maxtEm|q{X?^?p@ArD?BBhC"}, "duration": {"text": "1 min", "value": 45}, "end_location": {"lat": 35.0263041, "lng": 135.7543714}}, {"html_instructions": "Turn <b>left</b> onto <b>\u5c0f\u5ddd\u901a\u308a</b><div style=\"font-size:0.9em\">Destination will be on the right</div>", "distance": {"text": "94 m", "value": 94}, "travel_mode": "DRIVING", "maneuver": "turn-left", "start_location": {"lat": 35.0263041, "lng": 135.7543714}, "polyline": {"points": "kaxtEyoq{XHA|C?"}, "duration": {"text": "1 min", "value": 37}, "end_location": {"lat": 35.0254598, "lng": 135.754378}}], "duration": {"text": "5 mins", "value": 301}, "end_location": {"lat": 35.0254598, "lng": 135.754378}}]}], "status": "OK", "geocoded_waypoints": [{"place_id": "ChIJM5FVangIAWARQgJGz1F7qO8", "geocoder_status": "OK", "types": ["street_address"]}, {"place_id": "ChIJ33rBW3YIAWAR9IQ2ruPGAJw", "geocoder_status": "OK", "types": ["street_address"]}]}