{"routes": [{"overview_polyline": {"points": "uwutEgxt{XB|GAv@AtAQ?aC@{@@gECgCK}@KDnAFlBHbD@x\\?vJBtDBf@@^a@FWBs@?}GDcKAuL@{HC?aCb@Gj@?|@C|AB"}, "warnings": [], "bounds": {"northeast": {"lat": 35.0250513, "lng": 135.7710847}, "southwest": {"lat": 35.0144944, "lng": 135.7592817}}, "waypoint_order": [], "summary": "\u4e38\u592a\u753a\u901a\u308a/\u5e9c\u9053187\u53f7 and \u70cf\u4e38\u901a\u308a/\u56fd\u9053367\u53f7", "copyrights": "Map data \u00a92019", "legs": [{"distance": {"text": "2.5 km", "value": 2462}, "traffic_speed_entry": [], "end_address": "3 Ky\u014dtogyoen, Kamigy\u014d-ku, Kyoto, \u4eac\u90fd\u5e9c Kyoto 602-0881, Japan", "via_waypoint": [], "start_address": "284-10 Suemaruch\u014d, Nakagy\u014d-ku, Kyoto, 604-0901, Japan", "start_location": {"lat": 35.0145079, "lng": 135.7710847}, "steps": [{"html_instructions": "Head <b>west</b> toward <b>\u6728\u5c4b\u753a\u901a\u308a</b>", "distance": {"text": "0.2 km", "value": 195}, "travel_mode": "DRIVING", "start_location": {"lat": 35.0145079, "lng": 135.7710847}, "polyline": {"points": "uwutEgxt{X@tA?`@@dB?~@AT?`@AtA"}, "duration": {"text": "1 min", "value": 70}, "end_location": {"lat": 35.0145077, "lng": 135.7689422}}, {"html_instructions": "Turn <b>right</b> onto <b>\u6cb3\u539f\u753a\u901a\u308a</b>/<wbr/><b>\u5e9c\u905332\u53f7</b>", "distance": {"text": "0.3 km", "value": 338}, "travel_mode": "DRIVING", "maneuver": "turn-right", "start_location": {"lat": 35.0145077, "lng": 135.7689422}, "polyline": {"points": "uwutE{jt{XQ?qA@o@?w@?C@s@?e@?cAAi@AC?Y?UAKAYAOAKAQA}@K"}, "duration": {"text": "1 min", "value": 77}, "end_location": {"lat": 35.0175407, "lng": 135.7690624}}, {"html_instructions": "Turn <b>left</b> at <b>\u6cb3\u539f\u753a\u4e38\u592a\u753a\uff08\u4ea4\u5dee\u70b9\uff09</b> onto <b>\u4e38\u592a\u753a\u901a\u308a</b>/<wbr/><b>\u5e9c\u9053187\u53f7</b>", "distance": {"text": "0.9 km", "value": 869}, "travel_mode": "DRIVING", "maneuver": "turn-left", "start_location": {"lat": 35.0175407, "lng": 135.7690624}, "polyline": {"points": "sjvtEskt{XDnA@JD`B@D@p@BdB@D?zC?hC?dA?`@?x@@~E?rC?|B?Z?xC?V?N@d@?D?fAAd@@fB?t@?L@H?NBV"}, "duration": {"text": "3 mins", "value": 162}, "end_location": {"lat": 35.0173746, "lng": 135.7595257}}, {"html_instructions": "Turn <b>right</b> at <b>\u70cf\u4e38\u4e38\u592a\u753a\uff08\u4ea4\u5dee\u70b9\uff09</b> onto <b>\u70cf\u4e38\u901a\u308a</b>/<wbr/><b>\u56fd\u9053367\u53f7</b> (signs for <b>Karasumakitaoji</b>)", "distance": {"text": "0.9 km", "value": 869}, "travel_mode": "DRIVING", "maneuver": "turn-right", "start_location": {"lat": 35.0173746, "lng": 135.7595257}, "polyline": {"points": "qivtEapr{X@^a@FE@Q@W?[?s@@oB@aA?w@@}B?K?a@?E?]?cCAa@?M?uB?iC@_C?u@?aAAcD?K?iAA"}, "duration": {"text": "2 mins", "value": 122}, "end_location": {"lat": 35.0250476, "lng": 135.7592953}}, {"html_instructions": "Turn <b>right</b> at <b>\u4e2d\u7acb\u58f2\u901a\u308a</b>", "distance": {"text": "0.2 km", "value": 191}, "travel_mode": "DRIVING", "maneuver": "turn-right", "start_location": {"lat": 35.0250476, "lng": 135.7592953}, "polyline": {"points": "qywtEsnr{X?O?qBNCRCL?\\?|@C|AB"}, "duration": {"text": "2 mins", "value": 115}, "end_location": {"lat": 35.0238703, "lng": 135.7599917}}], "duration": {"text": "9 mins", "value": 546}, "end_location": {"lat": 35.0238703, "lng": 135.7599917}}]}], "status": "OK", "geocoded_waypoints": [{"place_id": "ChIJQ4iS0owIAWAR7x12VkhgmJo", "geocoder_status": "OK", "types": ["street_address"]}, {"place_id": "ChIJIWCiKGUIAWARPLRBv0Fb4Ws", "geocoder_status": "OK", "types": ["street_address"]}]}