{"routes": [{"overview_polyline": {"points": "ynwtE_tq{XR@fC@@mH?c@CyCAwE@aDhC?jD?fE?fJAhBCRCh@UCWAY?qEAoM?sC"}, "warnings": [], "bounds": {"northeast": {"lat": 35.0233253, "lng": 135.7638854}, "southwest": {"lat": 35.0173746, "lng": 135.755022}}, "waypoint_order": [], "summary": "\u4e0b\u9577\u8005\u753a\u901a\u308a, \u70cf\u4e38\u901a\u308a/\u56fd\u9053367\u53f7 and \u4e38\u592a\u753a\u901a\u308a/\u5e9c\u9053187\u53f7", "copyrights": "Map data \u00a92019", "legs": [{"distance": {"text": "1.5 km", "value": 1458}, "traffic_speed_entry": [], "end_address": "Saibansho mae, 4ch\u014dme, Nakagy\u014d-ku, Kyoto, 604-0974, Japan", "via_waypoint": [], "start_address": "270-5 Nakanoch\u014d, Kamigy\u014d-ku, Kyoto, 602-8072, Japan", "start_location": {"lat": 35.0233253, "lng": 135.7550387}, "steps": [{"html_instructions": "Head <b>south</b> on <b>\u897f\u6d1e\u9662\u901a\u308a</b> toward <b>\u4e0b\u9577\u8005\u753a\u901a\u308a</b>", "distance": {"text": "86 m", "value": 86}, "travel_mode": "DRIVING", "start_location": {"lat": 35.0233253, "lng": 135.7550387}, "polyline": {"points": "ynwtE_tq{XJ?F@fC@"}, "duration": {"text": "1 min", "value": 25}, "end_location": {"lat": 35.0225522, "lng": 135.755022}}, {"html_instructions": "Turn <b>left</b> onto <b>\u4e0b\u9577\u8005\u753a\u901a\u308a</b>", "distance": {"text": "0.4 km", "value": 388}, "travel_mode": "DRIVING", "maneuver": "turn-left", "start_location": {"lat": 35.0225522, "lng": 135.755022}, "polyline": {"points": "}iwtE{sq{X@mH?G?[AaBAw@CcB?O@k@?w@@oC"}, "duration": {"text": "1 min", "value": 86}, "end_location": {"lat": 35.0225626, "lng": 135.7592819}}, {"html_instructions": "Turn <b>right</b> at <b>\u70cf\u4e38\u4e0b\u9577\u8005\u753a\uff08\u4ea4\u5dee\u70b9\uff09</b> onto <b>\u70cf\u4e38\u901a\u308a</b>/<wbr/><b>\u56fd\u9053367\u53f7</b>", "distance": {"text": "0.6 km", "value": 587}, "travel_mode": "DRIVING", "maneuver": "turn-right", "start_location": {"lat": 35.0225626, "lng": 135.7592819}, "polyline": {"points": "_jwtEonr{X?Q|B?J?~@?p@?B?t@?B?~@?L?tB?F?xA?n@?fA?^?DA~A?F?HAf@?h@AL?D?B?DABAh@U"}, "duration": {"text": "2 mins", "value": 95}, "end_location": {"lat": 35.0173746, "lng": 135.7595257}}, {"html_instructions": "Turn <b>left</b> at <b>\u70cf\u4e38\u4e38\u592a\u753a\uff08\u4ea4\u5dee\u70b9\uff09</b> onto <b>\u4e38\u592a\u753a\u901a\u308a</b>/<wbr/><b>\u5e9c\u9053187\u53f7</b> (signs for <b>\u7947\u5712</b>/<wbr/><b>\u5ca1\u5d0e</b>/<wbr/><b>\u4eac\u90fd\u5e9c\u9053187\u53f7</b>/<wbr/><b>\u5e73\u5b89\u795e\u5bae</b>)", "distance": {"text": "0.4 km", "value": 397}, "travel_mode": "DRIVING", "maneuver": "turn-left", "start_location": {"lat": 35.0173746, "lng": 135.7595257}, "polyline": {"points": "qivtEapr{XCW?OAI?M?u@AgB@e@?gA?EAe@?O?W?yC?[?}B?sC"}, "duration": {"text": "1 min", "value": 60}, "end_location": {"lat": 35.0174122, "lng": 135.7638854}}], "duration": {"text": "4 mins", "value": 266}, "end_location": {"lat": 35.0174122, "lng": 135.7638854}}]}], "status": "OK", "geocoded_waypoints": [{"place_id": "ChIJ2ZLTZHcIAWAR8dH4ev8IxmI", "geocoder_status": "OK", "types": ["premise"]}, {"place_id": "ChIJ96APzIkIAWARDVlO5dsvgJQ", "geocoder_status": "OK", "types": ["establishment", "point_of_interest", "transit_station"]}]}