{"routes": [{"overview_polyline": {"points": "mpvtEg_u{XqQFuA?sHEaGIiJMqHKsDGC`A[xGGlBCxCCzIB|KBzFHzQB|DAzD?vG?|C{@`F`A?jF@LAXU`@WxAGtBG\\E?pAArDbGBAO"}, "warnings": [], "bounds": {"northeast": {"lat": 35.0293839, "lng": 135.7724102}, "southwest": {"lat": 35.0184712, "lng": 135.7550606}}, "waypoint_order": [], "summary": "\u5ddd\u7aef\u901a\u308a and \u4eca\u51fa\u5ddd\u901a\u30ea/\u5e9c\u9053101\u53f7", "copyrights": "Map data \u00a92019", "legs": [{"distance": {"text": "3.3 km", "value": 3280}, "traffic_speed_entry": [], "end_address": "450-2 Santeich\u014d, Kamigy\u014d-ku, Kyoto, 602-0915, Japan", "via_waypoint": [], "start_address": "519 Minamicho, Kamigyo Ward, Kyoto, 602-0865, Japan", "start_location": {"lat": 35.0184712, "lng": 135.7722037}, "steps": [{"html_instructions": "Head <b>north</b> on <b>\u5ddd\u7aef\u901a\u308a</b>", "distance": {"text": "1.2 km", "value": 1164}, "travel_mode": "DRIVING", "start_location": {"lat": 35.0184712, "lng": 135.7722037}, "polyline": {"points": "mpvtEg_u{Xa@?S?kB@c@@c@?S?c@@c@?c@?K?{@@cA?G?Q?k@?U?]@a@AQ?C?{A@wEGaDE_BCaCAYAaBCkBEkBCgBCu@Ag@A_@Ai@?mAC[A"}, "duration": {"text": "3 mins", "value": 187}, "end_location": {"lat": 35.0289354, "lng": 135.7724102}}, {"html_instructions": "Turn <b>left</b> onto <b>\u4eca\u51fa\u5ddd\u901a\u30ea</b>/<wbr/><b>\u5e9c\u9053101\u53f7</b> (signs for <b>Horikawaimadegawa</b>)", "distance": {"text": "1.5 km", "value": 1497}, "travel_mode": "DRIVING", "maneuver": "turn-left", "start_location": {"lat": 35.0289354, "lng": 135.7724102}, "polyline": {"points": "{qxtEq`u{X?LAJAT?PCh@MrCAD?DAVC`@?FALCp@ALAV?TAX?|@A|@?B?r@Ab@?t@?X?l@AfA?B?x@?`A?dA@`B?t@?B?J@x@?r@?j@@^?B?X?D?B?@@dC?B?D@z@BlE?j@?z@?@?H@h@?h@?@?@@f@?f@?j@@jB@`@?D?h@?R?FAx@?dB?@Av@@xC?bA?D@`C?HAJMt@m@jD"}, "duration": {"text": "5 mins", "value": 280}, "end_location": {"lat": 35.0293839, "lng": 135.7560508}}, {"html_instructions": "Turn <b>left</b> at <b>\u4eca\u51fa\u5ddd\u65b0\u753a\uff08\u4ea4\u5dee\u70b9\uff09</b> onto <b>\u65b0\u753a\u901a</b>", "distance": {"text": "0.3 km", "value": 349}, "travel_mode": "DRIVING", "maneuver": "turn-left", "start_location": {"lat": 35.0293839, "lng": 135.7560508}, "polyline": {"points": "stxtEizq{X|@?B?l@@f@?xA?z@?B?@?DA@?@CBCHGHEDE@AJGBABA@A@?@AFAD?\\Al@Cb@Ax@CH?LAF?FAFADA"}, "duration": {"text": "1 min", "value": 62}, "end_location": {"lat": 35.0263067, "lng": 135.7563852}}, {"html_instructions": "Turn <b>right</b> onto <b>\u4e00\u6761\u901a\u308a</b>", "distance": {"text": "0.1 km", "value": 119}, "travel_mode": "DRIVING", "maneuver": "turn-right", "start_location": {"lat": 35.0263067, "lng": 135.7563852}, "polyline": {"points": "maxtEm|q{X?^?p@ArD"}, "duration": {"text": "1 min", "value": 29}, "end_location": {"lat": 35.0263164, "lng": 135.755082}}, {"html_instructions": "Turn <b>left</b> onto <b>\u897f\u6d1e\u9662\u901a\u308a</b>", "distance": {"text": "0.1 km", "value": 144}, "travel_mode": "DRIVING", "maneuver": "turn-left", "start_location": {"lat": 35.0263164, "lng": 135.755082}, "polyline": {"points": "oaxtEgtq{XbGB"}, "duration": {"text": "1 min", "value": 43}, "end_location": {"lat": 35.0250235, "lng": 135.7550606}}, {"html_instructions": "Turn <b>left</b> onto <b>\u4e2d\u7acb\u58f2\u901a\u308a</b><div style=\"font-size:0.9em\">Destination will be on the right</div>", "distance": {"text": "7 m", "value": 7}, "travel_mode": "DRIVING", "maneuver": "turn-left", "start_location": {"lat": 35.0250235, "lng": 135.7550606}, "polyline": {"points": "kywtEctq{XAO"}, "duration": {"text": "1 min", "value": 6}, "end_location": {"lat": 35.0250253, "lng": 135.7551396}}], "duration": {"text": "10 mins", "value": 607}, "end_location": {"lat": 35.0250253, "lng": 135.7551396}}]}], "status": "OK", "geocoded_waypoints": [{"place_id": "ChIJuyRBH10JAWARZ9JyO-lJH0o", "geocoder_status": "OK", "types": ["establishment", "general_contractor", "point_of_interest"]}, {"place_id": "ChIJESSXHHcIAWARHywfgJ7l4a8", "geocoder_status": "OK", "types": ["street_address"]}]}