{"routes": [{"overview_polyline": {"points": "}}vtEufv{XbLLrABlCBA`COtKIfGEzG?zD?dEAnDBdBHfEJdDDjB?zCR?rB?lB@zNBtB?"}, "warnings": [], "bounds": {"northeast": {"lat": 35.0206328, "lng": 135.7785105}, "southwest": {"lat": 35.0130638, "lng": 135.7664823}}, "waypoint_order": [], "summary": "\u4e38\u592a\u753a\u901a\u308a/\u5e9c\u9053187\u53f7 and \u5fa1\u5e78\u753a\u901a\u308a", "copyrights": "Map data \u00a92019", "legs": [{"distance": {"text": "1.9 km", "value": 1928}, "traffic_speed_entry": [], "end_address": "Japan, \u3012604-0932 Kyoto, Nakagy\u014d-ku, My\u014dmanjimaech\u014d, \u5bfa\u753a\u901a\u4e8c\u6761\u4e0b\u308b\u2212\uff14\uff15\uff13 \uff2b\uff35\uff32\uff25\uff28\uff21 \uff22\uff2c\uff24", "via_waypoint": [], "start_address": "26 Yoshidakonoecho, Sakyo Ward, Kyoto, 606-8315, Japan", "start_location": {"lat": 35.0206328, "lng": 135.7785105}, "steps": [{"html_instructions": "Head <b>south</b> on <b>\u6771\u5927\u8def\u901a\u308a</b>/<wbr/><b>\u5e9c\u9053181\u53f7</b>", "distance": {"text": "0.4 km", "value": 359}, "travel_mode": "DRIVING", "start_location": {"lat": 35.0206328, "lng": 135.7785105}, "polyline": {"points": "}}vtEufv{XjBBb@?dA@P@`A@|@@l@@L?B?H@^@d@?d@@fB@"}, "duration": {"text": "1 min", "value": 70}, "end_location": {"lat": 35.01740390000001, "lng": 135.778402}}, {"html_instructions": "Turn <b>right</b> at <b>\u6771\u5c71\u4e38\u592a\u753a\uff08\u4ea4\u5dee\u70b9\uff09</b> onto <b>\u4e38\u592a\u753a\u901a\u308a</b>/<wbr/><b>\u5e9c\u9053187\u53f7</b> (signs for <b>Saga</b>/<wbr/><b>Horikawamarutamachi</b>)", "distance": {"text": "1.1 km", "value": 1084}, "travel_mode": "DRIVING", "maneuver": "turn-right", "start_location": {"lat": 35.01740390000001, "lng": 135.778402}, "polyline": {"points": "wivtE_fv{XAz@?dA?PIjECdCAp@AFC`C?@CzB?RCrB?f@AjB?Z@fB?RAb@?F?H?H@rAAr@?F?F?P?D?D?H?N?PAdB?D?J@|@@f@BvBDnA@JD`B@D@p@BdB@D?zC"}, "duration": {"text": "4 mins", "value": 215}, "end_location": {"lat": 35.0174245, "lng": 135.7665092}}, {"html_instructions": "Turn <b>left</b> onto <b>\u5fa1\u5e78\u753a\u901a\u308a</b><div style=\"font-size:0.9em\">Destination will be on the left</div>", "distance": {"text": "0.5 km", "value": 485}, "travel_mode": "DRIVING", "maneuver": "turn-left", "start_location": {"lat": 35.0174245, "lng": 135.7665092}, "polyline": {"points": "{ivtEu{s{XR?\\?tA?^?lA@~B@r@?bA?bG@tB?"}, "duration": {"text": "2 mins", "value": 139}, "end_location": {"lat": 35.0130638, "lng": 135.7664828}}], "duration": {"text": "7 mins", "value": 424}, "end_location": {"lat": 35.0130638, "lng": 135.7664828}}]}], "status": "OK", "geocoded_waypoints": [{"place_id": "ChIJx0QFLvcIAWARDpDuh0659mM", "geocoder_status": "OK", "types": ["establishment", "point_of_interest"]}, {"place_id": "ChIJvY9QMowIAWARgz-udbZjuKg", "geocoder_status": "OK", "types": ["premise"]}]}