{"routes": [{"overview_polyline": {"points": "yivtEyvr{XBnDF~AExFdIA"}, "warnings": [], "bounds": {"northeast": {"lat": 35.0174055, "lng": 135.7606139}, "southwest": {"lat": 35.0157503, "lng": 135.7579999}}, "waypoint_order": [], "summary": "\u4e38\u592a\u753a\u901a\u308a/\u5e9c\u9053187\u53f7 and \u5ba4\u753a\u901a\u308a", "copyrights": "Map data \u00a92019", "legs": [{"distance": {"text": "0.4 km", "value": 419}, "traffic_speed_entry": [], "end_address": "35-2 Kagamiyach\u014d, Nakagy\u014d-ku, Kyoto, 604-0002, Japan", "via_waypoint": [], "start_address": "Japan, \u3012602-0881 Kyoto, Kamigy\u014d-ku, Ky\u014dtogyoen, \uff13 \u56fd\u6c11\u516c\u5712\u5354\u4f1a\u4eac\u90fd\u5fa1\u82d1", "start_location": {"lat": 35.0174055, "lng": 135.7606139}, "steps": [{"html_instructions": "Head <b>west</b> on <b>\u4e38\u592a\u753a\u901a\u308a</b>/<wbr/><b>\u5e9c\u9053187\u53f7</b> toward <b>\u8eca\u5c4b\u753a\u901a</b>", "distance": {"text": "0.2 km", "value": 238}, "travel_mode": "DRIVING", "start_location": {"lat": 35.0174055, "lng": 135.7606139}, "polyline": {"points": "yivtEyvr{X@`B?t@?L@H?NBV@^@V?P?NAfACnC"}, "duration": {"text": "1 min", "value": 65}, "end_location": {"lat": 35.0173797, "lng": 135.7579999}}, {"html_instructions": "Turn <b>left</b> onto <b>\u5ba4\u753a\u901a\u308a</b><div style=\"font-size:0.9em\">Destination will be on the right</div>", "distance": {"text": "0.2 km", "value": 181}, "travel_mode": "DRIVING", "maneuver": "turn-left", "start_location": {"lat": 35.0173797, "lng": 135.7579999}, "polyline": {"points": "sivtEofr{XrE?N?`BA"}, "duration": {"text": "1 min", "value": 45}, "end_location": {"lat": 35.0157503, "lng": 135.7580128}}], "duration": {"text": "2 mins", "value": 110}, "end_location": {"lat": 35.0157503, "lng": 135.7580128}}]}], "status": "OK", "geocoded_waypoints": [{"place_id": "ChIJOdXBGX0IAWARzA2UQvAZsYM", "geocoder_status": "OK", "types": ["premise"]}, {"place_id": "ChIJc9hW8n0IAWARUviupjQtBzY", "geocoder_status": "OK", "types": ["street_address"]}]}