{"routes": [{"overview_polyline": {"points": "gewtEaor{XdJ?fJAhBCRCh@UCWAY?qEAoMCaYM_GG{AE_D?uD?q@?cE?gDDcHX_T?wA@{@gBAkAAi@C}BC}DEgIK_HC_JE}@?AmAAaH?iB@q@e@B@TADK@S??H@^A^EPQZ_@^c@PUD@b@FtDA`@GDoAE"}, "warnings": [], "bounds": {"northeast": {"lat": 35.0265664, "lng": 135.7812161}, "southwest": {"lat": 35.0173746, "lng": 135.7593683}}, "waypoint_order": [], "summary": "\u4e38\u592a\u753a\u901a\u308a/\u5e9c\u9053187\u53f7", "copyrights": "Map data \u00a92019", "legs": [{"distance": {"text": "3.7 km", "value": 3655}, "traffic_speed_entry": [], "end_address": "Higashioji-dori Ave, Yoshidahonmachi, Saky\u014d-ku, Kyoto, 606-8317, Japan", "via_waypoint": [], "start_address": "14 Ky\u014dtogyoen, Kamigy\u014d-ku, Kyoto, 602-0881, Japan", "start_location": {"lat": 35.0218038, "lng": 135.7593683}, "steps": [{"html_instructions": "Head <b>south</b> on <b>\u70cf\u4e38\u901a\u308a</b>/<wbr/><b>\u56fd\u9053367\u53f7</b> toward <b>\u51fa\u6c34\u901a\u308a</b>", "distance": {"text": "0.5 km", "value": 495}, "travel_mode": "DRIVING", "start_location": {"lat": 35.0218038, "lng": 135.7593683}, "polyline": {"points": "gewtEaor{Xp@?p@?B?t@?B?~@?L?tB?F?xA?n@?fA?^?DA~A?F?HAf@?h@AL?D?B?DABAh@U"}, "duration": {"text": "1 min", "value": 72}, "end_location": {"lat": 35.0173746, "lng": 135.7595257}}, {"html_instructions": "Turn <b>left</b> at <b>\u70cf\u4e38\u4e38\u592a\u753a\uff08\u4ea4\u5dee\u70b9\uff09</b> onto <b>\u4e38\u592a\u753a\u901a\u308a</b>/<wbr/><b>\u5e9c\u9053187\u53f7</b> (signs for <b>\u7947\u5712</b>/<wbr/><b>\u5ca1\u5d0e</b>/<wbr/><b>\u4eac\u90fd\u5e9c\u9053187\u53f7</b>/<wbr/><b>\u5e73\u5b89\u795e\u5bae</b>)", "distance": {"text": "1.7 km", "value": 1720}, "travel_mode": "DRIVING", "maneuver": "turn-left", "start_location": {"lat": 35.0173746, "lng": 135.7595257}, "polyline": {"points": "qivtEapr{XCW?OAI?M?u@AgB@e@?gA?EAe@?O?W?yC?[?}B?sCA_F?y@?a@?eA?iC?{CAECeBAq@AEEaBAKEoACwBAg@A}@?K?E@eB?Q?O?I?E?E?Q?G?G@s@AsA?I?I?G@c@?SAgB?[@kB?g@BsB?SB{B?ABaC@G@q@BeCHkE?Q?eA@{@"}, "duration": {"text": "5 mins", "value": 319}, "end_location": {"lat": 35.01740390000001, "lng": 135.778402}}, {"html_instructions": "Turn <b>left</b> at <b>\u6771\u5c71\u4e38\u592a\u753a\uff08\u4ea4\u5dee\u70b9\uff09</b> onto <b>\u6771\u5927\u8def\u901a\u308a</b>/<wbr/><b>\u5e9c\u9053181\u53f7</b>", "distance": {"text": "0.9 km", "value": 871}, "travel_mode": "DRIVING", "maneuver": "turn-left", "start_location": {"lat": 35.01740390000001, "lng": 135.778402}, "polyline": {"points": "wivtE_fv{XgBAe@Ae@?_@AIAC?M?m@A}@AaAAQAeAAc@?kBCiAA_@AqBCW?E?cBA}CAsCAi@?gCAYA}@?"}, "duration": {"text": "2 mins", "value": 140}, "end_location": {"lat": 35.025239, "lng": 135.7785987}}, {"html_instructions": "Turn <b>right</b> at <b>\u6771\u5c71\u6771\u4e00\u6761\uff08\u4ea4\u5dee\u70b9\uff09</b> onto <b>\u6771\u4e00\u6761\u901a\u308a</b>", "distance": {"text": "0.2 km", "value": 238}, "travel_mode": "DRIVING", "maneuver": "turn-right", "start_location": {"lat": 35.025239, "lng": 135.7785987}, "polyline": {"points": "wzwtEggv{XAmAAaF?_AAu@?C@a@?M?O@a@"}, "duration": {"text": "1 min", "value": 48}, "end_location": {"lat": 35.0252548, "lng": 135.7812161}}, {"html_instructions": "Turn <b>left</b><div style=\"font-size:0.9em\">Restricted usage road</div>", "distance": {"text": "20 m", "value": 20}, "travel_mode": "DRIVING", "maneuver": "turn-left", "start_location": {"lat": 35.0252548, "lng": 135.7812161}, "polyline": {"points": "yzwtEswv{Xe@B"}, "duration": {"text": "1 min", "value": 7}, "end_location": {"lat": 35.0254355, "lng": 135.7812027}}, {"html_instructions": "Turn <b>left</b><div style=\"font-size:0.9em\">Restricted usage road</div>", "distance": {"text": "31 m", "value": 31}, "travel_mode": "DRIVING", "maneuver": "turn-left", "start_location": {"lat": 35.0254355, "lng": 135.7812027}, "polyline": {"points": "_|wtEowv{X@T?BA@E@E?S?"}, "duration": {"text": "1 min", "value": 22}, "end_location": {"lat": 35.025602, "lng": 135.7810477}}, {"html_instructions": "Turn <b>left</b><div style=\"font-size:0.9em\">Restricted usage road</div>", "distance": {"text": "0.1 km", "value": 116}, "travel_mode": "DRIVING", "maneuver": "turn-left", "start_location": {"lat": 35.025602, "lng": 135.7810477}, "polyline": {"points": "_}wtEqvv{X?H@T?HAL?J?D?DABA@ADGJABGJGHIHEDGDKDEBQFE@OB"}, "duration": {"text": "1 min", "value": 51}, "end_location": {"lat": 35.0261712, "lng": 135.7801711}}, {"html_instructions": "Turn <b>left</b><div style=\"font-size:0.9em\">Restricted usage road</div>", "distance": {"text": "0.2 km", "value": 164}, "travel_mode": "DRIVING", "maneuver": "turn-left", "start_location": {"lat": 35.0261712, "lng": 135.7801711}, "polyline": {"points": "q`xtEaqv{X?R@NDtB@@?`@?Z?H?DAN?@A@A@A??@A?A?s@CYA"}, "duration": {"text": "1 min", "value": 42}, "end_location": {"lat": 35.0265664, "lng": 135.7789061}}], "duration": {"text": "12 mins", "value": 701}, "end_location": {"lat": 35.0265664, "lng": 135.7789061}}]}], "status": "OK", "geocoded_waypoints": [{"place_id": "ChIJwzAhUXsIAWARkYYwIUi28n4", "geocoder_status": "OK", "types": ["premise"]}, {"place_id": "ChIJdUjPUVgIAWARzh_2klHcfq4", "geocoder_status": "OK", "types": ["route"]}]}