{"routes": [{"overview_polyline": {"points": "esxtEcss{XCcG?wLD}HNmDXyGdNRjLPrKLrB?rEC~DA|WOv@?b@F`ACxFG~A@?WAQK_@eAkCCg@@cB"}, "warnings": [], "bounds": {"northeast": {"lat": 35.029174, "lng": 135.7741373}, "southwest": {"lat": 35.0132257, "lng": 135.7651431}}, "waypoint_order": [], "summary": "\u4eca\u51fa\u5ddd\u901a\u30ea/\u5e9c\u9053101\u53f7 and \u5ddd\u7aef\u901a\u308a", "copyrights": "Map data \u00a92019", "legs": [{"distance": {"text": "2.6 km", "value": 2592}, "traffic_speed_entry": [], "end_address": "Japan, \u3012606-8374 Kyoto, Sakyo Ward, \u4e8c\u6761\u901a\u5ddd\u7aef\u6771\u5165\u96e3\u6ce2\u753a227", "via_waypoint": [], "start_address": "Japan, \u3012602-0881 Kyoto, Kamigyo Ward, Kyotogyoen, Unnamed Road", "start_location": {"lat": 35.0291542, "lng": 135.7651431}, "steps": [{"html_instructions": "Head <b>east</b> on <b>\u4eca\u51fa\u5ddd\u901a\u30ea</b>/<wbr/><b>\u5e9c\u9053101\u53f7</b> toward <b>\u5bfa\u753a\u901a\u308a</b>", "distance": {"text": "0.7 km", "value": 663}, "travel_mode": "DRIVING", "start_location": {"lat": 35.0291542, "lng": 135.7651431}, "polyline": {"points": "esxtEcss{X?CA_@?k@?s@Ay@?K?C?u@AaB?eA?aA?y@?C@gA?m@?Y?u@@c@?s@?C@}@?}@@Y?U@W@MBq@@M?GBa@@W?E@ELsCBi@?Q@U@K?M"}, "duration": {"text": "2 mins", "value": 146}, "end_location": {"lat": 35.0289354, "lng": 135.7724102}}, {"html_instructions": "Turn <b>right</b> onto <b>\u5ddd\u7aef\u901a\u308a</b> (signs for <b>Kawabataoike</b>)", "distance": {"text": "1.8 km", "value": 1756}, "travel_mode": "DRIVING", "maneuver": "turn-right", "start_location": {"lat": 35.0289354, "lng": 135.7724102}, "polyline": {"points": "{qxtEq`u{X@Sb@?p@@l@BL?|BDfBB`A@j@@jBDzBB~BDbA@Z?vJLvA?Z?^?\\AbA?pAAb@@D?xAAz@AzEChBAlBAbCAh@AhAAnAA`@?\\AD?H?H@P@PDBA|@ARAdAAbAAzAA~A@"}, "duration": {"text": "4 mins", "value": 257}, "end_location": {"lat": 35.0132257, "lng": 135.7723744}}, {"html_instructions": "Turn <b>left</b> at <b>\u5ddd\u7aef\u4e8c\u6761\uff08\u4ea4\u5dee\u70b9\uff09</b> onto <b>\u4e8c\u6761\u901a\u308a</b>", "distance": {"text": "0.2 km", "value": 173}, "travel_mode": "DRIVING", "maneuver": "turn-left", "start_location": {"lat": 35.0132257, "lng": 135.7723744}, "polyline": {"points": "uoutEi`u{X?W?IAGAICKAACGISc@iAACUi@AKAC?E?Q@cB"}, "duration": {"text": "1 min", "value": 39}, "end_location": {"lat": 35.0136631, "lng": 135.7741373}}], "duration": {"text": "7 mins", "value": 442}, "end_location": {"lat": 35.0136631, "lng": 135.7741373}}]}], "status": "OK", "geocoded_waypoints": [{"place_id": "ChIJtbD9FIwJAWARZChK1yogNAw", "geocoder_status": "OK", "types": ["establishment", "point_of_interest"]}, {"place_id": "ChIJn1lIj-0IAWARPfKxK5iTGSM", "geocoder_status": "OK", "types": ["establishment", "hair_care", "point_of_interest"]}]}