{"routes": [{"overview_polyline": {"points": "qwutEiqt{XClEkE@aD?}ACaAGoAMaDYkDYyCSwBCuAFgGb@cE@gJCqBCmDKkJi@iAGqAWE~I@lJB`FFbO^@nAA@c@@iA"}, "warnings": [], "bounds": {"northeast": {"lat": 35.0291755, "lng": 135.7699734}, "southwest": {"lat": 35.0144947, "lng": 135.7623687}}, "waypoint_order": [], "summary": "\u6cb3\u539f\u753a\u901a\u308a/\u5e9c\u905332\u53f7 and \u4eca\u51fa\u5ddd\u901a\u30ea/\u5e9c\u9053101\u53f7", "copyrights": "Map data \u00a92019", "legs": [{"distance": {"text": "2.5 km", "value": 2507}, "traffic_speed_entry": [], "end_address": "15-38 Ky\u014dtogyoen, Kamigy\u014d-ku, Kyoto, 602-0881, Japan", "via_waypoint": [], "start_address": "341-11 Shimizuch\u014d, Nakagy\u014d-ku, Kyoto, 604-0911, Japan", "start_location": {"lat": 35.0144947, "lng": 135.7699734}, "steps": [{"html_instructions": "Head <b>west</b> toward <b>\u6cb3\u539f\u753a\u901a\u308a</b>/<wbr/><b>\u5e9c\u905332\u53f7</b>", "distance": {"text": "94 m", "value": 94}, "travel_mode": "DRIVING", "start_location": {"lat": 35.0144947, "lng": 135.7699734}, "polyline": {"points": "qwutEiqt{X?~@AT?`@AtA"}, "duration": {"text": "1 min", "value": 35}, "end_location": {"lat": 35.0145077, "lng": 135.7689422}}, {"html_instructions": "Turn <b>right</b> onto <b>\u6cb3\u539f\u753a\u901a\u308a</b>/<wbr/><b>\u5e9c\u905332\u53f7</b>", "distance": {"text": "1.6 km", "value": 1635}, "travel_mode": "DRIVING", "maneuver": "turn-right", "start_location": {"lat": 35.0145077, "lng": 135.7689422}, "polyline": {"points": "uwutE{jt{XQ?qA@o@?w@?C@s@?e@?cAAi@AC?Y?UAKAYAOAKAQA}@K_BKaAMo@EEAuAK_@Eg@Cc@E}@IO?SAS?w@AW?M@G?_@@_@BgAFoAHgAJg@DM@O?K?yC?A?uBAS?s@?y@?s@Ac@?U?q@?_ACeACgBGe@C{CQQCwCOI?YA_@EE?QCKCSE_@I"}, "duration": {"text": "4 mins", "value": 269}, "end_location": {"lat": 35.0291512, "lng": 135.7696772}}, {"html_instructions": "Turn <b>left</b> at <b>\u6cb3\u539f\u753a\u4eca\u51fa\u5ddd\uff08\u4ea4\u5dee\u70b9\uff09</b> onto <b>\u4eca\u51fa\u5ddd\u901a\u30ea</b>/<wbr/><b>\u5e9c\u9053101\u53f7</b> (signs for <b>Kitanohakubaicho</b>/<wbr/><b>Horikawaimadegawa</b>)", "distance": {"text": "0.7 km", "value": 666}, "travel_mode": "DRIVING", "maneuver": "turn-left", "start_location": {"lat": 35.0291512, "lng": 135.7696772}, "polyline": {"points": "esxtEoot{XA|@?B?r@Ab@?t@?X?l@AfA?B?x@?`A?dA@`B?t@?B?J@x@?r@?j@@^?B?X?D?B?@@dC?B?D@z@BlE?j@?z@?@"}, "duration": {"text": "2 mins", "value": 98}, "end_location": {"lat": 35.0291073, "lng": 135.7623656}}, {"html_instructions": "Turn <b>left</b><div style=\"font-size:0.9em\">Partial restricted usage road</div>", "distance": {"text": "0.1 km", "value": 112}, "travel_mode": "DRIVING", "maneuver": "turn-left", "start_location": {"lat": 35.0291073, "lng": 135.7623656}, "polyline": {"points": "}rxtEyas{X^?nAA@c@?G@aA"}, "duration": {"text": "1 min", "value": 30}, "end_location": {"lat": 35.0285302, "lng": 135.7629255}}], "duration": {"text": "7 mins", "value": 432}, "end_location": {"lat": 35.0285302, "lng": 135.7629255}}]}], "status": "OK", "geocoded_waypoints": [{"place_id": "ChIJ1cFTII0IAWARl1t2JWCav08", "geocoder_status": "OK", "types": ["street_address"]}, {"place_id": "ChIJoXrVrW8IAWARyXR8I-ISZKE", "geocoder_status": "OK", "types": ["street_address"]}]}