{"routes": [{"overview_polyline": {"points": "oqvtEg_u{X@sEHkH@{@pB@~ADCzBCfCArC?zD@nBAzBAhCBdBHfEJdDDjB?dH@`K?fM@~IHxCEvEAdH@tEBfB?pCnA?hCA~CAvF@rFB~@?"}, "warnings": [], "bounds": {"northeast": {"lat": 35.0186417, "lng": 135.7750647}, "southwest": {"lat": 35.0126912, "lng": 135.7542031}}, "waypoint_order": [], "summary": "\u4e38\u592a\u753a\u901a\u308a/\u5e9c\u9053187\u53f7", "copyrights": "Map data \u00a92019", "legs": [{"distance": {"text": "2.8 km", "value": 2794}, "traffic_speed_entry": [], "end_address": "Japan, \u3012604-0045 Kyoto, Nakagy\u014d-ku, Furushiroch\u014d, \u5c0f\u5ddd\u901a\u62bc\u5c0f\u8def\u4e0a\u308b\u2212\uff13\uff16\uff12", "via_waypoint": [], "start_address": "4-1 Higashimarutach\u014d, Saky\u014d-ku, Kyoto, 606-8395, Japan", "start_location": {"lat": 35.0186417, "lng": 135.7722011}, "steps": [{"html_instructions": "Head <b>east</b> toward <b>\u5ddd\u7aef\u901a\u308a</b>", "distance": {"text": "0.3 km", "value": 261}, "travel_mode": "DRIVING", "start_location": {"lat": 35.0186417, "lng": 135.7722011}, "polyline": {"points": "oqvtEg_u{X?S@eB?a@?w@@}@@mABqA@mA@{@"}, "duration": {"text": "1 min", "value": 46}, "end_location": {"lat": 35.0185686, "lng": 135.7750647}}, {"html_instructions": "Turn <b>right</b> toward <b>\u4e38\u592a\u753a\u901a\u308a</b>/<wbr/><b>\u5e9c\u9053187\u53f7</b>", "distance": {"text": "0.1 km", "value": 117}, "travel_mode": "DRIVING", "maneuver": "turn-right", "start_location": {"lat": 35.0185686, "lng": 135.7750647}, "polyline": {"points": "aqvtEcqu{XpB@~AD"}, "duration": {"text": "1 min", "value": 54}, "end_location": {"lat": 35.0175207, "lng": 135.7750199}}, {"html_instructions": "Turn <b>right</b> onto <b>\u4e38\u592a\u753a\u901a\u308a</b>/<wbr/><b>\u5e9c\u9053187\u53f7</b>", "distance": {"text": "1.9 km", "value": 1897}, "travel_mode": "DRIVING", "maneuver": "turn-right", "start_location": {"lat": 35.0175207, "lng": 135.7750199}, "polyline": {"points": "ojvtE{pu{XCzB?RCrB?f@AjB?Z@fB?RAb@?F?H?H@rAAr@?F?F?P?D?D?H?N?PAdB?D?J@|@@f@BvBDnA@JD`B@D@p@BdB@D?zC?hC?dA?`@?x@@~E?rC?|B?Z?xC?V?N@d@?D?fAAd@@fB?t@?L@H?NBV@^@V?P?NAfACnC?|CAfC?tC?H?X@Z@xA@L?pC"}, "duration": {"text": "7 mins", "value": 390}, "end_location": {"lat": 35.0173609, "lng": 135.7542074}}, {"html_instructions": "Turn <b>left</b> onto <b>\u5c0f\u5ddd\u901a\u308a</b><div style=\"font-size:0.9em\">Destination will be on the right</div>", "distance": {"text": "0.5 km", "value": 519}, "travel_mode": "DRIVING", "maneuver": "turn-left", "start_location": {"lat": 35.0173609, "lng": 135.7542074}, "polyline": {"points": "oivtEynq{XnA?n@?xAAN?nCAdB?N?dA?z@@xB@dA?`@?P@D?DAD@l@?"}, "duration": {"text": "3 mins", "value": 156}, "end_location": {"lat": 35.0126912, "lng": 135.7542031}}], "duration": {"text": "11 mins", "value": 646}, "end_location": {"lat": 35.0126912, "lng": 135.7542031}}]}], "status": "OK", "geocoded_waypoints": [{"place_id": "ChIJuUXylPQIAWARlmof9SRZPLs", "geocoder_status": "OK", "types": ["street_address"]}, {"place_id": "ChIJF8PgZYAIAWARSKzsqcFDyRE", "geocoder_status": "OK", "types": ["street_address"]}]}