{"routes": [{"overview_polyline": {"points": "sqvtEirq{X@m@lCApB?CyC?uCn@AjBAjO?z@?T??E`B?zHAhC??cCcBA"}, "warnings": [], "bounds": {"northeast": {"lat": 35.0186565, "lng": 135.7572556}, "southwest": {"lat": 35.0108165, "lng": 135.754767}}, "waypoint_order": [], "summary": "\u65b0\u753a\u901a", "copyrights": "Map data \u00a92019", "legs": [{"distance": {"text": "1.2 km", "value": 1152}, "traffic_speed_entry": [], "end_address": "Japan, \u3012604-0024 Kyoto, Nakagy\u014d-ku, Shimomy\u014dkakujich\u014d, \u8863\u68da\u901a\u5fa1\u6c60\u4e0a\u308b\u2212\uff11\uff18\uff18", "via_waypoint": [], "start_address": "372 Higashiuoyach\u014d, Kamigy\u014d-ku, Kyoto, 602-8038, Japan", "start_location": {"lat": 35.0186565, "lng": 135.754767}, "steps": [{"html_instructions": "Head <b>east</b> toward <b>\u897f\u6d1e\u9662\u901a\u308a</b>", "distance": {"text": "21 m", "value": 21}, "travel_mode": "DRIVING", "start_location": {"lat": 35.0186565, "lng": 135.754767}, "polyline": {"points": "sqvtEirq{X@m@"}, "duration": {"text": "1 min", "value": 7}, "end_location": {"lat": 35.0186545, "lng": 135.7549974}}, {"html_instructions": "Turn <b>right</b> onto <b>\u897f\u6d1e\u9662\u901a\u308a</b>", "distance": {"text": "0.1 km", "value": 143}, "travel_mode": "DRIVING", "maneuver": "turn-right", "start_location": {"lat": 35.0186545, "lng": 135.7549974}, "polyline": {"points": "qqvtEwsq{XlCA`A?n@?"}, "duration": {"text": "1 min", "value": 59}, "end_location": {"lat": 35.0173678, "lng": 135.7550108}}, {"html_instructions": "Turn <b>left</b> onto <b>\u4e38\u592a\u753a\u901a\u308a</b>/<wbr/><b>\u5e9c\u9053187\u53f7</b>", "distance": {"text": "0.1 km", "value": 139}, "travel_mode": "DRIVING", "maneuver": "turn-left", "start_location": {"lat": 35.0173678, "lng": 135.7550108}, "polyline": {"points": "qivtEysq{XAyAA[?Y?I?uC"}, "duration": {"text": "1 min", "value": 37}, "end_location": {"lat": 35.0173859, "lng": 135.7565346}}, {"html_instructions": "Turn <b>right</b> onto <b>\u65b0\u753a\u901a</b>", "distance": {"text": "0.7 km", "value": 733}, "travel_mode": "DRIVING", "maneuver": "turn-right", "start_location": {"lat": 35.0173859, "lng": 135.7565346}, "polyline": {"points": "uivtEi}q{Xn@A`B?HAdA?H?hG?pD?h@?P?T??ER?lA?dDAtC?hB?^?"}, "duration": {"text": "3 mins", "value": 191}, "end_location": {"lat": 35.0108204, "lng": 135.7565878}}, {"html_instructions": "Turn <b>left</b> onto <b>\u5fa1\u6c60\u901a\u308a</b>/<wbr/><b>\u5e9c\u905337\u53f7</b>", "distance": {"text": "61 m", "value": 61}, "travel_mode": "DRIVING", "maneuver": "turn-left", "start_location": {"lat": 35.0108204, "lng": 135.7565878}, "polyline": {"points": "s`utEu}q{X?aB?a@"}, "duration": {"text": "1 min", "value": 20}, "end_location": {"lat": 35.0108165, "lng": 135.7572525}}, {"html_instructions": "Turn <b>left</b> onto <b>\u8863\u68da\u901a\u308a</b><div style=\"font-size:0.9em\">Destination will be on the left</div>", "distance": {"text": "55 m", "value": 55}, "travel_mode": "DRIVING", "maneuver": "turn-left", "start_location": {"lat": 35.0108165, "lng": 135.7572525}, "polyline": {"points": "s`utEyar{X]?]?g@A"}, "duration": {"text": "1 min", "value": 16}, "end_location": {"lat": 35.0113152, "lng": 135.7572556}}], "duration": {"text": "6 mins", "value": 330}, "end_location": {"lat": 35.0113152, "lng": 135.7572556}}]}], "status": "OK", "geocoded_waypoints": [{"place_id": "ChIJ0V0TLHkIAWARB76Mj1pJ4Qc", "geocoder_status": "OK", "types": ["premise"]}, {"place_id": "ChIJs7uMs4YIAWARxCiJrHF1XHs", "geocoder_status": "OK", "types": ["street_address"]}]}