{"routes": [{"overview_polyline": {"points": "_dwtEkjq{X}DAC@AmCBkBBgKGmGBeGxJ?bKAzECHCh@UCWAY?cA?{EAgFAyX?{C`@AV?rFB`A?BoCe@A}AA"}, "warnings": [], "bounds": {"northeast": {"lat": 35.02258, "lng": 135.7680169}, "southwest": {"lat": 35.0155603, "lng": 135.7534954}}, "waypoint_order": [], "summary": "\u70cf\u4e38\u901a\u308a/\u56fd\u9053367\u53f7 and \u4e38\u592a\u753a\u901a\u308a/\u5e9c\u9053187\u53f7", "copyrights": "Map data \u00a92019", "legs": [{"distance": {"text": "2.3 km", "value": 2275}, "traffic_speed_entry": [], "end_address": "Japan, \u3012604-0991 Kyoto, Nakagy\u014d-ku, \u5bfa\u753a\u901a\u7af9\u5c4b\u753a\u4e0a\u308b\u884c\u9858\u5bfa\u9580\u524d\u753a\uff11\uff17", "via_waypoint": [], "start_address": "Japan, \u3012602-8055 Kyoto, Kamigy\u014d-ku, \u6cb9\u5c0f\u8def\u901a\u51fa\u6c34\u4e0a\u308b\u5927\u9ed2\u5c4b\u753a\uff14\uff12", "start_location": {"lat": 35.021601, "lng": 135.7534954}, "steps": [{"html_instructions": "Head <b>north</b> on <b>\u6cb9\u5c0f\u8def\u901a\u308a</b> toward <b>\u4e0b\u9577\u8005\u753a\u901a\u308a</b>", "distance": {"text": "0.1 km", "value": 108}, "travel_mode": "DRIVING", "start_location": {"lat": 35.021601, "lng": 135.7534954}, "polyline": {"points": "_dwtEkjq{Xi@?mCAA?C?A?A@"}, "duration": {"text": "1 min", "value": 28}, "end_location": {"lat": 35.0225723, "lng": 135.7535017}}, {"html_instructions": "Turn <b>right</b> onto <b>\u4e0b\u9577\u8005\u753a\u901a\u308a</b>", "distance": {"text": "0.5 km", "value": 527}, "travel_mode": "DRIVING", "maneuver": "turn-right", "start_location": {"lat": 35.0225723, "lng": 135.7535017}, "polyline": {"points": "ajwtEkjq{XAkA?aA?E?[@W@q@@u@@mH?G?[AaBAw@CcB?O@k@?w@@oC"}, "duration": {"text": "2 mins", "value": 117}, "end_location": {"lat": 35.0225626, "lng": 135.7592819}}, {"html_instructions": "Turn <b>right</b> at <b>\u70cf\u4e38\u4e0b\u9577\u8005\u753a\uff08\u4ea4\u5dee\u70b9\uff09</b> onto <b>\u70cf\u4e38\u901a\u308a</b>/<wbr/><b>\u56fd\u9053367\u53f7</b>", "distance": {"text": "0.6 km", "value": 587}, "travel_mode": "DRIVING", "maneuver": "turn-right", "start_location": {"lat": 35.0225626, "lng": 135.7592819}, "polyline": {"points": "_jwtEonr{X?Q|B?J?~@?p@?B?t@?B?~@?L?tB?F?xA?n@?fA?^?DA~A?F?HAf@?h@AL?D?B?DABAh@U"}, "duration": {"text": "2 mins", "value": 95}, "end_location": {"lat": 35.0173746, "lng": 135.7595257}}, {"html_instructions": "Turn <b>left</b> at <b>\u70cf\u4e38\u4e38\u592a\u753a\uff08\u4ea4\u5dee\u70b9\uff09</b> onto <b>\u4e38\u592a\u753a\u901a\u308a</b>/<wbr/><b>\u5e9c\u9053187\u53f7</b> (signs for <b>\u7947\u5712</b>/<wbr/><b>\u5ca1\u5d0e</b>/<wbr/><b>\u4eac\u90fd\u5e9c\u9053187\u53f7</b>/<wbr/><b>\u5e73\u5b89\u795e\u5bae</b>)", "distance": {"text": "0.7 km", "value": 707}, "travel_mode": "DRIVING", "maneuver": "turn-left", "start_location": {"lat": 35.0173746, "lng": 135.7595257}, "polyline": {"points": "qivtEapr{XCW?OAI?M?u@AgB@e@?gA?EAe@?O?W?yC?[?}B?sCA_F?y@?a@?eA?iC?{C"}, "duration": {"text": "2 mins", "value": 107}, "end_location": {"lat": 35.0174239, "lng": 135.7672912}}, {"html_instructions": "Turn <b>right</b> onto <b>\u5bfa\u753a\u901a\u308a</b>", "distance": {"text": "0.2 km", "value": 206}, "travel_mode": "DRIVING", "maneuver": "turn-right", "start_location": {"lat": 35.0174239, "lng": 135.7672912}, "polyline": {"points": "{ivtEq`t{X`@AL@HAtA?xA@J?v@@p@?N?"}, "duration": {"text": "1 min", "value": 59}, "end_location": {"lat": 35.0155753, "lng": 135.7672793}}, {"html_instructions": "Turn <b>left</b> onto <b>\u7af9\u5c4b\u753a\u901a\u308a</b>", "distance": {"text": "66 m", "value": 66}, "travel_mode": "DRIVING", "maneuver": "turn-left", "start_location": {"lat": 35.0155753, "lng": 135.7672793}, "polyline": {"points": "k~utEo`t{XBoC"}, "duration": {"text": "1 min", "value": 24}, "end_location": {"lat": 35.0155603, "lng": 135.7679994}}, {"html_instructions": "Turn <b>left</b><div style=\"font-size:0.9em\">Destination will be on the left</div>", "distance": {"text": "74 m", "value": 74}, "travel_mode": "DRIVING", "maneuver": "turn-left", "start_location": {"lat": 35.0155603, "lng": 135.7679994}, "polyline": {"points": "g~utE_et{Xe@A}AA"}, "duration": {"text": "1 min", "value": 28}, "end_location": {"lat": 35.0162219, "lng": 135.7680169}}], "duration": {"text": "8 mins", "value": 458}, "end_location": {"lat": 35.0162219, "lng": 135.7680169}}]}], "status": "OK", "geocoded_waypoints": [{"place_id": "ChIJFdHuOngIAWAR_HLdyN6MM5U", "geocoder_status": "OK", "types": ["street_address"]}, {"place_id": "ChIJzxkUlIsIAWARkl6sQ-B0PHM", "geocoder_status": "OK", "types": ["street_address"]}]}