{"routes": [{"overview_polyline": {"points": "yivtE}ms{XAmH?eHAEW?g@Ck@?uDCuECeOWyISwEKaHUiEI{BGGE_ACmAA?|@@~GBfFFdL?fB^@nAA@c@p@A"}, "warnings": [], "bounds": {"northeast": {"lat": 35.0291792, "lng": 135.7679205}, "southwest": {"lat": 35.0174138, "lng": 135.7623687}}, "waypoint_order": [], "summary": "\u5bfa\u753a\u901a\u308a", "copyrights": "Map data \u00a92019", "legs": [{"distance": {"text": "2.2 km", "value": 2195}, "traffic_speed_entry": [], "end_address": "23 Ky\u014dtogyoen, Kamigy\u014d-ku, Kyoto, 602-0881, Japan", "via_waypoint": [], "start_address": "Saibansho mae, 4ch\u014dme, Nakagy\u014d-ku, Kyoto, 604-0974, Japan", "start_location": {"lat": 35.0174138, "lng": 135.7643103}, "steps": [{"html_instructions": "Head <b>east</b> on <b>\u4e38\u592a\u753a\u901a\u308a</b>/<wbr/><b>\u5e9c\u9053187\u53f7</b> toward <b>\u5bcc\u5c0f\u8def\u901a\u308a</b>", "distance": {"text": "0.3 km", "value": 271}, "travel_mode": "DRIVING", "start_location": {"lat": 35.0174138, "lng": 135.7643103}, "polyline": {"points": "yivtE}ms{XAkC?y@?a@?eA?iC?{C"}, "duration": {"text": "1 min", "value": 40}, "end_location": {"lat": 35.0174239, "lng": 135.7672912}}, {"html_instructions": "Turn <b>left</b> onto <b>\u5bfa\u753a\u901a\u308a</b>", "distance": {"text": "1.3 km", "value": 1311}, "travel_mode": "DRIVING", "maneuver": "turn-left", "start_location": {"lat": 35.0174239, "lng": 135.7672912}, "polyline": {"points": "{ivtEq`t{XAEW?KA[AW?S?S?w@AcAAe@?_BAu@Ai@?U?_@AwFIwBEuBEiACy@CA?Q?OAcBEeACG?qAEM?gBEO?IAwGSaDGg@AsBEGAECAAE?A?YC]?s@CY@"}, "duration": {"text": "3 mins", "value": 176}, "end_location": {"lat": 35.0291755, "lng": 135.7679205}}, {"html_instructions": "Turn <b>left</b> onto <b>\u4eca\u51fa\u5ddd\u901a\u30ea</b>/<wbr/><b>\u5e9c\u9053101\u53f7</b>", "distance": {"text": "0.5 km", "value": 506}, "travel_mode": "DRIVING", "maneuver": "turn-left", "start_location": {"lat": 35.0291755, "lng": 135.7679205}, "polyline": {"points": "ksxtEodt{X?B?x@?`A?dA@`B?t@?B?J@x@?r@?j@@^?B?X?D?B?@@dC?B?D@z@BlE?j@?z@?@"}, "duration": {"text": "1 min", "value": 70}, "end_location": {"lat": 35.0291073, "lng": 135.7623656}}, {"html_instructions": "Turn <b>left</b><div style=\"font-size:0.9em\">Partial restricted usage road</div>", "distance": {"text": "79 m", "value": 79}, "travel_mode": "DRIVING", "maneuver": "turn-left", "start_location": {"lat": 35.0291073, "lng": 135.7623656}, "polyline": {"points": "}rxtEyas{X^?nAA@c@"}, "duration": {"text": "1 min", "value": 20}, "end_location": {"lat": 35.0285444, "lng": 135.7625615}}, {"html_instructions": "Turn <b>right</b><div style=\"font-size:0.9em\">Restricted usage road</div>", "distance": {"text": "28 m", "value": 28}, "travel_mode": "DRIVING", "maneuver": "turn-right", "start_location": {"lat": 35.0285444, "lng": 135.7625615}, "polyline": {"points": "koxtE_cs{Xp@A"}, "duration": {"text": "1 min", "value": 10}, "end_location": {"lat": 35.0282924, "lng": 135.7625666}}], "duration": {"text": "5 mins", "value": 316}, "end_location": {"lat": 35.0282924, "lng": 135.7625666}}]}], "status": "OK", "geocoded_waypoints": [{"place_id": "ChIJ96APzIkIAWARDVlO5dsvgJQ", "geocoder_status": "OK", "types": ["establishment", "point_of_interest", "transit_station"]}, {"place_id": "ChIJh5ZvM2QIAWARvhzCoZXG_7I", "geocoder_status": "OK", "types": ["street_address"]}]}