{"routes": [{"overview_polyline": {"points": "yyutEgot{XfAA?_AAeBh@Eh@IXC|AOx@IAuAA_DAq@CmAK_@eAkCCg@o@C"}, "warnings": [], "bounds": {"northeast": {"lat": 35.0148505, "lng": 135.7736616}, "southwest": {"lat": 35.013192, "lng": 135.7696408}}, "waypoint_order": [], "summary": "\u6728\u5c4b\u753a\u901a\u308a and \u4e8c\u6761\u901a\u308a", "copyrights": "Map data \u00a92019", "legs": [{"distance": {"text": "0.6 km", "value": 571}, "traffic_speed_entry": [], "end_address": "207-12 Nanbach\u014d, Saky\u014d-ku, Kyoto, 606-8374, Japan", "via_waypoint": [], "start_address": "302 Hokodench\u014d, Nakagy\u014d-ku, Kyoto, 604-0902, Japan", "start_location": {"lat": 35.0148505, "lng": 135.7696408}, "steps": [{"html_instructions": "Head <b>south</b>", "distance": {"text": "40 m", "value": 40}, "travel_mode": "DRIVING", "start_location": {"lat": 35.0148505, "lng": 135.7696408}, "polyline": {"points": "yyutEgot{XfAA"}, "duration": {"text": "1 min", "value": 12}, "end_location": {"lat": 35.0144944, "lng": 135.7696468}}, {"html_instructions": "Turn <b>left</b> toward <b>\u6728\u5c4b\u753a\u901a\u308a</b>", "distance": {"text": "76 m", "value": 76}, "travel_mode": "DRIVING", "maneuver": "turn-left", "start_location": {"lat": 35.0144944, "lng": 135.7696468}, "polyline": {"points": "qwutEiot{X?_AAeB"}, "duration": {"text": "1 min", "value": 27}, "end_location": {"lat": 35.0144991, "lng": 135.77048}}, {"html_instructions": "Turn <b>right</b> onto <b>\u6728\u5c4b\u753a\u901a\u308a</b>", "distance": {"text": "0.1 km", "value": 147}, "travel_mode": "DRIVING", "maneuver": "turn-right", "start_location": {"lat": 35.0144991, "lng": 135.77048}, "polyline": {"points": "swutEott{Xh@E\\EJCLCJ?LAb@ENAZEf@EPC"}, "duration": {"text": "1 min", "value": 47}, "end_location": {"lat": 35.013192, "lng": 135.770711}}, {"html_instructions": "Turn <b>left</b> onto <b>\u4e8c\u6761\u901a\u308a</b>", "distance": {"text": "0.3 km", "value": 280}, "travel_mode": "DRIVING", "maneuver": "turn-left", "start_location": {"lat": 35.013192, "lng": 135.770711}, "polyline": {"points": "moutE}ut{X?cAAQ?[?[A_B?G?G?GA_@?AAc@?W?IAGAICKAACGISc@iAACUi@AKAC?E?Q"}, "duration": {"text": "1 min", "value": 76}, "end_location": {"lat": 35.0136677, "lng": 135.7736445}}, {"html_instructions": "Turn <b>left</b>", "distance": {"text": "28 m", "value": 28}, "travel_mode": "DRIVING", "maneuver": "turn-left", "start_location": {"lat": 35.0136677, "lng": 135.7736445}, "polyline": {"points": "mrutEghu{Xe@AGAA?"}, "duration": {"text": "1 min", "value": 7}, "end_location": {"lat": 35.01391460000001, "lng": 135.7736616}}], "duration": {"text": "3 mins", "value": 169}, "end_location": {"lat": 35.01391460000001, "lng": 135.7736616}}]}], "status": "OK", "geocoded_waypoints": [{"place_id": "ChIJA4A77IwIAWARs926Hj-gtKk", "geocoder_status": "OK", "types": ["street_address"]}, {"place_id": "ChIJE9qfefIIAWARbIPUZdoV24g", "geocoder_status": "OK", "types": ["premise"]}]}