{"routes": [{"overview_polyline": {"points": "yyvtEaor{XBtG?hG?XO?m@?G?OAcJ?kA?AlHCfBAzB?xEcA?oBC"}, "warnings": [], "bounds": {"northeast": {"lat": 35.0234848, "lng": 135.7593693}, "southwest": {"lat": 35.0199487, "lng": 135.7527917}}, "waypoint_order": [], "summary": "\u4e0b\u7acb\u58f2\u901a\u308a, \u65b0\u753a\u901a and \u4e0b\u9577\u8005\u753a\u901a\u308a", "copyrights": "Map data \u00a92019", "legs": [{"distance": {"text": "1.0 km", "value": 990}, "traffic_speed_entry": [], "end_address": "Japan, \u3012602-8063 Kyoto, Kamigy\u014d-ku, Hashimotoch\u014d, \u4e0a\u9577\u8005\u753a\u901a\u5800\u5ddd\u6771\u5165\uff14\uff11\u2212\uff17", "via_waypoint": [], "start_address": "9 Ky\u014dtogyoen, Kamigy\u014d-ku, Kyoto, 602-0881, Japan", "start_location": {"lat": 35.0199683, "lng": 135.7593693}, "steps": [{"html_instructions": "Head <b>west</b> on <b>\u4e0b\u7acb\u58f2\u901a\u308a</b> toward <b>\u70cf\u4e38\u901a\u308a</b>/<wbr/><b>\u56fd\u9053367\u53f7</b>", "distance": {"text": "0.3 km", "value": 260}, "travel_mode": "DRIVING", "start_location": {"lat": 35.0199683, "lng": 135.7593693}, "polyline": {"points": "yyvtEaor{X?P?t@@l@@~C@|CAjB?X"}, "duration": {"text": "1 min", "value": 51}, "end_location": {"lat": 35.0199487, "lng": 135.7565187}}, {"html_instructions": "Turn <b>right</b> onto <b>\u65b0\u753a\u901a</b>", "distance": {"text": "0.3 km", "value": 288}, "travel_mode": "DRIVING", "maneuver": "turn-right", "start_location": {"lat": 35.0199487, "lng": 135.7565187}, "polyline": {"points": "uyvtEg}q{XO?_@?M?A?E?A?EAC?C?G?G?c@?sA?g@?G?K@_DAkA?"}, "duration": {"text": "1 min", "value": 58}, "end_location": {"lat": 35.0225408, "lng": 135.7565304}}, {"html_instructions": "Turn <b>left</b> onto <b>\u4e0b\u9577\u8005\u753a\u901a\u308a</b>", "distance": {"text": "0.3 km", "value": 341}, "travel_mode": "DRIVING", "maneuver": "turn-left", "start_location": {"lat": 35.0225408, "lng": 135.7565304}, "polyline": {"points": "{iwtEi}q{XAlHAt@Ap@AV?Z?D?`A@jAAlC"}, "duration": {"text": "1 min", "value": 61}, "end_location": {"lat": 35.0225769, "lng": 135.7527917}}, {"html_instructions": "Turn <b>right</b><div style=\"font-size:0.9em\">Destination will be on the right</div>", "distance": {"text": "0.1 km", "value": 101}, "travel_mode": "DRIVING", "maneuver": "turn-right", "start_location": {"lat": 35.0225769, "lng": 135.7527917}, "polyline": {"points": "cjwtE}eq{X{@?G?W?i@Am@A"}, "duration": {"text": "1 min", "value": 30}, "end_location": {"lat": 35.0234848, "lng": 135.7528057}}], "duration": {"text": "3 mins", "value": 200}, "end_location": {"lat": 35.0234848, "lng": 135.7528057}}]}], "status": "OK", "geocoded_waypoints": [{"place_id": "ChIJPdK6KX0IAWARvpRBhIwxv-8", "geocoder_status": "OK", "types": ["premise"]}, {"place_id": "ChIJL7KNxXcIAWARUj2CQTWtYSY", "geocoder_status": "OK", "types": ["premise"]}]}