{"routes": [{"overview_polyline": {"points": "{ivtEo|s{XAgCEwCOcEwEa@aE[mAIg@AeB?wEVmCRkMC"}, "warnings": [], "bounds": {"northeast": {"lat": 35.0247812, "lng": 135.7694316}, "southwest": {"lat": 35.0174244, "lng": 135.7666429}}, "waypoint_order": [], "summary": "\u6cb3\u539f\u753a\u901a\u308a/\u5e9c\u905332\u53f7", "copyrights": "Map data \u00a92019", "legs": [{"distance": {"text": "1.0 km", "value": 1029}, "traffic_speed_entry": [], "end_address": "427 Kyukencho, Kamigyo Ward, Kyoto, 602-0851, Japan", "via_waypoint": [], "start_address": "Japan, \u3012604-0981 Kyoto, Nakagyo Ward, Unnamed Road", "start_location": {"lat": 35.0174244, "lng": 135.7666429}, "steps": [{"html_instructions": "Head <b>east</b> on <b>\u4e38\u592a\u753a\u901a\u308a</b>/<wbr/><b>\u5e9c\u9053187\u53f7</b> toward <b>\u5bfa\u753a\u901a\u308a</b>", "distance": {"text": "0.2 km", "value": 221}, "travel_mode": "DRIVING", "start_location": {"lat": 35.0174244, "lng": 135.7666429}, "polyline": {"points": "{ivtEo|s{X?aCAECeBAq@AEEaBAKEoA"}, "duration": {"text": "1 min", "value": 52}, "end_location": {"lat": 35.0175407, "lng": 135.7690624}}, {"html_instructions": "Turn <b>left</b> at <b>\u6cb3\u539f\u753a\u4e38\u592a\u753a\uff08\u4ea4\u5dee\u70b9\uff09</b> onto <b>\u6cb3\u539f\u753a\u901a\u308a</b>/<wbr/><b>\u5e9c\u905332\u53f7</b><div style=\"font-size:0.9em\">Destination will be on the right</div>", "distance": {"text": "0.8 km", "value": 808}, "travel_mode": "DRIVING", "maneuver": "turn-left", "start_location": {"lat": 35.0175407, "lng": 135.7690624}, "polyline": {"points": "sjvtEskt{X_BKaAMo@EEAuAK_@Eg@Cc@E}@IO?SAS?w@AW?M@G?_@@_@BgAFoAHgAJg@DM@O?K?yC?A?uBAS?s@?y@?k@A"}, "duration": {"text": "2 mins", "value": 120}, "end_location": {"lat": 35.0247812, "lng": 135.7692279}}], "duration": {"text": "3 mins", "value": 172}, "end_location": {"lat": 35.0247812, "lng": 135.7692279}}]}], "status": "OK", "geocoded_waypoints": [{"place_id": "ChIJEf8VLIoIAWARZmweeFvKqcU", "geocoder_status": "OK", "types": ["establishment", "gym", "health", "point_of_interest"]}, {"place_id": "ChIJkwHD02AIAWARrBEIOtwKpos", "geocoder_status": "OK", "types": ["establishment", "point_of_interest", "school"]}]}