{"routes": [{"overview_polyline": {"points": "ybwtEynq{XnGDN??E?[@aBB_@DS?_B?yC?YGG?Y?iGCmE?u@K?g@?qEAuL@{HCmKCkGAWG]?o@?e@?@{DC}DCsEIcSA}BAwCbBArEGvKId@?"}, "warnings": [], "bounds": {"northeast": {"lat": 35.029179, "lng": 135.7670264}, "southwest": {"lat": 35.0199052, "lng": 135.7541786}}, "waypoint_order": [], "summary": "\u70cf\u4e38\u901a\u308a/\u56fd\u9053367\u53f7 and \u4eca\u51fa\u5ddd\u901a\u30ea/\u5e9c\u9053101\u53f7", "copyrights": "Map data \u00a92019", "legs": [{"distance": {"text": "2.8 km", "value": 2753}, "traffic_speed_entry": [], "end_address": "23 Kyotogyoen, Kamigyo Ward, Kyoto, 602-0881, Japan", "via_waypoint": [], "start_address": "94 Ch\u014djiburoch\u014d, Kamigy\u014d-ku, Kyoto, 602-8054, Japan", "start_location": {"lat": 35.0214138, "lng": 135.7542124}, "steps": [{"html_instructions": "Head <b>south</b> on <b>\u5c0f\u5ddd\u901a\u308a</b> toward <b>\u51fa\u6c34\u901a\u308a</b>", "distance": {"text": "0.2 km", "value": 160}, "travel_mode": "DRIVING", "start_location": {"lat": 35.0214138, "lng": 135.7542124}, "polyline": {"points": "ybwtEynq{Xh@?J?lBBjB@N?"}, "duration": {"text": "1 min", "value": 46}, "end_location": {"lat": 35.0199727, "lng": 135.7541786}}, {"html_instructions": "Turn <b>left</b> onto <b>\u4e0b\u7acb\u58f2\u901a\u308a</b>", "distance": {"text": "0.5 km", "value": 467}, "travel_mode": "DRIVING", "maneuver": "turn-left", "start_location": {"lat": 35.0199727, "lng": 135.7541786}, "polyline": {"points": "yyvtEsnq{X?E?K?O?w@?U@I?I?KBS@IBI?E?e@?Y?Y?W@a@?}@Aa@?M?KGG?Y@kBA}CA_DAm@?u@"}, "duration": {"text": "2 mins", "value": 110}, "end_location": {"lat": 35.0199669, "lng": 135.7592756}}, {"html_instructions": "Turn <b>left</b> at <b>\u70cf\u4e38\u4e0b\u7acb\u58f2\uff08\u4ea4\u5dee\u70b9\uff09</b> onto <b>\u70cf\u4e38\u901a\u308a</b>/<wbr/><b>\u56fd\u9053367\u53f7</b>", "distance": {"text": "1.0 km", "value": 1015}, "travel_mode": "DRIVING", "maneuver": "turn-left", "start_location": {"lat": 35.0199669, "lng": 135.7592756}, "polyline": {"points": "yyvtEonr{XK?a@?E?]?cCAa@?M?uB?iC@_C?u@?aAAcD?K?iAA}AAwCAqA?eA?yAAwB?a@?W?WG]?Q?]?C?A?_@@"}, "duration": {"text": "3 mins", "value": 163}, "end_location": {"lat": 35.0290845, "lng": 135.7593561}}, {"html_instructions": "Turn <b>right</b> at <b>\u70cf\u4e38\u4eca\u51fa\u5ddd\uff08\u4ea4\u5dee\u70b9\uff09</b> onto <b>\u4eca\u51fa\u5ddd\u901a\u30ea</b>/<wbr/><b>\u5e9c\u9053101\u53f7</b> (signs for <b>Hyakumanben</b>)", "distance": {"text": "0.7 km", "value": 690}, "travel_mode": "DRIVING", "maneuver": "turn-right", "start_location": {"lat": 35.0290845, "lng": 135.7593561}, "polyline": {"points": "wrxtE_or{X?A?eB@y@?G?S?i@?EAa@AkB?k@?g@Ag@?A?A?i@Ai@?I?A?{@?k@CmEA{@?E?CAeC?A?C?E?Y?CA_@?k@?s@Ay@?K?C?u@AaB"}, "duration": {"text": "2 mins", "value": 101}, "end_location": {"lat": 35.029179, "lng": 135.7669315}}, {"html_instructions": "Turn <b>right</b>", "distance": {"text": "0.4 km", "value": 421}, "travel_mode": "DRIVING", "maneuver": "turn-right", "start_location": {"lat": 35.029179, "lng": 135.7669315}, "polyline": {"points": "ksxtEi~s{XL?tAAp@A~BCVAH?n@A`AAhDAzBC`@?B?"}, "duration": {"text": "1 min", "value": 66}, "end_location": {"lat": 35.0253933, "lng": 135.7670264}}], "duration": {"text": "8 mins", "value": 486}, "end_location": {"lat": 35.0253933, "lng": 135.7670264}}]}], "status": "OK", "geocoded_waypoints": [{"place_id": "ChIJITbUtHkIAWARHqF15Cu71tY", "geocoder_status": "OK", "types": ["street_address"]}, {"place_id": "ChIJn5S8rmUIAWARR-y1OozBL_A", "geocoder_status": "OK", "types": ["establishment", "point_of_interest", "tourist_attraction"]}]}