{"routes": [{"overview_polyline": {"points": "c_wtEsaq{XfDA?N?F@Z|@?`EA`FBf@??Q?O?wLEuG@aI?}CrE?zDCzAA~FG?ET?x@@nDDN??F@vC?x@"}, "warnings": [], "bounds": {"northeast": {"lat": 35.0208227, "lng": 135.7581001}, "southwest": {"lat": 35.0122666, "lng": 135.7518446}}, "waypoint_order": [], "summary": "\u4e38\u592a\u753a\u901a\u308a/\u5e9c\u9053187\u53f7 and \u5ba4\u753a\u901a\u308a", "copyrights": "Map data \u00a92019", "legs": [{"distance": {"text": "1.6 km", "value": 1637}, "traffic_speed_entry": [], "end_address": "208-1 Kamimy\u014dkakujich\u014d, Nakagy\u014d-ku, Kyoto, 604-0025, Japan", "via_waypoint": [], "start_address": "Japan, \u3012602-8045 Kyoto, Kamigy\u014d-ku, Yonch\u014dme, \u6771\u5800\u5ddd\u901a\u51fa\u6c34\u4e0b\u308b\u2212\uff11\uff19\uff15", "start_location": {"lat": 35.0208227, "lng": 135.7520986}, "steps": [{"html_instructions": "Head <b>south</b> on <b>\u6771\u5800\u5ddd\u901a</b> toward <b>\u4e0b\u7acb\u58f2\u901a\u308a</b>", "distance": {"text": "93 m", "value": 93}, "travel_mode": "DRIVING", "start_location": {"lat": 35.0208227, "lng": 135.7520986}, "polyline": {"points": "c_wtEsaq{XfDA"}, "duration": {"text": "1 min", "value": 24}, "end_location": {"lat": 35.019982, "lng": 135.7521072}}, {"html_instructions": "Turn <b>right</b> onto <b>\u4e0b\u7acb\u58f2\u901a\u308a</b>", "distance": {"text": "23 m", "value": 23}, "travel_mode": "DRIVING", "maneuver": "turn-right", "start_location": {"lat": 35.019982, "lng": 135.7521072}, "polyline": {"points": "{yvtEuaq{X?N?@?D?H@P"}, "duration": {"text": "1 min", "value": 16}, "end_location": {"lat": 35.0199744, "lng": 135.7518516}}, {"html_instructions": "Turn <b>left</b> at <b>\u5800\u5ddd\u4e0b\u7acb\u58f2\uff08\u4ea4\u5dee\u70b9\uff09</b> onto <b>\u5800\u5ddd\u901a\u308a</b>/<wbr/><b>\u978d\u99ac\u8857\u9053</b>/<wbr/><b>\u5e9c\u905338\u53f7</b>", "distance": {"text": "0.3 km", "value": 291}, "travel_mode": "DRIVING", "maneuver": "turn-left", "start_location": {"lat": 35.0199744, "lng": 135.7518516}, "polyline": {"points": "yyvtEa`q{XR?h@?j@?L?~B?FAnC?P@B?z@@f@?"}, "duration": {"text": "1 min", "value": 45}, "end_location": {"lat": 35.0173572, "lng": 135.751845}}, {"html_instructions": "Turn <b>left</b> at <b>\u5800\u5ddd\u4e38\u592a\u753a\uff08\u4ea4\u5dee\u70b9\uff09</b> onto <b>\u4e38\u592a\u753a\u901a\u308a</b>/<wbr/><b>\u5e9c\u9053187\u53f7</b> (signs for <b>Okazaki</b>/<wbr/><b>Gion</b>)", "distance": {"text": "0.6 km", "value": 561}, "travel_mode": "DRIVING", "maneuver": "turn-left", "start_location": {"lat": 35.0173572, "lng": 135.751845}, "polyline": {"points": "oivtE_`q{X?Q?G?G?S?aE?_A?aD?qCAMAyAA[?Y?I?uC@gC?}C"}, "duration": {"text": "2 mins", "value": 104}, "end_location": {"lat": 35.0173797, "lng": 135.7579999}}, {"html_instructions": "Turn <b>right</b> onto <b>\u5ba4\u753a\u901a\u308a</b>", "distance": {"text": "0.6 km", "value": 570}, "travel_mode": "DRIVING", "maneuver": "turn-right", "start_location": {"lat": 35.0173797, "lng": 135.7579999}, "polyline": {"points": "sivtEofr{XrE?N?jDCfA?J?FADAL?^?P?NAvCAJ?DA?ET?j@@L?^?~@Bx@@T?N?"}, "duration": {"text": "2 mins", "value": 130}, "end_location": {"lat": 35.0122788, "lng": 135.7580571}}, {"html_instructions": "Turn <b>right</b> onto <b>\u62bc\u5c0f\u8def\u901a\u308a</b><div style=\"font-size:0.9em\">Destination will be on the right</div>", "distance": {"text": "0.1 km", "value": 99}, "travel_mode": "DRIVING", "maneuver": "turn-right", "start_location": {"lat": 35.0122788, "lng": 135.7580571}, "polyline": {"points": "wiutE{fr{X?F@vB?^?x@"}, "duration": {"text": "1 min", "value": 39}, "end_location": {"lat": 35.0122666, "lng": 135.756966}}], "duration": {"text": "6 mins", "value": 358}, "end_location": {"lat": 35.0122666, "lng": 135.756966}}]}], "status": "OK", "geocoded_waypoints": [{"place_id": "ChIJx5ifCXgIAWARLrL1Z6toANA", "geocoder_status": "OK", "types": ["street_address"]}, {"place_id": "ChIJvc5104YIAWAR2aar_wvrQuk", "geocoder_status": "OK", "types": ["street_address"]}]}