{"routes": [{"overview_polyline": {"points": "ehutEmhu{XKHsBb@w@JONYF}@BIBn@fBH^?`@{D?{EFu@J_CBgFDsSJiC?s@@a@A?Q?eA"}, "warnings": [], "bounds": {"northeast": {"lat": 35.0217612, "lng": 135.7736658}, "southwest": {"lat": 35.0120323, "lng": 135.7721541}}, "waypoint_order": [], "summary": "\u5ddd\u7aef\u901a\u308a", "copyrights": "Map data \u00a92019", "legs": [{"distance": {"text": "1.2 km", "value": 1250}, "traffic_speed_entry": [], "end_address": "45-3 Yoshidashimoadachich\u014d, Saky\u014d-ku, Kyoto, 606-8304, Japan", "via_waypoint": [], "start_address": "Japan, \u3012606-8376 Kyoto, Saky\u014d-ku, \u014ckikuch\u014d, \u4ec1\u738b\u9580\u901a\u65b0\u9ea9\u5c4b\u753a\u897f\u5165\uff11\uff10\uff14", "start_location": {"lat": 35.0120323, "lng": 135.7736658}, "steps": [{"html_instructions": "Head <b>north</b> toward <b>\u4e8c\u6761\u901a\u308a</b>", "distance": {"text": "0.2 km", "value": 175}, "travel_mode": "DRIVING", "start_location": {"lat": 35.0120323, "lng": 135.7736658}, "polyline": {"points": "ehutEmhu{XA@CBA@C@k@Lm@NMBK@G@I@E@E?G?G@E@C@C@CBCBCDC@G@E@G@a@@W@A?A?C@A?A@A?A@"}, "duration": {"text": "1 min", "value": 48}, "end_location": {"lat": 35.0135313, "lng": 135.7732109}}, {"html_instructions": "Turn <b>left</b> onto <b>\u4e8c\u6761\u901a\u308a</b>", "distance": {"text": "85 m", "value": 85}, "travel_mode": "DRIVING", "maneuver": "turn-left", "start_location": {"lat": 35.0135313, "lng": 135.7732109}, "polyline": {"points": "qqutEqeu{Xb@hAHRBF@@BJ@H@F?H?V"}, "duration": {"text": "1 min", "value": 35}, "end_location": {"lat": 35.0132257, "lng": 135.7723744}}, {"html_instructions": "Turn <b>right</b> at <b>\u5ddd\u7aef\u4e8c\u6761\uff08\u4ea4\u5dee\u70b9\uff09</b> onto <b>\u5ddd\u7aef\u901a\u308a</b>", "distance": {"text": "0.9 km", "value": 949}, "travel_mode": "DRIVING", "maneuver": "turn-right", "start_location": {"lat": 35.0132257, "lng": 135.7723744}, "polyline": {"points": "uoutEi`u{X_BA{A@cA@eA@S@}@@C@QBQBM@E?c@@U?_A@m@?k@@M?[?q@@E?[?O@k@?g@?]@wA?y@@S?kB@c@@c@?S?c@@c@?c@?K?{@@cA?G?Q?k@?U?]@a@A"}, "duration": {"text": "3 mins", "value": 196}, "end_location": {"lat": 35.0217582, "lng": 135.7721553}}, {"html_instructions": "Turn <b>right</b> at <b>\u8352\u795e\u6a4b\u6771\u8a70\uff08\u4ea4\u5dee\u70b9\uff09</b> onto <b>\u8fd1\u885b\u901a\u308a</b><div style=\"font-size:0.9em\">Destination will be on the left</div>", "distance": {"text": "41 m", "value": 41}, "travel_mode": "DRIVING", "maneuver": "turn-right", "start_location": {"lat": 35.0217582, "lng": 135.7721553}, "polyline": {"points": "_ewtE__u{X?Q?eA"}, "duration": {"text": "1 min", "value": 14}, "end_location": {"lat": 35.0217612, "lng": 135.7726041}}], "duration": {"text": "5 mins", "value": 293}, "end_location": {"lat": 35.0217612, "lng": 135.7726041}}]}], "status": "OK", "geocoded_waypoints": [{"place_id": "ChIJ6XEwqe0IAWARKSGC69yoafA", "geocoder_status": "OK", "types": ["premise"]}, {"place_id": "ChIJxZCvY_UIAWARwoYQROtbWAU", "geocoder_status": "OK", "types": ["premise"]}]}