{"routes": [{"overview_polyline": {"points": "ymwtEonr{XmRGiJAy@?WG]?o@?E?_@?@_D?kACaFCkCGcOCaFAmJD_JBeCFuAZkH@Y@Sb@?~ADjCD`ILzBBDkEDgC`BI|DQ~CMLd@Rp@^hAn@~BPx@"}, "warnings": [], "bounds": {"northeast": {"lat": 35.0291755, "lng": 135.7742736}, "southwest": {"lat": 35.0223796, "lng": 135.759281}}, "waypoint_order": [], "summary": "\u4eca\u51fa\u5ddd\u901a\u30ea/\u5e9c\u9053101\u53f7", "copyrights": "Map data \u00a92019", "legs": [{"distance": {"text": "2.8 km", "value": 2837}, "traffic_speed_entry": [], "end_address": "45 Yoshidashimoadachich\u014d, Saky\u014d-ku, Kyoto, 606-8304, Japan", "via_waypoint": [], "start_address": "605 Tatsumaecho, Kamigy\u014d-ku, Kyoto, 602-0912, Japan", "start_location": {"lat": 35.0231662, "lng": 135.759281}, "steps": [{"html_instructions": "Head <b>north</b> on <b>\u70cf\u4e38\u901a\u308a</b>/<wbr/><b>\u56fd\u9053367\u53f7</b> toward <b>\u4e0a\u9577\u8005\u753a\u901a\u308a</b>", "distance": {"text": "0.7 km", "value": 659}, "travel_mode": "DRIVING", "start_location": {"lat": 35.0231662, "lng": 135.759281}, "polyline": {"points": "ymwtEonr{XE?u@?aAAcD?K?iAA}AAwCAqA?eA?yAAwB?a@?W?WG]?Q?]?C?A?_@@"}, "duration": {"text": "2 mins", "value": 103}, "end_location": {"lat": 35.0290845, "lng": 135.7593561}}, {"html_instructions": "Turn <b>right</b> at <b>\u70cf\u4e38\u4eca\u51fa\u5ddd\uff08\u4ea4\u5dee\u70b9\uff09</b> onto <b>\u4eca\u51fa\u5ddd\u901a\u30ea</b>/<wbr/><b>\u5e9c\u9053101\u53f7</b> (signs for <b>Hyakumanben</b>)", "distance": {"text": "1.2 km", "value": 1190}, "travel_mode": "DRIVING", "maneuver": "turn-right", "start_location": {"lat": 35.0290845, "lng": 135.7593561}, "polyline": {"points": "wrxtE_or{X?A?eB@y@?G?S?i@?EAa@AkB?k@?g@Ag@?A?A?i@Ai@?I?A?{@?k@CmEA{@?E?CAeC?A?C?E?Y?CA_@?k@?s@Ay@?K?C?u@AaB?eA?aA?y@?C@gA?m@?Y?u@@c@?s@?C@}@?}@@Y?U@W@MBq@@M?GBa@@W?E@ELsCBi@?Q@U@K?M"}, "duration": {"text": "4 mins", "value": 228}, "end_location": {"lat": 35.0289354, "lng": 135.7724102}}, {"html_instructions": "Turn <b>right</b> onto <b>\u5ddd\u7aef\u901a\u308a</b> (signs for <b>Kawabataoike</b>)", "distance": {"text": "0.4 km", "value": 408}, "travel_mode": "DRIVING", "maneuver": "turn-right", "start_location": {"lat": 35.0289354, "lng": 135.7724102}, "polyline": {"points": "{qxtEq`u{X@Sb@?p@@l@BL?|BDfBB`A@j@@jBDzBB"}, "duration": {"text": "1 min", "value": 55}, "end_location": {"lat": 35.0253432, "lng": 135.7723583}}, {"html_instructions": "Turn <b>left</b> at <b>\u5ddd\u7aef\u6771\u4e00\u6761\uff08\u4ea4\u5dee\u70b9\uff09</b> onto <b>\u6771\u4e00\u6761\u901a\u308a</b>", "distance": {"text": "0.2 km", "value": 153}, "travel_mode": "DRIVING", "maneuver": "turn-left", "start_location": {"lat": 35.0253432, "lng": 135.7723583}, "polyline": {"points": "k{wtEg`u{XDkEDaC"}, "duration": {"text": "1 min", "value": 33}, "end_location": {"lat": 35.025283, "lng": 135.7740317}}, {"html_instructions": "Turn <b>right</b>", "distance": {"text": "0.3 km", "value": 252}, "travel_mode": "DRIVING", "maneuver": "turn-right", "start_location": {"lat": 35.025283, "lng": 135.7740317}, "polyline": {"points": "_{wtEuju{X?EF?D?JAfAGfCKt@E~CM"}, "duration": {"text": "1 min", "value": 80}, "end_location": {"lat": 35.0230411, "lng": 135.7742736}}, {"html_instructions": "Turn <b>right</b><div style=\"font-size:0.9em\">Destination will be on the left</div>", "distance": {"text": "0.2 km", "value": 175}, "travel_mode": "DRIVING", "maneuver": "turn-right", "start_location": {"lat": 35.0230411, "lng": 135.7742736}, "polyline": {"points": "_mwtEelu{XLd@JZFTBFZ`ABHFRRn@Np@FVDN@F@F?@"}, "duration": {"text": "1 min", "value": 42}, "end_location": {"lat": 35.0223796, "lng": 135.7725308}}], "duration": {"text": "9 mins", "value": 541}, "end_location": {"lat": 35.0223796, "lng": 135.7725308}}]}], "status": "OK", "geocoded_waypoints": [{"place_id": "ChIJW1X6WXoIAWARiM3JdFV6xVw", "geocoder_status": "OK", "types": ["street_address"]}, {"place_id": "ChIJKWnAiV8IAWARwcSiHItcECc", "geocoder_status": "OK", "types": ["premise"]}]}