{"routes": [{"overview_polyline": {"points": "sbvtEq`t{XeEAa@@?zC?nE@nM?jI@tIFpAg@Hi@@aGBcF@iEAcC?iC@AnCAbBBrBB|DGlL@nDiH?{D?AqA?a@hA?"}, "warnings": [], "bounds": {"northeast": {"lat": 35.0250107, "lng": 135.7672985}, "southwest": {"lat": 35.0162608, "lng": 135.7535017}}, "waypoint_order": [], "summary": "\u4e38\u592a\u753a\u901a\u308a/\u5e9c\u9053187\u53f7", "copyrights": "Map data \u00a92019", "legs": [{"distance": {"text": "2.3 km", "value": 2321}, "traffic_speed_entry": [], "end_address": "110 Kainokamicho, Kamigyo Ward, Kyoto, 602-8061, Japan", "via_waypoint": [], "start_address": "Japan, \u3012604-0991 Kyoto, Nakagyo Ward, Gyoganji Monzencho, \uff11\uff17 \u5bfa\u753a\u901a\u7af9\u5c4b\u753a, \u4e0a\u30eb", "start_location": {"lat": 35.0162608, "lng": 135.7672927}, "steps": [{"html_instructions": "Head <b>north</b> on <b>\u5bfa\u753a\u901a\u308a</b> toward <b>\u4e38\u592a\u753a\u901a\u308a</b>/<wbr/><b>\u5e9c\u9053187\u53f7</b>", "distance": {"text": "0.1 km", "value": 129}, "travel_mode": "DRIVING", "start_location": {"lat": 35.0162608, "lng": 135.7672927}, "polyline": {"points": "sbvtEq`t{XwAAuA?I@MAa@@"}, "duration": {"text": "1 min", "value": 36}, "end_location": {"lat": 35.0174239, "lng": 135.7672912}}, {"html_instructions": "Turn <b>left</b> onto <b>\u4e38\u592a\u753a\u901a\u308a</b>/<wbr/><b>\u5e9c\u9053187\u53f7</b>", "distance": {"text": "0.7 km", "value": 707}, "travel_mode": "DRIVING", "maneuver": "turn-left", "start_location": {"lat": 35.0174239, "lng": 135.7672912}, "polyline": {"points": "{ivtEq`t{X?zC?hC?dA?`@?x@@~E?rC?|B?Z?xC?V?N@d@?D?fAAd@@fB?t@?L@H?NBV"}, "duration": {"text": "2 mins", "value": 137}, "end_location": {"lat": 35.0173746, "lng": 135.7595257}}, {"html_instructions": "Turn <b>right</b> at <b>\u70cf\u4e38\u4e38\u592a\u753a\uff08\u4ea4\u5dee\u70b9\uff09</b> onto <b>\u70cf\u4e38\u901a\u308a</b>/<wbr/><b>\u56fd\u9053367\u53f7</b> (signs for <b>Karasumakitaoji</b>)", "distance": {"text": "0.6 km", "value": 593}, "travel_mode": "DRIVING", "maneuver": "turn-right", "start_location": {"lat": 35.0173746, "lng": 135.7595257}, "polyline": {"points": "qivtEapr{X@^a@FE@Q@W?[?s@@oB@aA?w@@}B?K?a@?E?]?cCAa@?M?uB?iC@"}, "duration": {"text": "1 min", "value": 87}, "end_location": {"lat": 35.0225626, "lng": 135.7592819}}, {"html_instructions": "Turn <b>left</b> at <b>\u70cf\u4e38\u4e0b\u9577\u8005\u753a\uff08\u4ea4\u5dee\u70b9\uff09</b> onto <b>\u4e0b\u9577\u8005\u753a\u901a\u308a</b>", "distance": {"text": "0.5 km", "value": 527}, "travel_mode": "DRIVING", "maneuver": "turn-left", "start_location": {"lat": 35.0225626, "lng": 135.7592819}, "polyline": {"points": "_jwtEonr{XAnC?v@Aj@?NBbB@v@@`B?Z?FAlHAt@Ap@AV?Z?D?`A@jA"}, "duration": {"text": "1 min", "value": 88}, "end_location": {"lat": 35.0225723, "lng": 135.7535017}}, {"html_instructions": "Turn <b>right</b> onto <b>\u6cb9\u5c0f\u8def\u901a\u308a</b>", "distance": {"text": "0.3 km", "value": 270}, "travel_mode": "DRIVING", "maneuver": "turn-right", "start_location": {"lat": 35.0225723, "lng": 135.7535017}, "polyline": {"points": "ajwtEkjq{XaCAy@?y@@s@?{D?"}, "duration": {"text": "1 min", "value": 69}, "end_location": {"lat": 35.0250043, "lng": 135.7535033}}, {"html_instructions": "Turn <b>right</b> onto <b>\u4e2d\u7acb\u58f2\u901a\u308a</b>", "distance": {"text": "53 m", "value": 53}, "travel_mode": "DRIVING", "maneuver": "turn-right", "start_location": {"lat": 35.0250043, "lng": 135.7535033}, "polyline": {"points": "gywtEkjq{XAqA?a@"}, "duration": {"text": "1 min", "value": 26}, "end_location": {"lat": 35.0250107, "lng": 135.7540835}}, {"html_instructions": "Turn <b>right</b><div style=\"font-size:0.9em\">Restricted usage road</div>", "distance": {"text": "42 m", "value": 42}, "travel_mode": "DRIVING", "maneuver": "turn-right", "start_location": {"lat": 35.0250107, "lng": 135.7540835}, "polyline": {"points": "iywtE_nq{XhA?"}, "duration": {"text": "1 min", "value": 25}, "end_location": {"lat": 35.0246365, "lng": 135.754077}}], "duration": {"text": "8 mins", "value": 468}, "end_location": {"lat": 35.0246365, "lng": 135.754077}}]}], "status": "OK", "geocoded_waypoints": [{"place_id": "ChIJq6o-lYsIAWAROkIUYYl8shc", "geocoder_status": "OK", "types": ["establishment", "place_of_worship", "point_of_interest"]}, {"place_id": "ChIJIVjLsncIAWAR_JayxfdAxao", "geocoder_status": "OK", "types": ["establishment", "point_of_interest", "store"]}]}