{"routes": [{"overview_polyline": {"points": "q}wtEgfr{XxB@F??e@AgF?OjF@pA@~@ApF?hG?tMAbBC\\Al@WCg@CuD?wJAy\\IcDGmBIgECwB@qC?_E@aJFeG`DLp@B"}, "warnings": [], "bounds": {"northeast": {"lat": 35.0256868, "lng": 135.7750293}, "southwest": {"lat": 35.016456, "lng": 135.7579513}}, "waypoint_order": [], "summary": "\u70cf\u4e38\u901a\u308a/\u56fd\u9053367\u53f7 and \u4e38\u592a\u753a\u901a\u308a/\u5e9c\u9053187\u53f7", "copyrights": "Map data \u00a92019", "legs": [{"distance": {"text": "2.6 km", "value": 2589}, "traffic_speed_entry": [], "end_address": "46-4 Sh\u014dgoin Rengez\u014dch\u014d, Saky\u014d-ku, Kyoto, 606-8357, Japan", "via_waypoint": [], "start_address": "424 Kusuriyach\u014d, Kamigy\u014d-ku, Kyoto, 602-0918, Japan", "start_location": {"lat": 35.0256868, "lng": 135.7579553}, "steps": [{"html_instructions": "Head <b>south</b> on <b>\u5ba4\u753a\u901a\u308a</b> toward <b>\u4e2d\u7acb\u58f2\u901a\u308a</b>", "distance": {"text": "72 m", "value": 72}, "travel_mode": "DRIVING", "start_location": {"lat": 35.0256868, "lng": 135.7579553}, "polyline": {"points": "q}wtEgfr{XrA@d@?F?"}, "duration": {"text": "1 min", "value": 16}, "end_location": {"lat": 35.0250401, "lng": 135.757952}}, {"html_instructions": "Turn <b>left</b> onto <b>\u4e2d\u7acb\u58f2\u901a\u308a</b>", "distance": {"text": "0.1 km", "value": 122}, "travel_mode": "DRIVING", "maneuver": "turn-left", "start_location": {"lat": 35.0250401, "lng": 135.757952}, "polyline": {"points": "oywtEefr{X?e@AgD?_A"}, "duration": {"text": "1 min", "value": 37}, "end_location": {"lat": 35.0250476, "lng": 135.7592953}}, {"html_instructions": "Turn <b>right</b> onto <b>\u70cf\u4e38\u901a\u308a</b>/<wbr/><b>\u56fd\u9053367\u53f7</b>", "distance": {"text": "0.9 km", "value": 863}, "travel_mode": "DRIVING", "maneuver": "turn-right", "start_location": {"lat": 35.0250476, "lng": 135.7592953}, "polyline": {"points": "qywtEsnr{X?OjF@L@bA?l@AP?B?vA?V?|B?J?~@?p@?B?t@?B?~@?L?tB?F?xA?n@?fA?^?DA~A?F?HAf@?h@AL?D?B?DABAh@U"}, "duration": {"text": "2 mins", "value": 134}, "end_location": {"lat": 35.0173746, "lng": 135.7595257}}, {"html_instructions": "Turn <b>left</b> at <b>\u70cf\u4e38\u4e38\u592a\u753a\uff08\u4ea4\u5dee\u70b9\uff09</b> onto <b>\u4e38\u592a\u753a\u901a\u308a</b>/<wbr/><b>\u5e9c\u9053187\u53f7</b> (signs for <b>\u7947\u5712</b>/<wbr/><b>\u5ca1\u5d0e</b>/<wbr/><b>\u4eac\u90fd\u5e9c\u9053187\u53f7</b>/<wbr/><b>\u5e73\u5b89\u795e\u5bae</b>)", "distance": {"text": "1.4 km", "value": 1412}, "travel_mode": "DRIVING", "maneuver": "turn-left", "start_location": {"lat": 35.0173746, "lng": 135.7595257}, "polyline": {"points": "qivtEapr{XCW?OAI?M?u@AgB@e@?gA?EAe@?O?W?yC?[?}B?sCA_F?y@?a@?eA?iC?{CAECeBAq@AEEaBAKEoACwBAg@A}@?K?E@eB?Q?O?I?E?E?Q?G?G@s@AsA?I?I?G@c@?SAgB?[@kB?g@BsB?SB{B"}, "duration": {"text": "4 mins", "value": 259}, "end_location": {"lat": 35.0175207, "lng": 135.7750199}}, {"html_instructions": "Turn <b>right</b>", "distance": {"text": "0.1 km", "value": 120}, "travel_mode": "DRIVING", "maneuver": "turn-right", "start_location": {"lat": 35.0175207, "lng": 135.7750199}, "polyline": {"points": "ojvtE{pu{X?AZ@z@DX?n@Dp@B"}, "duration": {"text": "1 min", "value": 54}, "end_location": {"lat": 35.016456, "lng": 135.7749445}}], "duration": {"text": "8 mins", "value": 500}, "end_location": {"lat": 35.016456, "lng": 135.7749445}}]}], "status": "OK", "geocoded_waypoints": [{"place_id": "ChIJn0jc63AIAWAROP7G7fYHEBs", "geocoder_status": "OK", "types": ["street_address"]}, {"place_id": "ChIJh0FyM_IIAWARJDdLh7DtzYU", "geocoder_status": "OK", "types": ["premise"]}]}