{"routes": [{"overview_polyline": {"points": "{ivtEw}s{X@ve@BtDBf@@^a@FWBs@?}GDcKA_G@AfEBvE?rLEzC~GDhCB"}, "warnings": [], "bounds": {"northeast": {"lat": 35.0225789, "lng": 135.7668371}, "southwest": {"lat": 35.0173628, "lng": 135.7541908}}, "waypoint_order": [], "summary": "\u4e38\u592a\u753a\u901a\u308a/\u5e9c\u9053187\u53f7 and \u70cf\u4e38\u901a\u308a/\u56fd\u9053367\u53f7", "copyrights": "Map data \u00a92019", "legs": [{"distance": {"text": "2.0 km", "value": 1956}, "traffic_speed_entry": [], "end_address": "Japan, \u3012602-8047 Kyoto, Kamigy\u014d-ku, Kanbeech\u014d, \uff11\uff12\uff10\u2212\uff12 \u304d\u3087\u3046\u3068\u7559\u5b66\u751f\u30aa\u30ea\u30a8\u30f3\u30c6\u30fc\u30b7\u30e7\u30f3\u30bb\u30f3\u30bf\u30fc\u3055\u3064\u304d\u5bee", "via_waypoint": [], "start_address": "Japan, \u3012604-0996 Kyoto, Nakagy\u014d-ku, Ishiyach\u014d, \u4e38\u592a\u753a\u901a\u5bfa\u753a\u897f\u5165\uff16\uff12\uff18", "start_location": {"lat": 35.01742420000001, "lng": 135.7668371}, "steps": [{"html_instructions": "Head <b>west</b> on <b>\u4e38\u592a\u753a\u901a\u308a</b>/<wbr/><b>\u5e9c\u9053187\u53f7</b> toward <b>\u5fa1\u5e78\u753a\u901a\u308a</b>", "distance": {"text": "0.7 km", "value": 666}, "travel_mode": "DRIVING", "start_location": {"lat": 35.01742420000001, "lng": 135.7668371}, "polyline": {"points": "{ivtEw}s{X?`A?hC?dA?`@?x@@~E?rC?|B?Z?xC?V?N@d@?D?fAAd@@fB?t@?L@H?NBV"}, "duration": {"text": "2 mins", "value": 124}, "end_location": {"lat": 35.0173746, "lng": 135.7595257}}, {"html_instructions": "Turn <b>right</b> at <b>\u70cf\u4e38\u4e38\u592a\u753a\uff08\u4ea4\u5dee\u70b9\uff09</b> onto <b>\u70cf\u4e38\u901a\u308a</b>/<wbr/><b>\u56fd\u9053367\u53f7</b> (signs for <b>Karasumakitaoji</b>)", "distance": {"text": "0.6 km", "value": 593}, "travel_mode": "DRIVING", "maneuver": "turn-right", "start_location": {"lat": 35.0173746, "lng": 135.7595257}, "polyline": {"points": "qivtEapr{X@^a@FE@Q@W?[?s@@oB@aA?w@@}B?K?a@?E?]?cCAa@?M?uB?iC@"}, "duration": {"text": "1 min", "value": 87}, "end_location": {"lat": 35.0225626, "lng": 135.7592819}}, {"html_instructions": "Turn <b>left</b> at <b>\u70cf\u4e38\u4e0b\u9577\u8005\u753a\uff08\u4ea4\u5dee\u70b9\uff09</b> onto <b>\u4e0b\u9577\u8005\u753a\u901a\u308a</b>", "distance": {"text": "0.5 km", "value": 460}, "travel_mode": "DRIVING", "maneuver": "turn-left", "start_location": {"lat": 35.0225626, "lng": 135.7592819}, "polyline": {"points": "_jwtEonr{XAnC?v@Aj@?NBbB@v@@`B?Z?FAlHAt@Ap@AV?Z"}, "duration": {"text": "1 min", "value": 78}, "end_location": {"lat": 35.0225789, "lng": 135.7542375}}, {"html_instructions": "Turn <b>left</b> onto <b>\u5c0f\u5ddd\u901a\u308a</b><div style=\"font-size:0.9em\">Destination will be on the left</div>", "distance": {"text": "0.2 km", "value": 237}, "travel_mode": "DRIVING", "maneuver": "turn-left", "start_location": {"lat": 35.0225789, "lng": 135.7542375}, "polyline": {"points": "cjwtE_oq{XbEBP@|@?J?lBBZ?"}, "duration": {"text": "1 min", "value": 78}, "end_location": {"lat": 35.0204487, "lng": 135.7541908}}], "duration": {"text": "6 mins", "value": 367}, "end_location": {"lat": 35.0204487, "lng": 135.7541908}}]}], "status": "OK", "geocoded_waypoints": [{"place_id": "ChIJlYKkMooIAWARH0te7IilRmk", "geocoder_status": "OK", "types": ["premise"]}, {"place_id": "ChIJ6Wd-VHgIAWARoFJih4L8aJA", "geocoder_status": "OK", "types": ["premise"]}]}