{"routes": [{"overview_polyline": {"points": "}vwtEefr{X|C?F??qA?yDcD?uAAmKCkGAWG]?o@?e@?@{DC}DCsEEgKC{FC}KB{IByCFmBZyGBaA@Sb@?~ADtHJvCFzBBDkEDgCL?hBK"}, "warnings": [], "bounds": {"northeast": {"lat": 35.0291792, "lng": 135.7741175}, "southwest": {"lat": 35.0237984, "lng": 135.7579513}}, "waypoint_order": [], "summary": "\u4eca\u51fa\u5ddd\u901a\u30ea/\u5e9c\u9053101\u53f7", "copyrights": "Map data \u00a92019", "legs": [{"distance": {"text": "2.6 km", "value": 2624}, "traffic_speed_entry": [], "end_address": "Japan, \u3012606-8305 Kyoto, Saky\u014d-ku, Yoshidakawarach\u014d, \uff11\uff15\u2212\uff15 \u5c71\u6751\u533b\u79d1\u5668\u68b0", "via_waypoint": [], "start_address": "Japan, \u3012602-0914 Kyoto, Kamigy\u014d-ku, Hanatatech\u014d, \u5ba4\u753a\u901a\u4e2d\u7acb\u58f2\u4e0b\u308b\u2212\uff14\uff19\uff12", "start_location": {"lat": 35.0246342, "lng": 135.7579513}, "steps": [{"html_instructions": "Head <b>south</b> on <b>\u5ba4\u753a\u901a\u308a</b> toward <b>\u4e0a\u9577\u8005\u753a\u901a\u308a</b>", "distance": {"text": "93 m", "value": 93}, "travel_mode": "DRIVING", "start_location": {"lat": 35.0246342, "lng": 135.7579513}, "polyline": {"points": "}vwtEefr{XX?bC?F?"}, "duration": {"text": "1 min", "value": 20}, "end_location": {"lat": 35.0238021, "lng": 135.7579529}}, {"html_instructions": "Turn <b>left</b> onto <b>\u4e0a\u9577\u8005\u753a\u901a\u308a</b>", "distance": {"text": "0.1 km", "value": 121}, "travel_mode": "DRIVING", "maneuver": "turn-left", "start_location": {"lat": 35.0238021, "lng": 135.7579529}, "polyline": {"points": "wqwtEefr{X?qA?yD"}, "duration": {"text": "1 min", "value": 45}, "end_location": {"lat": 35.0237984, "lng": 135.7592858}}, {"html_instructions": "Turn <b>left</b> onto <b>\u70cf\u4e38\u901a\u308a</b>/<wbr/><b>\u56fd\u9053367\u53f7</b>", "distance": {"text": "0.6 km", "value": 589}, "travel_mode": "DRIVING", "maneuver": "turn-left", "start_location": {"lat": 35.0237984, "lng": 135.7592858}, "polyline": {"points": "wqwtEqnr{XcD?K?iAA}AAwCAqA?eA?yAAwB?a@?W?WG]?Q?]?C?A?_@@"}, "duration": {"text": "2 mins", "value": 118}, "end_location": {"lat": 35.0290845, "lng": 135.7593561}}, {"html_instructions": "Turn <b>right</b> at <b>\u70cf\u4e38\u4eca\u51fa\u5ddd\uff08\u4ea4\u5dee\u70b9\uff09</b> onto <b>\u4eca\u51fa\u5ddd\u901a\u30ea</b>/<wbr/><b>\u5e9c\u9053101\u53f7</b> (signs for <b>Hyakumanben</b>)", "distance": {"text": "1.2 km", "value": 1190}, "travel_mode": "DRIVING", "maneuver": "turn-right", "start_location": {"lat": 35.0290845, "lng": 135.7593561}, "polyline": {"points": "wrxtE_or{X?A?eB@y@?G?S?i@?EAa@AkB?k@?g@Ag@?A?A?i@Ai@?I?A?{@?k@CmEA{@?E?CAeC?A?C?E?Y?CA_@?k@?s@Ay@?K?C?u@AaB?eA?aA?y@?C@gA?m@?Y?u@@c@?s@?C@}@?}@@Y?U@W@MBq@@M?GBa@@W?E@ELsCBi@?Q@U@K?M"}, "duration": {"text": "4 mins", "value": 228}, "end_location": {"lat": 35.0289354, "lng": 135.7724102}}, {"html_instructions": "Turn <b>right</b> onto <b>\u5ddd\u7aef\u901a\u308a</b> (signs for <b>Kawabataoike</b>)", "distance": {"text": "0.4 km", "value": 408}, "travel_mode": "DRIVING", "maneuver": "turn-right", "start_location": {"lat": 35.0289354, "lng": 135.7724102}, "polyline": {"points": "{qxtEq`u{X@Sb@?p@@l@BL?|BDfBB`A@j@@jBDzBB"}, "duration": {"text": "1 min", "value": 55}, "end_location": {"lat": 35.0253432, "lng": 135.7723583}}, {"html_instructions": "Turn <b>left</b> at <b>\u5ddd\u7aef\u6771\u4e00\u6761\uff08\u4ea4\u5dee\u70b9\uff09</b> onto <b>\u6771\u4e00\u6761\u901a\u308a</b>", "distance": {"text": "0.2 km", "value": 153}, "travel_mode": "DRIVING", "maneuver": "turn-left", "start_location": {"lat": 35.0253432, "lng": 135.7723583}, "polyline": {"points": "k{wtEg`u{XDkEDaC"}, "duration": {"text": "1 min", "value": 33}, "end_location": {"lat": 35.025283, "lng": 135.7740317}}, {"html_instructions": "Turn <b>right</b><div style=\"font-size:0.9em\">Destination will be on the right</div>", "distance": {"text": "70 m", "value": 70}, "travel_mode": "DRIVING", "maneuver": "turn-right", "start_location": {"lat": 35.025283, "lng": 135.7740317}, "polyline": {"points": "_{wtEuju{X?EF?D?JAfAGTA"}, "duration": {"text": "1 min", "value": 27}, "end_location": {"lat": 35.0246754, "lng": 135.7741175}}], "duration": {"text": "9 mins", "value": 526}, "end_location": {"lat": 35.0246754, "lng": 135.7741175}}]}], "status": "OK", "geocoded_waypoints": [{"place_id": "ChIJC639mHAIAWARhFneCSTQExk", "geocoder_status": "OK", "types": ["street_address"]}, {"place_id": "ChIJwZlLBV8IAWARGzxFOM28UiU", "geocoder_status": "OK", "types": ["premise"]}]}