{"routes": [{"overview_polyline": {"points": "ycvtEgxu{XBsGkBGwAGMpIG|DGjHAbI?~DAlCFhFNbEDvC@`D?jH@lO@bM@|AF`BEdKA`IDtG?`F?`EdA?nD@xFBlFBfGB"}, "warnings": [], "bounds": {"northeast": {"lat": 35.0175803, "lng": 135.7776645}, "southwest": {"lat": 35.0123669, "lng": 135.7520449}}, "waypoint_order": [], "summary": "\u4e38\u592a\u753a\u901a\u308a/\u5e9c\u9053187\u53f7", "copyrights": "Map data \u00a92019", "legs": [{"distance": {"text": "3.1 km", "value": 3120}, "traffic_speed_entry": [], "end_address": "22-3 Tsuchibashich\u014d, Nakagy\u014d-ku, Kyoto, 604-0055, Japan", "via_waypoint": [], "start_address": "2-4 Sh\u014dgoin Rengez\u014dch\u014d, Saky\u014d-ku, Kyoto, 606-8357, Japan", "start_location": {"lat": 35.01644890000001, "lng": 135.7761973}, "steps": [{"html_instructions": "Head <b>east</b> on <b>\u7af9\u5c4b\u753a\u901a\u308a</b>", "distance": {"text": "0.1 km", "value": 126}, "travel_mode": "DRIVING", "start_location": {"lat": 35.01644890000001, "lng": 135.7761973}, "polyline": {"points": "ycvtEgxu{XB_D?sB"}, "duration": {"text": "1 min", "value": 37}, "end_location": {"lat": 35.0164292, "lng": 135.7775784}}, {"html_instructions": "Turn <b>left</b> toward <b>\u4e38\u592a\u753a\u901a\u308a</b>/<wbr/><b>\u5e9c\u9053187\u53f7</b>", "distance": {"text": "0.1 km", "value": 110}, "travel_mode": "DRIVING", "maneuver": "turn-left", "start_location": {"lat": 35.0164292, "lng": 135.7775784}, "polyline": {"points": "ucvtE{`v{XeACe@CI?mAG"}, "duration": {"text": "1 min", "value": 36}, "end_location": {"lat": 35.0174132, "lng": 135.7776645}}, {"html_instructions": "Turn <b>left</b> onto <b>\u4e38\u592a\u753a\u901a\u308a</b>/<wbr/><b>\u5e9c\u9053187\u53f7</b>", "distance": {"text": "2.3 km", "value": 2329}, "travel_mode": "DRIVING", "maneuver": "turn-left", "start_location": {"lat": 35.0174132, "lng": 135.7776645}, "polyline": {"points": "yivtEkav{XIjECdCAp@AFC`C?@CzB?RCrB?f@AjB?Z@fB?RAb@?F?H?H@rAAr@?F?F?P?D?D?H?N?PAdB?D?J@|@@f@BvBDnA@JD`B@D@p@BdB@D?zC?hC?dA?`@?x@@~E?rC?|B?Z?xC?V?N@d@?D?fAAd@@fB?t@?L@H?NBV@^@V?P?NAfACnC?|CAfC?tC?H?X@Z@xA@L?pC?`D?~@?`E"}, "duration": {"text": "8 mins", "value": 456}, "end_location": {"lat": 35.0173609, "lng": 135.7521073}}, {"html_instructions": "Turn <b>left</b> at <b>\u5800\u5ddd\u4e38\u592a\u753a\uff08\u4ea4\u5dee\u70b9\uff09</b> onto <b>\u6771\u5800\u5ddd\u901a</b><div style=\"font-size:0.9em\">Destination will be on the right</div>", "distance": {"text": "0.6 km", "value": 555}, "travel_mode": "DRIVING", "maneuver": "turn-left", "start_location": {"lat": 35.0173609, "lng": 135.7521073}, "polyline": {"points": "oivtEuaq{XdA?fD?F@lFBJ?H@hA?v@@`B?H?P@f@?L?|A?vA@"}, "duration": {"text": "2 mins", "value": 121}, "end_location": {"lat": 35.0123669, "lng": 135.7520449}}], "duration": {"text": "11 mins", "value": 650}, "end_location": {"lat": 35.0123669, "lng": 135.7520449}}]}], "status": "OK", "geocoded_waypoints": [{"place_id": "ChIJJ5pGj_EIAWAREUECDQ5rioU", "geocoder_status": "OK", "types": ["street_address"]}, {"place_id": "ChIJlz5EAoAIAWARmOgVJqkyyYI", "geocoder_status": "OK", "types": ["street_address"]}]}