{"routes": [{"overview_polyline": {"points": "{bwtEwyt{XCsC?SASbA?tB?~AAnNI?wGBgCB{BcAC"}, "warnings": [], "bounds": {"northeast": {"lat": 35.0214468, "lng": 135.7750397}, "southwest": {"lat": 35.0175207, "lng": 135.7713166}}, "waypoint_order": [], "summary": "\u5ddd\u7aef\u901a\u308a and \u4e38\u592a\u753a\u901a\u308a/\u5e9c\u9053187\u53f7", "copyrights": "Map data \u00a92019", "legs": [{"distance": {"text": "0.8 km", "value": 802}, "traffic_speed_entry": [], "end_address": "32 Higashimarutach\u014d, Saky\u014d-ku, Kyoto, 606-8395, Japan", "via_waypoint": [], "start_address": "Japan, \u3012602-0855 Kyoto, Kamigy\u014d-ku, Kamiikesuch\u014d, \u8352\u795e\u53e3\u901a\u6cb3\u539f\u753a\u6771\u5165\uff12\uff14\uff18\u2212\uff13 \u55ab\u8336\u30ea\u30d0\u30fc\u30d0\u30f3\u30af", "start_location": {"lat": 35.0214241, "lng": 135.7713166}, "steps": [{"html_instructions": "Head <b>east</b> on <b>\u8352\u795e\u6a4b</b> toward <b>\u5ddd\u7aef\u901a\u308a</b>", "distance": {"text": "77 m", "value": 77}, "travel_mode": "DRIVING", "start_location": {"lat": 35.0214241, "lng": 135.7713166}, "polyline": {"points": "{bwtEwyt{XC_B?I?I?_@?C?O"}, "duration": {"text": "1 min", "value": 25}, "end_location": {"lat": 35.0214434, "lng": 135.7721583}}, {"html_instructions": "Turn <b>right</b> at <b>\u8352\u795e\u6a4b\u6771\u8a70\uff08\u4ea4\u5dee\u70b9\uff09</b> onto <b>\u5ddd\u7aef\u901a\u308a</b>", "distance": {"text": "0.4 km", "value": 441}, "travel_mode": "DRIVING", "maneuver": "turn-right", "start_location": {"lat": 35.0214434, "lng": 135.7721583}, "polyline": {"points": "_cwtE__u{XASbA?pAAb@@D?xAAz@AzEChBAlBA"}, "duration": {"text": "1 min", "value": 79}, "end_location": {"lat": 35.0175601, "lng": 135.7723169}}, {"html_instructions": "Turn <b>left</b> onto <b>\u4e38\u592a\u753a\u901a\u308a</b>/<wbr/><b>\u5e9c\u9053187\u53f7</b> (signs for <b>Okazaki</b>)", "distance": {"text": "0.2 km", "value": 246}, "travel_mode": "DRIVING", "maneuver": "turn-left", "start_location": {"lat": 35.0175601, "lng": 135.7723169}, "polyline": {"points": "wjvtE_`u{XAgB?[@kB?g@BsB?SB{B"}, "duration": {"text": "1 min", "value": 48}, "end_location": {"lat": 35.0175207, "lng": 135.7750199}}, {"html_instructions": "Turn <b>left</b><div style=\"font-size:0.9em\">Destination will be on the right</div>", "distance": {"text": "38 m", "value": 38}, "travel_mode": "DRIVING", "maneuver": "turn-left", "start_location": {"lat": 35.0175207, "lng": 135.7750199}, "polyline": {"points": "ojvtE{pu{XcAC"}, "duration": {"text": "1 min", "value": 8}, "end_location": {"lat": 35.0178584, "lng": 135.7750397}}], "duration": {"text": "3 mins", "value": 160}, "end_location": {"lat": 35.0178584, "lng": 135.7750397}}]}], "status": "OK", "geocoded_waypoints": [{"place_id": "ChIJqfr7qYoIAWARvE2gzA7cT_o", "geocoder_status": "OK", "types": ["premise"]}, {"place_id": "ChIJU2FP3fMIAWARwCtIXGmzpVI", "geocoder_status": "OK", "types": ["premise"]}]}