{"routes": [{"overview_polyline": {"points": "}nutEy|u{XzFEApFeJ??E@cDCeBCwFeFC}BAs@?cOG{FKoMM_WIgBC"}, "warnings": [], "bounds": {"northeast": {"lat": 35.0262439, "lng": 135.778624}, "southwest": {"lat": 35.0118511, "lng": 135.7757504}}, "waypoint_order": [], "summary": "\u6771\u5927\u8def\u901a\u308a/\u5e9c\u9053181\u53f7", "copyrights": "Map data \u00a92019", "legs": [{"distance": {"text": "2.1 km", "value": 2083}, "traffic_speed_entry": [], "end_address": "8 Yoshidaizumidonoch\u014d, Saky\u014d-ku, Kyoto, 606-8301, Japan", "via_waypoint": [], "start_address": "460 Sh\u014d\u014djich\u014d, Saky\u014d-ku, Kyoto, 606-8353, Japan", "start_location": {"lat": 35.0131053, "lng": 135.7769337}, "steps": [{"html_instructions": "Head <b>south</b> toward <b>\u4ec1\u738b\u9580\u901a\u308a</b>", "distance": {"text": "0.1 km", "value": 139}, "travel_mode": "DRIVING", "start_location": {"lat": 35.0131053, "lng": 135.7769337}, "polyline": {"points": "}nutEy|u{Xb@AvEC"}, "duration": {"text": "1 min", "value": 33}, "end_location": {"lat": 35.0118511, "lng": 135.7769584}}, {"html_instructions": "Turn <b>right</b> onto <b>\u4ec1\u738b\u9580\u901a\u308a</b>", "distance": {"text": "0.1 km", "value": 110}, "travel_mode": "DRIVING", "maneuver": "turn-right", "start_location": {"lat": 35.0118511, "lng": 135.7769584}, "polyline": {"points": "agutE_}u{XA`B?nC"}, "duration": {"text": "1 min", "value": 27}, "end_location": {"lat": 35.0118632, "lng": 135.7757525}}, {"html_instructions": "Turn <b>right</b>", "distance": {"text": "0.2 km", "value": 199}, "travel_mode": "DRIVING", "maneuver": "turn-right", "start_location": {"lat": 35.0118632, "lng": 135.7757525}, "polyline": {"points": "cgutEmuu{XeJ?"}, "duration": {"text": "1 min", "value": 53}, "end_location": {"lat": 35.0136514, "lng": 135.7757504}}, {"html_instructions": "Turn <b>right</b> onto <b>\u4e8c\u6761\u901a\u308a</b>", "distance": {"text": "0.2 km", "value": 237}, "travel_mode": "DRIVING", "maneuver": "turn-right", "start_location": {"lat": 35.0136514, "lng": 135.7757504}, "polyline": {"points": "irutEmuu{X?E?aC@a@?K?SA_@Ae@CmA?iD"}, "duration": {"text": "1 min", "value": 74}, "end_location": {"lat": 35.0136765, "lng": 135.7783509}}, {"html_instructions": "Turn <b>left</b> at <b>\u6771\u5c71\u4e8c\u6761\uff08\u4ea4\u5dee\u70b9\uff09</b> onto <b>\u6771\u5927\u8def\u901a\u308a</b>/<wbr/><b>\u5e9c\u9053181\u53f7</b><div style=\"font-size:0.9em\">Destination will be on the right</div>", "distance": {"text": "1.4 km", "value": 1398}, "travel_mode": "DRIVING", "maneuver": "turn-left", "start_location": {"lat": 35.0136765, "lng": 135.7783509}, "polyline": {"points": "orutEuev{XwDCm@?C?oBAI?A?_@?A?O?iAA{@?s@?_AAuA?gBAe@Ae@?_@AIAC?M?m@A}@AaAAQAeAAc@?kBCiAA_@AqBCW?E?cBA}CAsCAi@?gCAYA}@?_B?g@?SA[AO?"}, "duration": {"text": "4 mins", "value": 247}, "end_location": {"lat": 35.0262439, "lng": 135.778624}}], "duration": {"text": "7 mins", "value": 434}, "end_location": {"lat": 35.0262439, "lng": 135.778624}}]}], "status": "OK", "geocoded_waypoints": [{"place_id": "ChIJN7ZCZO4IAWARZF3U7NZ9O2I", "geocoder_status": "OK", "types": ["street_address"]}, {"place_id": "ChIJgXM4WFgIAWARwzC0NU6EvhU", "geocoder_status": "OK", "types": ["street_address"]}]}