{"routes": [{"overview_polyline": {"points": "wqwtEubr{X?aE?gEpBAdC?zF?bJ?vHC`AAHCh@UCWAY?cA?{ECuV?kHAaDEwCOcEjBPtADvCBv@ABmBByAI@AQCkB?CHA|AE"}, "warnings": [], "bounds": {"northeast": {"lat": 35.0237999, "lng": 135.770608}, "southwest": {"lat": 35.0150523, "lng": 135.7573911}}, "waypoint_order": [], "summary": "\u70cf\u4e38\u901a\u308a/\u56fd\u9053367\u53f7 and \u4e38\u592a\u753a\u901a\u308a/\u5e9c\u9053187\u53f7", "copyrights": "Map data \u00a92019", "legs": [{"distance": {"text": "2.2 km", "value": 2203}, "traffic_speed_entry": [], "end_address": "Japan, \u3012604-0902 Kyoto, Nakagy\u014d-ku, Hokodench\u014d, \uff15\uff14\uff12 \u4eac\u90fd\u5e02\u7acb\u9285\u99dd\u7f8e\u8853\u5de5\u82b8\u9ad8\u7b49\u5b66\u6821", "via_waypoint": [], "start_address": "526 Mototsuchimikadocho, Kamigyo Ward, Kyoto, 602-8006, Japan", "start_location": {"lat": 35.0237955, "lng": 135.7573911}, "steps": [{"html_instructions": "Head <b>east</b> on <b>\u4e0a\u9577\u8005\u753a\u901a\u308a</b> toward <b>\u5ba4\u753a\u901a\u308a</b>", "distance": {"text": "0.2 km", "value": 174}, "travel_mode": "DRIVING", "start_location": {"lat": 35.0237955, "lng": 135.7573911}, "polyline": {"points": "wqwtEubr{X@iA?e@A??qA?yD"}, "duration": {"text": "1 min", "value": 53}, "end_location": {"lat": 35.0237984, "lng": 135.7592858}}, {"html_instructions": "Turn <b>right</b> onto <b>\u70cf\u4e38\u901a\u308a</b>/<wbr/><b>\u56fd\u9053367\u53f7</b>", "distance": {"text": "0.7 km", "value": 723}, "travel_mode": "DRIVING", "maneuver": "turn-right", "start_location": {"lat": 35.0237984, "lng": 135.7592858}, "polyline": {"points": "wqwtEqnr{X?MbA?l@AP?B?vA?V?|B?J?~@?p@?B?t@?B?~@?L?tB?F?xA?n@?fA?^?DA~A?F?HAf@?h@AL?D?B?DABAh@U"}, "duration": {"text": "2 mins", "value": 124}, "end_location": {"lat": 35.0173746, "lng": 135.7595257}}, {"html_instructions": "Turn <b>left</b> at <b>\u70cf\u4e38\u4e38\u592a\u753a\uff08\u4ea4\u5dee\u70b9\uff09</b> onto <b>\u4e38\u592a\u753a\u901a\u308a</b>/<wbr/><b>\u5e9c\u9053187\u53f7</b> (signs for <b>\u7947\u5712</b>/<wbr/><b>\u5ca1\u5d0e</b>/<wbr/><b>\u4eac\u90fd\u5e9c\u9053187\u53f7</b>/<wbr/><b>\u5e73\u5b89\u795e\u5bae</b>)", "distance": {"text": "0.9 km", "value": 869}, "travel_mode": "DRIVING", "maneuver": "turn-left", "start_location": {"lat": 35.0173746, "lng": 135.7595257}, "polyline": {"points": "qivtEapr{XCW?OAI?M?u@AgB@e@?gA?EAe@?O?W?yC?[?}B?sCA_F?y@?a@?eA?iC?{CAECeBAq@AEEaBAKEoA"}, "duration": {"text": "2 mins", "value": 148}, "end_location": {"lat": 35.0175407, "lng": 135.7690624}}, {"html_instructions": "Turn <b>right</b> at <b>\u6cb3\u539f\u753a\u4e38\u592a\u753a\uff08\u4ea4\u5dee\u70b9\uff09</b> onto <b>\u6cb3\u539f\u753a\u901a\u308a</b>/<wbr/><b>\u5e9c\u905332\u53f7</b>", "distance": {"text": "0.2 km", "value": 222}, "travel_mode": "DRIVING", "maneuver": "turn-right", "start_location": {"lat": 35.0175407, "lng": 135.7690624}, "polyline": {"points": "sjvtEskt{X|@JP@J@N@X@J@T@X?B?h@@bA@d@?r@?"}, "duration": {"text": "1 min", "value": 40}, "end_location": {"lat": 35.0155486, "lng": 135.768925}}, {"html_instructions": "Turn <b>left</b> onto <b>\u7af9\u5c4b\u753a\u901a\u308a</b>", "distance": {"text": "93 m", "value": 93}, "travel_mode": "DRIVING", "maneuver": "turn-left", "start_location": {"lat": 35.0155486, "lng": 135.768925}, "polyline": {"points": "e~utEwjt{XBA@s@@y@?[@A?M@m@"}, "duration": {"text": "1 min", "value": 36}, "end_location": {"lat": 35.0154924, "lng": 135.7699298}}, {"html_instructions": "Turn <b>left</b>", "distance": {"text": "6 m", "value": 6}, "travel_mode": "DRIVING", "maneuver": "turn-left", "start_location": {"lat": 35.0154924, "lng": 135.7699298}, "polyline": {"points": "y}utEaqt{XI@"}, "duration": {"text": "1 min", "value": 4}, "end_location": {"lat": 35.0155432, "lng": 135.7699224}}, {"html_instructions": "Turn <b>right</b>", "distance": {"text": "0.1 km", "value": 101}, "travel_mode": "DRIVING", "maneuver": "turn-right", "start_location": {"lat": 35.0155432, "lng": 135.7699224}, "polyline": {"points": "c~utE_qt{XAQCgB?C?A?A@?@AB?@?^A`@A"}, "duration": {"text": "1 min", "value": 50}, "end_location": {"lat": 35.0151878, "lng": 135.7706044}}, {"html_instructions": "Continue straight<div style=\"font-size:0.9em\">Restricted usage road</div>", "distance": {"text": "15 m", "value": 15}, "travel_mode": "DRIVING", "maneuver": "straight", "start_location": {"lat": 35.0151878, "lng": 135.7706044}, "polyline": {"points": "}{utEgut{XZA"}, "duration": {"text": "1 min", "value": 4}, "end_location": {"lat": 35.0150523, "lng": 135.770608}}], "duration": {"text": "8 mins", "value": 459}, "end_location": {"lat": 35.0150523, "lng": 135.770608}}]}], "status": "OK", "geocoded_waypoints": [{"place_id": "ChIJ8cKCCHoIAWARZqJxAuWJliE", "geocoder_status": "OK", "types": ["establishment", "point_of_interest", "tourist_attraction"]}, {"place_id": "ChIJmYXMxIwIAWARXsfMkCiuYi8", "geocoder_status": "OK", "types": ["premise"]}]}