{"routes": [{"overview_polyline": {"points": "slutEggv{XFT?T}AB}GAaDAm@?iEAuCAA`COtKIfGEzG?zD?dEAnDBdBHfE@JzCL"}, "warnings": [], "bounds": {"northeast": {"lat": 35.0175762, "lng": 135.7785997}, "southwest": {"lat": 35.012703, "lng": 135.768527}}, "waypoint_order": [], "summary": "\u6771\u5927\u8def\u901a\u308a/\u5e9c\u9053181\u53f7 and \u4e38\u592a\u753a\u901a\u308a/\u5e9c\u9053187\u53f7", "copyrights": "Map data \u00a92019", "legs": [{"distance": {"text": "1.5 km", "value": 1524}, "traffic_speed_entry": [], "end_address": "Japan, \u3012602-0874 Kyoto, Kamigyo Ward, \u6cb3\u539f\u753a\u4e38\u592a\u753a\u4e0b\u897f\u5165\u6771\u571f\u5fa1\u9580349", "via_waypoint": [], "start_address": "485 Kitamonzench\u014d, Saky\u014d-ku, Kyoto, 606-8352, Japan", "start_location": {"lat": 35.01274009999999, "lng": 135.7785997}, "steps": [{"html_instructions": "Head <b>west</b> toward <b>\u6771\u5927\u8def\u901a\u308a</b>/<wbr/><b>\u5e9c\u9053181\u53f7</b><div style=\"font-size:0.9em\">Restricted usage road</div>", "distance": {"text": "21 m", "value": 21}, "travel_mode": "DRIVING", "start_location": {"lat": 35.01274009999999, "lng": 135.7785997}, "polyline": {"points": "slutEggv{XBF@B?@@F?T"}, "duration": {"text": "1 min", "value": 5}, "end_location": {"lat": 35.012703, "lng": 135.7783778}}, {"html_instructions": "Turn <b>right</b> onto <b>\u6771\u5927\u8def\u901a\u308a</b>/<wbr/><b>\u5e9c\u9053181\u53f7</b>", "distance": {"text": "0.5 km", "value": 523}, "travel_mode": "DRIVING", "maneuver": "turn-right", "start_location": {"lat": 35.012703, "lng": 135.7783778}, "polyline": {"points": "klutE{ev{X}ABeB@wDCm@?C?oBAI?A?_@?A?O?iAA{@?s@?_AAuA?"}, "duration": {"text": "3 mins", "value": 168}, "end_location": {"lat": 35.01740390000001, "lng": 135.778402}}, {"html_instructions": "Turn <b>left</b> at <b>\u6771\u5c71\u4e38\u592a\u753a\uff08\u4ea4\u5dee\u70b9\uff09</b> onto <b>\u4e38\u592a\u753a\u901a\u308a</b>/<wbr/><b>\u5e9c\u9053187\u53f7</b>", "distance": {"text": "0.9 km", "value": 888}, "travel_mode": "DRIVING", "maneuver": "turn-left", "start_location": {"lat": 35.01740390000001, "lng": 135.778402}, "polyline": {"points": "wivtE_fv{XAz@?dA?PIjECdCAp@AFC`C?@CzB?RCrB?f@AjB?Z@fB?RAb@?F?H?H@rAAr@?F?F?P?D?D?H?N?PAdB?D?J@|@@f@BvBDnA"}, "duration": {"text": "3 mins", "value": 181}, "end_location": {"lat": 35.0175061, "lng": 135.7686558}}, {"html_instructions": "Turn <b>left</b>", "distance": {"text": "92 m", "value": 92}, "travel_mode": "DRIVING", "maneuver": "turn-left", "start_location": {"lat": 35.0175061, "lng": 135.7686558}, "polyline": {"points": "mjvtEcit{X@JzCL"}, "duration": {"text": "1 min", "value": 27}, "end_location": {"lat": 35.0167156, "lng": 135.768527}}], "duration": {"text": "6 mins", "value": 381}, "end_location": {"lat": 35.0167156, "lng": 135.768527}}]}], "status": "OK", "geocoded_waypoints": [{"place_id": "ChIJjawEGO8IAWARYzs4RqH0uFI", "geocoder_status": "OK", "types": ["premise"]}, {"place_id": "ChIJW_k9n4sIAWAR_1fqLs9sErk", "geocoder_status": "OK", "types": ["establishment", "hair_care", "point_of_interest"]}]}