{"routes": [{"overview_polyline": {"points": "i{utEmiv{X_AA?j@?lD@hB?hR?vGBN?h@?r@_@D_CBcC@cBBk@?Ab@?P?xC?d@ApCBvBHfE@JpDNf@@jDB`A?"}, "warnings": [], "bounds": {"northeast": {"lat": 35.0175803, "lng": 135.7789619}, "southwest": {"lat": 35.0150937, "lng": 135.7684868}}, "waypoint_order": [], "summary": "\u51b7\u6cc9\u901a\u308a", "copyrights": "Map data \u00a92019", "legs": [{"distance": {"text": "1.5 km", "value": 1469}, "traffic_speed_entry": [], "end_address": "Japan, \u3012604-0904 Kyoto, Nakagy\u014d-ku, Nishik\u014dd\u014dch\u014d, \u65b0\u6939\u6728\u753a\u901a\u7af9\u5c4b\u753a\u4e0b\u308b\u2212\uff11\uff19\uff18", "via_waypoint": [], "start_address": "21-2 Okazaki Tokuseicho, Sakyo Ward, Kyoto, 606-8341, Japan", "start_location": {"lat": 35.0150937, "lng": 135.7789507}, "steps": [{"html_instructions": "Head <b>north</b> toward <b>\u51b7\u6cc9\u901a\u308a</b>", "distance": {"text": "35 m", "value": 35}, "travel_mode": "DRIVING", "start_location": {"lat": 35.0150937, "lng": 135.7789507}, "polyline": {"points": "i{utEmiv{X_AA"}, "duration": {"text": "1 min", "value": 10}, "end_location": {"lat": 35.0154056, "lng": 135.7789619}}, {"html_instructions": "Turn <b>left</b> onto <b>\u51b7\u6cc9\u901a\u308a</b>", "distance": {"text": "0.6 km", "value": 603}, "travel_mode": "DRIVING", "maneuver": "turn-left", "start_location": {"lat": 35.0154056, "lng": 135.7789619}, "polyline": {"points": "i}utEoiv{X?j@?fA?dB@d@?^?b@?hC?|A?~@?`I?b@?rF@F@F?D?H?L?J?h@"}, "duration": {"text": "2 mins", "value": 124}, "end_location": {"lat": 35.0153776, "lng": 135.7723452}}, {"html_instructions": "Turn <b>right</b> onto <b>\u5ddd\u7aef\u901a\u308a</b>", "distance": {"text": "0.2 km", "value": 247}, "travel_mode": "DRIVING", "maneuver": "turn-right", "start_location": {"lat": 35.0153776, "lng": 135.7723452}, "polyline": {"points": "c}utEe`u{X?HQBM@E?c@@U?_A@m@?k@@M?[?q@@E?[?O@k@?"}, "duration": {"text": "1 min", "value": 63}, "end_location": {"lat": 35.0175586, "lng": 135.7722174}}, {"html_instructions": "Turn <b>left</b> onto <b>\u4e38\u592a\u753a\u6a4b</b>/<wbr/><b>\u4e38\u592a\u753a\u901a\u308a</b>/<wbr/><b>\u5e9c\u9053187\u53f7</b><div style=\"font-size:0.9em\">Continue to follow \u4e38\u592a\u753a\u901a\u308a/<wbr/>\u5e9c\u9053187\u53f7</div>", "distance": {"text": "0.3 km", "value": 325}, "travel_mode": "DRIVING", "maneuver": "turn-left", "start_location": {"lat": 35.0175586, "lng": 135.7722174}, "polyline": {"points": "wjvtEk_u{XAb@?F?H?H@rAAr@?F?F?P?D?D?H?N?PAdB?D?J@|@@f@BvBDnA"}, "duration": {"text": "1 min", "value": 67}, "end_location": {"lat": 35.0175061, "lng": 135.7686558}}, {"html_instructions": "Turn <b>left</b><div style=\"font-size:0.9em\">Destination will be on the right</div>", "distance": {"text": "0.3 km", "value": 259}, "travel_mode": "DRIVING", "maneuver": "turn-left", "start_location": {"lat": 35.0175061, "lng": 135.7686558}, "polyline": {"points": "mjvtEcit{X@JpDNB@b@?R?vCBD?z@?"}, "duration": {"text": "1 min", "value": 74}, "end_location": {"lat": 35.0152174, "lng": 135.7684868}}], "duration": {"text": "6 mins", "value": 338}, "end_location": {"lat": 35.0152174, "lng": 135.7684868}}]}], "status": "OK", "geocoded_waypoints": [{"place_id": "ChIJr5sqZVAIAWARNFHhVkD2bBk", "geocoder_status": "OK", "types": ["church", "establishment", "place_of_worship", "point_of_interest"]}, {"place_id": "ChIJ4TuDfIwIAWARAljoZUqHAOw", "geocoder_status": "OK", "types": ["premise"]}]}