{"routes": [{"overview_polyline": {"points": "yuwtEegv{X|KDrFDpMN|GHK~IK`IGdG?vG?RY?"}, "warnings": [], "bounds": {"northeast": {"lat": 35.024454, "lng": 135.7785889}, "southwest": {"lat": 35.01740390000001, "lng": 135.7722161}}, "waypoint_order": [], "summary": "\u6771\u5927\u8def\u901a\u308a/\u5e9c\u9053181\u53f7 and \u4e38\u592a\u753a\u901a\u308a/\u5e9c\u9053187\u53f7", "copyrights": "Map data \u00a92019", "legs": [{"distance": {"text": "1.4 km", "value": 1363}, "traffic_speed_entry": [], "end_address": "Kawabata Marutamachi, Shimotsutsumich\u014d, Saky\u014d-ku, Kyoto, 606-8396, Japan", "via_waypoint": [], "start_address": "Kyoto University, Yoshidatachibanach\u014d, Saky\u014d-ku, Kyoto, 606-8303, Japan", "start_location": {"lat": 35.024454, "lng": 135.7785889}, "steps": [{"html_instructions": "Head <b>south</b> on <b>\u6771\u5927\u8def\u901a\u308a</b>/<wbr/><b>\u5e9c\u9053181\u53f7</b> toward <b>\u8fd1\u885b\u901a\u308a</b>", "distance": {"text": "0.8 km", "value": 784}, "travel_mode": "DRIVING", "start_location": {"lat": 35.024454, "lng": 135.7785889}, "polyline": {"points": "yuwtEegv{X`A@h@?rC@|C@bB@D?V?pBB^@hA@jBBb@?dA@P@`A@|@@l@@L?B?H@^@d@?d@@fB@"}, "duration": {"text": "2 mins", "value": 121}, "end_location": {"lat": 35.01740390000001, "lng": 135.778402}}, {"html_instructions": "Turn <b>right</b> at <b>\u6771\u5c71\u4e38\u592a\u753a\uff08\u4ea4\u5dee\u70b9\uff09</b> onto <b>\u4e38\u592a\u753a\u901a\u308a</b>/<wbr/><b>\u5e9c\u9053187\u53f7</b> (signs for <b>Saga</b>/<wbr/><b>Horikawamarutamachi</b>)", "distance": {"text": "0.6 km", "value": 555}, "travel_mode": "DRIVING", "maneuver": "turn-right", "start_location": {"lat": 35.01740390000001, "lng": 135.778402}, "polyline": {"points": "wivtE_fv{XAz@?dA?PIjECdCAp@AFC`C?@CzB?RCrB?f@AjB?Z@fB"}, "duration": {"text": "2 mins", "value": 114}, "end_location": {"lat": 35.0175601, "lng": 135.7723169}}, {"html_instructions": "Turn <b>right</b> onto <b>\u5ddd\u7aef\u901a\u308a</b><div style=\"font-size:0.9em\">Destination will be on the left</div>", "distance": {"text": "24 m", "value": 24}, "travel_mode": "DRIVING", "maneuver": "turn-right", "start_location": {"lat": 35.0175601, "lng": 135.7723169}, "polyline": {"points": "wjvtE_`u{X?RY?"}, "duration": {"text": "1 min", "value": 11}, "end_location": {"lat": 35.0176929, "lng": 135.7722161}}], "duration": {"text": "4 mins", "value": 246}, "end_location": {"lat": 35.0176929, "lng": 135.7722161}}]}], "status": "OK", "geocoded_waypoints": [{"place_id": "ChIJ3Y0E1vcIAWARRE5oqUuq2LI", "geocoder_status": "OK", "types": ["bus_station", "establishment", "point_of_interest", "transit_station"]}, {"place_id": "ChIJv1c7v_QIAWARElvMV1h5sPg", "geocoder_status": "OK", "types": ["establishment", "point_of_interest", "transit_station"]}]}