{"routes": [{"overview_polyline": {"points": "smvtEkqt{Xd@?BE@QB[f@@@kB?q@?g@?{C@k@?SbCArBCpBAv@?b@F`ACxFGtG?zGDzA@l@@@qA?cB@kCCEAqC_ED"}, "warnings": [], "bounds": {"northeast": {"lat": 35.0180169, "lng": 135.774704}, "southwest": {"lat": 35.0101885, "lng": 135.76998}}, "waypoint_order": [], "summary": "\u5ddd\u7aef\u901a\u308a", "copyrights": "Map data \u00a92019", "legs": [{"distance": {"text": "1.4 km", "value": 1401}, "traffic_speed_entry": [], "end_address": "214 Sansh\u016bjich\u014d, Saky\u014d-ku, Kyoto, 606-8365, Japan", "via_waypoint": [], "start_address": "485 Shinch\u014d, Kamigy\u014d-ku, Kyoto, 602-0866, Japan", "start_location": {"lat": 35.0180169, "lng": 135.76998}, "steps": [{"html_instructions": "Head <b>south</b>", "distance": {"text": "46 m", "value": 46}, "travel_mode": "DRIVING", "start_location": {"lat": 35.0180169, "lng": 135.76998}, "polyline": {"points": "smvtEkqt{XV?F?B?@??A@?@A?A@C?E?GB["}, "duration": {"text": "1 min", "value": 16}, "end_location": {"lat": 35.0177843, "lng": 135.7702423}}, {"html_instructions": "Turn <b>right</b> toward <b>\u4e38\u592a\u753a\u901a\u308a</b>/<wbr/><b>\u5e9c\u9053187\u53f7</b>", "distance": {"text": "23 m", "value": 23}, "travel_mode": "DRIVING", "maneuver": "turn-right", "start_location": {"lat": 35.0177843, "lng": 135.7702423}, "polyline": {"points": "clvtE_st{Xf@@"}, "duration": {"text": "1 min", "value": 10}, "end_location": {"lat": 35.0175803, "lng": 135.7702307}}, {"html_instructions": "Turn <b>left</b> onto <b>\u4e38\u592a\u753a\u901a\u308a</b>/<wbr/><b>\u5e9c\u9053187\u53f7</b>", "distance": {"text": "0.2 km", "value": 181}, "travel_mode": "DRIVING", "maneuver": "turn-left", "start_location": {"lat": 35.0175803, "lng": 135.7702307}, "polyline": {"points": "{jvtE}rt{X?E@eB?Q?O?I?E?E?Q?G?G@s@AsA?I?I?G@c@"}, "duration": {"text": "1 min", "value": 48}, "end_location": {"lat": 35.0175586, "lng": 135.7722174}}, {"html_instructions": "Turn <b>right</b> onto <b>\u5ddd\u7aef\u901a\u308a</b> (signs for <b>Sanjoohashi</b>)", "distance": {"text": "0.8 km", "value": 826}, "travel_mode": "DRIVING", "maneuver": "turn-right", "start_location": {"lat": 35.0175586, "lng": 135.7722174}, "polyline": {"points": "wjvtEk_u{X?SbCAh@AhAAnAA`@?\\AD?H?H@P@PDBA|@ARAdAAbAAzAA~A@D?|AApA?nA?dA@nB@T@\\?|@@l@@"}, "duration": {"text": "2 mins", "value": 135}, "end_location": {"lat": 35.0102146, "lng": 135.7723255}}, {"html_instructions": "Turn <b>left</b>", "distance": {"text": "0.2 km", "value": 218}, "travel_mode": "DRIVING", "maneuver": "turn-left", "start_location": {"lat": 35.0102146, "lng": 135.7723255}, "polyline": {"points": "y|ttEa`u{X@qA?]?eA@wA?s@CEAqC"}, "duration": {"text": "1 min", "value": 48}, "end_location": {"lat": 35.0102205, "lng": 135.774704}}, {"html_instructions": "Turn <b>left</b><div style=\"font-size:0.9em\">Destination will be on the left</div>", "distance": {"text": "0.1 km", "value": 107}, "travel_mode": "DRIVING", "maneuver": "turn-left", "start_location": {"lat": 35.0102205, "lng": 135.774704}, "polyline": {"points": "{|ttE{nu{X_ED"}, "duration": {"text": "1 min", "value": 27}, "end_location": {"lat": 35.0111839, "lng": 135.7746732}}], "duration": {"text": "5 mins", "value": 284}, "end_location": {"lat": 35.0111839, "lng": 135.7746732}}]}], "status": "OK", "geocoded_waypoints": [{"place_id": "ChIJOWyLO4sIAWARicWALi8AiTw", "geocoder_status": "OK", "types": ["premise"]}, {"place_id": "ChIJvSElRuwIAWAReCOURpRwb3Y", "geocoder_status": "OK", "types": ["premise"]}]}