{"routes": [{"overview_polyline": {"points": "}swtE{ft{XAhBC?A@CDAJALG?_BEyK[eIQOEw@CmAA?dE@fDB`FJnSBlHCxEBdJAT{@`F{@`FAPAtBbFAHENCDGbC?jACtDA~GAlBBnA@?["}, "warnings": [], "bounds": {"northeast": {"lat": 35.0296958, "lng": 135.768298}, "southwest": {"lat": 35.0240565, "lng": 135.7542417}}, "waypoint_order": [], "summary": "\u4eca\u51fa\u5ddd\u901a\u30ea/\u5e9c\u9053101\u53f7 and \u5c0f\u5ddd\u901a\u308a", "copyrights": "Map data \u00a92019", "legs": [{"distance": {"text": "2.5 km", "value": 2519}, "traffic_speed_entry": [], "end_address": "192-2 Shimoogawach\u014d, Kamigy\u014d-ku, Kyoto, 602-8075, Japan", "via_waypoint": [], "start_address": "397 Kitanobech\u014d, Kamigy\u014d-ku, Kyoto, 602-0852, Japan", "start_location": {"lat": 35.024152, "lng": 135.768298}, "steps": [{"html_instructions": "Head <b>west</b> toward <b>\u5bfa\u753a\u901a\u308a</b><div style=\"font-size:0.9em\">Restricted usage road</div>", "distance": {"text": "67 m", "value": 67}, "travel_mode": "DRIVING", "start_location": {"lat": 35.024152, "lng": 135.768298}, "polyline": {"points": "}swtE{ft{XAhBC?A@A@A??@?@A@?@?B?BAL"}, "duration": {"text": "1 min", "value": 21}, "end_location": {"lat": 35.0242252, "lng": 135.7675986}}, {"html_instructions": "Turn <b>right</b> onto <b>\u5bfa\u753a\u901a\u308a</b>", "distance": {"text": "0.6 km", "value": 552}, "travel_mode": "DRIVING", "maneuver": "turn-right", "start_location": {"lat": 35.0242252, "lng": 135.7675986}, "polyline": {"points": "mtwtEobt{XG?qAEM?gBEO?IAwGSaDGg@AsBEGAECAAE?A?YC]?s@CY@"}, "duration": {"text": "1 min", "value": 86}, "end_location": {"lat": 35.0291755, "lng": 135.7679205}}, {"html_instructions": "Turn <b>left</b> onto <b>\u4eca\u51fa\u5ddd\u901a\u30ea</b>/<wbr/><b>\u5e9c\u9053101\u53f7</b>", "distance": {"text": "1.3 km", "value": 1257}, "travel_mode": "DRIVING", "maneuver": "turn-left", "start_location": {"lat": 35.0291755, "lng": 135.7679205}, "polyline": {"points": "ksxtEodt{X?B?x@?`A?dA@`B?t@?B?J@x@?r@?j@@^?B?X?D?B?@@dC?B?D@z@BlE?j@?z@?@?H@h@?h@?@?@@f@?f@?j@@jB@`@?D?h@?R?FAx@?dB?@Av@@xC?bA?D@`C?HAJMt@m@jDy@pEANAH?F?H?N?~@AZ"}, "duration": {"text": "4 mins", "value": 215}, "end_location": {"lat": 35.0296958, "lng": 135.7542417}}, {"html_instructions": "Turn <b>left</b> onto <b>\u5c0f\u5ddd\u901a\u308a</b>", "distance": {"text": "0.6 km", "value": 631}, "travel_mode": "DRIVING", "maneuver": "turn-left", "start_location": {"lat": 35.0296958, "lng": 135.7542417}, "polyline": {"points": "svxtE_oq{XfAAh@?dB@JA@A@CB?@?FABAB??A@??A?A@??A@?@?B?VAr@@F?h@?d@AF?DAV?^Ad@AbA@j@?\\?HAlE?h@?F?dBBnA@"}, "duration": {"text": "3 mins", "value": 173}, "end_location": {"lat": 35.0240565, "lng": 135.7543528}}, {"html_instructions": "Turn <b>left</b><div style=\"font-size:0.9em\">Restricted usage road</div><div style=\"font-size:0.9em\">Destination will be on the right</div>", "distance": {"text": "12 m", "value": 12}, "travel_mode": "DRIVING", "maneuver": "turn-left", "start_location": {"lat": 35.0240565, "lng": 135.7543528}, "polyline": {"points": "kswtEuoq{X?["}, "duration": {"text": "1 min", "value": 3}, "end_location": {"lat": 35.0240565, "lng": 135.754485}}], "duration": {"text": "8 mins", "value": 498}, "end_location": {"lat": 35.0240565, "lng": 135.754485}}]}], "status": "OK", "geocoded_waypoints": [{"place_id": "ChIJy11F02YIAWARY0hd9C1O8tQ", "geocoder_status": "OK", "types": ["street_address"]}, {"place_id": "ChIJb8WroHcIAWARFLo3VqJQm04", "geocoder_status": "OK", "types": ["street_address"]}]}