{"routes": [{"overview_polyline": {"points": "aaxtEahq{XCtE?`@A`@TAj@@nBCP?LIDCRA~DC~G?dOAjLAxBBb@JpB@zBBpKJbF@lCAb@Oz@GfCOA]Ae@AwCBoFH}ARoF@uG@}J?yUC}S?sC?}@e@AkAAgDCk@?"}, "warnings": [], "bounds": {"northeast": {"lat": 35.026275, "lng": 135.7672516}, "southwest": {"lat": 35.0108076, "lng": 135.7516798}}, "waypoint_order": [], "summary": "\u5800\u5ddd\u901a\u308a/\u978d\u99ac\u8857\u9053/\u5e9c\u905338\u53f7 and \u5fa1\u6c60\u901a\u308a/\u5e9c\u905337\u53f7", "copyrights": "Map data \u00a92019", "legs": [{"distance": {"text": "3.4 km", "value": 3413}, "traffic_speed_entry": [], "end_address": "464 Myomanjimaecho, Nakagyo Ward, Kyoto, 604-0932, Japan", "via_waypoint": [], "start_address": "Japan, \u3012602-0954 Kyoto, Kamigy\u014d-ku, Nishikawabatach\u014d, \u4e00\u6761\u901a\u6cb9\u5c0f\u8def\u897f\u5165\u4e0a\u308b\u2212\uff15\uff15\uff18\u2212\uff11\uff18", "start_location": {"lat": 35.0262491, "lng": 135.7531268}, "steps": [{"html_instructions": "Head <b>west</b> on <b>\u4e00\u6761\u901a\u308a</b> toward <b>\u6771\u5800\u5ddd\u901a</b>", "distance": {"text": "0.1 km", "value": 128}, "travel_mode": "DRIVING", "start_location": {"lat": 35.0262491, "lng": 135.7531268}, "polyline": {"points": "aaxtEahq{X?H@`@APAd@AjA?Z?B?D?Z?DA`@"}, "duration": {"text": "1 min", "value": 45}, "end_location": {"lat": 35.026275, "lng": 135.7517228}}, {"html_instructions": "Turn <b>left</b> onto <b>\u5800\u5ddd\u901a\u308a</b>/<wbr/><b>\u978d\u99ac\u8857\u9053</b>/<wbr/><b>\u5e9c\u905338\u53f7</b>", "distance": {"text": "1.7 km", "value": 1707}, "travel_mode": "DRIVING", "maneuver": "turn-left", "start_location": {"lat": 35.026275, "lng": 135.7517228}, "polyline": {"points": "gaxtEg_q{XTAZ@N?r@Az@AP?LIBA@A@?B?BAH?V?fAAR?jAAbA?r@?lB@x@AT?R?fA?hCAf@?~B?Z?dA?Z?R?h@?j@?L?~B?FAnC?P@B?z@@f@?b@JpB@xA@`@@n@?lDDtCB\\@`AAX@rA@r@?f@?Z?p@AV?B?FCDCPGVCb@CfCO"}, "duration": {"text": "5 mins", "value": 275}, "end_location": {"lat": 35.01096920000001, "lng": 135.7518892}}, {"html_instructions": "Turn <b>left</b> at <b>\u5800\u5ddd\u5fa1\u6c60\uff08\u4ea4\u5dee\u70b9\uff09</b> onto <b>\u5fa1\u6c60\u901a\u308a</b>/<wbr/><b>\u5e9c\u905337\u53f7</b>", "distance": {"text": "1.4 km", "value": 1397}, "travel_mode": "DRIVING", "maneuver": "turn-left", "start_location": {"lat": 35.01096920000001, "lng": 135.7518892}, "polyline": {"points": "qautEi`q{XA]Ac@?AAmA?iA?{A?SBaB?]?MF{@@O?CHaBDaA?CBgA@qA?_A?aB?a@@s@A_B?G@gA?oA?a@?W?OAwA?U@gB?q@?iB?y@?wA?uE?kA@eAAsAAgB?kBAeA?kA?qA?S?g@?_A?W?}@"}, "duration": {"text": "4 mins", "value": 255}, "end_location": {"lat": 35.0108346, "lng": 135.7672136}}, {"html_instructions": "Turn <b>left</b> onto <b>\u5bfa\u753a\u901a\u308a</b><div style=\"font-size:0.9em\">Destination will be on the left</div>", "distance": {"text": "0.2 km", "value": 181}, "travel_mode": "DRIVING", "maneuver": "turn-left", "start_location": {"lat": 35.0108346, "lng": 135.7672136}, "polyline": {"points": "u`utEa`t{Xe@A]Am@?qAAm@AS?S?k@?"}, "duration": {"text": "1 min", "value": 48}, "end_location": {"lat": 35.0124645, "lng": 135.7672516}}], "duration": {"text": "10 mins", "value": 623}, "end_location": {"lat": 35.0124645, "lng": 135.7672516}}]}], "status": "OK", "geocoded_waypoints": [{"place_id": "ChIJwxZpCnYIAWARka0sccbL0no", "geocoder_status": "OK", "types": ["street_address"]}, {"place_id": "ChIJZSPkzo0IAWARYlwnQBy_e6c", "geocoder_status": "OK", "types": ["establishment", "home_goods_store", "point_of_interest", "store"]}]}