{"routes": [{"overview_polyline": {"points": "c}vtEeru{X@~@G@AD@tEAFG@oC?_B@@fC@`D?PQ?_B@yJM}IKuJO_EG[A?LC`@StEEfAIdBCjDCdH?zB?dAL?fCCvCEnBC"}, "warnings": [], "bounds": {"northeast": {"lat": 35.029179, "lng": 135.7752327}, "southwest": {"lat": 35.0204898, "lng": 135.76693}}, "waypoint_order": [], "summary": "\u5ddd\u7aef\u901a\u308a and \u4eca\u51fa\u5ddd\u901a\u30ea/\u5e9c\u9053101\u53f7", "copyrights": "Map data \u00a92019", "legs": [{"distance": {"text": "2.0 km", "value": 1950}, "traffic_speed_entry": [], "end_address": "Japan, \u3012602-0844 Kyoto, Kamigy\u014d-ku, Somedonoch\u014d, \u5bfa\u753a\u901a\u4eca\u51fa\u5ddd\u4e0b\u308b\u2212\uff16\uff15\uff18", "via_waypoint": [], "start_address": "46-20 Yoshidashimoadachich\u014d, Saky\u014d-ku, Kyoto, 606-8304, Japan", "start_location": {"lat": 35.0204981, "lng": 135.7752327}, "steps": [{"html_instructions": "Head <b>west</b><div style=\"font-size:0.9em\">Restricted usage road</div>", "distance": {"text": "27 m", "value": 27}, "travel_mode": "DRIVING", "start_location": {"lat": 35.0204981, "lng": 135.7752327}, "polyline": {"points": "c}vtEeru{X@x@"}, "duration": {"text": "1 min", "value": 6}, "end_location": {"lat": 35.0204895, "lng": 135.7749369}}, {"html_instructions": "Turn <b>right</b><div style=\"font-size:0.9em\">Restricted usage road</div>", "distance": {"text": "0.2 km", "value": 250}, "travel_mode": "DRIVING", "maneuver": "turn-right", "start_location": {"lat": 35.0204895, "lng": 135.7749369}, "polyline": {"points": "a}vtEkpu{X?DE@A?A@?@?@?B?B?l@@^?F?lA?h@?@?B?@A??@A?A?C?{A?K?G?_@?mA?Q@"}, "duration": {"text": "1 min", "value": 65}, "end_location": {"lat": 35.0217772, "lng": 135.7737432}}, {"html_instructions": "Turn <b>left</b> onto <b>\u8fd1\u885b\u901a\u308a</b>", "distance": {"text": "0.1 km", "value": 136}, "travel_mode": "DRIVING", "maneuver": "turn-left", "start_location": {"lat": 35.0217772, "lng": 135.7737432}, "polyline": {"points": "cewtE{hu{X@~A?f@@f@?xB"}, "duration": {"text": "1 min", "value": 62}, "end_location": {"lat": 35.0217563, "lng": 135.7722532}}, {"html_instructions": "Turn <b>right</b> at <b>\u8352\u795e\u6a4b\u6771\u8a70\uff08\u4ea4\u5dee\u70b9\uff09</b> onto <b>\u5ddd\u7aef\u901a\u308a</b>", "distance": {"text": "0.8 km", "value": 807}, "travel_mode": "DRIVING", "maneuver": "turn-right", "start_location": {"lat": 35.0217563, "lng": 135.7722532}, "polyline": {"points": "_ewtEq_u{X?PQ?C?{A@wEGaDE_BCaCAYAaBCkBEkBCgBCu@Ag@A_@Ai@?mAC[A"}, "duration": {"text": "2 mins", "value": 120}, "end_location": {"lat": 35.0289354, "lng": 135.7724102}}, {"html_instructions": "Turn <b>left</b> onto <b>\u4eca\u51fa\u5ddd\u901a\u30ea</b>/<wbr/><b>\u5e9c\u9053101\u53f7</b> (signs for <b>Horikawaimadegawa</b>)", "distance": {"text": "0.5 km", "value": 500}, "travel_mode": "DRIVING", "maneuver": "turn-left", "start_location": {"lat": 35.0289354, "lng": 135.7724102}, "polyline": {"points": "{qxtEq`u{X?LAJAT?PCh@MrCAD?DAVC`@?FALCp@ALAV?TAX?|@A|@?B?r@Ab@?t@?X?l@AfA?B?x@?`A?dA"}, "duration": {"text": "2 mins", "value": 113}, "end_location": {"lat": 35.029179, "lng": 135.7669315}}, {"html_instructions": "Turn <b>left</b>", "distance": {"text": "0.2 km", "value": 230}, "travel_mode": "DRIVING", "maneuver": "turn-left", "start_location": {"lat": 35.029179, "lng": 135.7669315}, "polyline": {"points": "ksxtEi~s{XL?tAAp@A~BCVAH?n@At@A"}, "duration": {"text": "1 min", "value": 43}, "end_location": {"lat": 35.0271112, "lng": 135.7669951}}], "duration": {"text": "7 mins", "value": 409}, "end_location": {"lat": 35.0271112, "lng": 135.7669951}}]}], "status": "OK", "geocoded_waypoints": [{"place_id": "ChIJrSppL_QIAWARsj54ry95gLY", "geocoder_status": "OK", "types": ["street_address"]}, {"place_id": "ChIJiR4hFGYIAWARYdOZxn03pVk", "geocoder_status": "OK", "types": ["premise"]}]}