{"routes": [{"overview_polyline": {"points": "yqwtEsmq{X?oIB{KAe@?kG?MbA?~@AzA?`F?nB?|L?|EEv@Yl@GT?rAAdBAlGInKMdG?zB?@gBuA?G?"}, "warnings": [], "bounds": {"northeast": {"lat": 35.023807, "lng": 135.7602329}, "southwest": {"lat": 35.0108092, "lng": 135.7540231}}, "waypoint_order": [], "summary": "\u70cf\u4e38\u901a\u308a/\u56fd\u9053367\u53f7", "copyrights": "Map data \u00a92019", "legs": [{"distance": {"text": "2.0 km", "value": 2032}, "traffic_speed_entry": [], "end_address": "191-4 Nakahorich\u014d, Nakagy\u014d-ku, Kyoto, 604-0844, Japan", "via_waypoint": [], "start_address": "Japan, \u3012602-8074 Kyoto, Kamigy\u014d-ku, \u4e0a\u9577\u8005\u753a\u901a\u6cb9\u5c0f\u8def\u6771\u5165\u6709\u6625\u753a\uff11\uff17\uff15", "start_location": {"lat": 35.0238067, "lng": 135.7540231}, "steps": [{"html_instructions": "Head <b>east</b> on <b>\u4e0a\u9577\u8005\u753a\u901a\u308a</b> toward <b>\u5c0f\u5ddd\u901a\u308a</b><div style=\"font-size:0.9em\">Pass by \u677e\u672c\u5546\u5e97 (on the right)</div>", "distance": {"text": "0.5 km", "value": 480}, "travel_mode": "DRIVING", "start_location": {"lat": 35.0238067, "lng": 135.7540231}, "polyline": {"points": "yqwtEsmq{X?o@?Q?kC?aC@sD@gF?e@A??qA?yD"}, "duration": {"text": "2 mins", "value": 139}, "end_location": {"lat": 35.0237984, "lng": 135.7592858}}, {"html_instructions": "Turn <b>right</b> onto <b>\u70cf\u4e38\u901a\u308a</b>/<wbr/><b>\u56fd\u9053367\u53f7</b>", "distance": {"text": "1.5 km", "value": 1453}, "travel_mode": "DRIVING", "maneuver": "turn-right", "start_location": {"lat": 35.0237984, "lng": 135.7592858}, "polyline": {"points": "wqwtEqnr{X?MbA?l@AP?B?vA?V?|B?J?~@?p@?B?t@?B?~@?L?tB?F?xA?n@?fA?^?DA~A?F?HAf@?h@AL?D?B?DABAh@Ub@EHAD?N?t@AF?B?P?P?h@?J?\\Ab@Ab@?TAb@?bAA@?j@AXAtBEZ?d@A`@Ad@?t@Ar@?d@Ar@?h@?xA?lA?zB?"}, "duration": {"text": "4 mins", "value": 241}, "end_location": {"lat": 35.0108183, "lng": 135.7597069}}, {"html_instructions": "Turn <b>left</b> at <b>\u70cf\u4e38\u5fa1\u6c60\uff08\u4ea4\u5dee\u70b9\uff09</b> onto <b>\u5fa1\u6c60\u901a\u308a</b>/<wbr/><b>\u5e9c\u905337\u53f7</b> (signs for <b>Kawaramachioike</b>)", "distance": {"text": "47 m", "value": 47}, "travel_mode": "DRIVING", "maneuver": "turn-left", "start_location": {"lat": 35.0108183, "lng": 135.7597069}, "polyline": {"points": "s`utEeqr{X@gB"}, "duration": {"text": "1 min", "value": 19}, "end_location": {"lat": 35.0108092, "lng": 135.7602281}}, {"html_instructions": "Turn <b>left</b> onto <b>\u8eca\u5c4b\u753a\u901a</b><div style=\"font-size:0.9em\">Destination will be on the right</div>", "distance": {"text": "52 m", "value": 52}, "travel_mode": "DRIVING", "maneuver": "turn-left", "start_location": {"lat": 35.0108092, "lng": 135.7602281}, "polyline": {"points": "q`utEmtr{Xe@?o@?G?"}, "duration": {"text": "1 min", "value": 23}, "end_location": {"lat": 35.0112798, "lng": 135.7602326}}], "duration": {"text": "7 mins", "value": 422}, "end_location": {"lat": 35.0112798, "lng": 135.7602326}}]}], "status": "OK", "geocoded_waypoints": [{"place_id": "ChIJs01ToncIAWARlu2VJZgHI_A", "geocoder_status": "OK", "types": ["street_address"]}, {"place_id": "ChIJ6xfz6YUIAWARmQvx25rwdf8", "geocoder_status": "OK", "types": ["street_address"]}]}