{"routes": [{"overview_polyline": {"points": "g|wtEw}q{Xi@Hs@LuATg@BiDJQBq@b@MH{C?wCAz@aF@UCeJByECmHKoSCaFAgDtGG~MK@ADoB?KN?tBDbGN`@@?^Cz@"}, "warnings": [], "bounds": {"northeast": {"lat": 35.0293839, "lng": 135.7676645}, "southwest": {"lat": 35.0232091, "lng": 135.7560384}}, "waypoint_order": [], "summary": "\u4eca\u51fa\u5ddd\u901a\u30ea/\u5e9c\u9053101\u53f7", "copyrights": "Map data \u00a92019", "legs": [{"distance": {"text": "2.2 km", "value": 2200}, "traffic_speed_entry": [], "end_address": "23 Ky\u014dtogyoen, Kamigy\u014d-ku, Kyoto, 602-0881, Japan", "via_waypoint": [], "start_address": "461 Santeich\u014d, Kamigy\u014d-ku, Kyoto, 602-0915, Japan", "start_location": {"lat": 35.0254784, "lng": 135.7565975}, "steps": [{"html_instructions": "Head <b>north</b> on <b>\u65b0\u753a\u901a</b> toward <b>\u4e00\u6761\u901a\u308a</b>", "distance": {"text": "0.4 km", "value": 443}, "travel_mode": "DRIVING", "start_location": {"lat": 35.0254784, "lng": 135.7565975}, "polyline": {"points": "g|wtEw}q{XE?K@E@QDI@C?WFMBOBw@LE@G@G@G?M@I?y@Bc@@m@B]@E?G@A@A?A@C@C@KFA@EDIDIFCBABA?E@A?C?{@?yA?g@?m@AC?}@?"}, "duration": {"text": "2 mins", "value": 101}, "end_location": {"lat": 35.0293839, "lng": 135.7560508}}, {"html_instructions": "Turn <b>right</b> at <b>\u4eca\u51fa\u5ddd\u65b0\u753a\uff08\u4ea4\u5dee\u70b9\uff09</b> onto <b>\u4eca\u51fa\u5ddd\u901a\u30ea</b>/<wbr/><b>\u5e9c\u9053101\u53f7</b>", "distance": {"text": "1.0 km", "value": 996}, "travel_mode": "DRIVING", "maneuver": "turn-right", "start_location": {"lat": 35.0293839, "lng": 135.7560508}, "polyline": {"points": "stxtEizq{Xl@kDLu@@K?IAaC?E?cAAyC@w@?A?eB@y@?G?S?i@?EAa@AkB?k@?g@Ag@?A?A?i@Ai@?I?A?{@?k@CmEA{@?E?CAeC?A?C?E?Y?CA_@?k@?s@Ay@?K?C?u@AaB"}, "duration": {"text": "3 mins", "value": 182}, "end_location": {"lat": 35.029179, "lng": 135.7669315}}, {"html_instructions": "Turn <b>right</b>", "distance": {"text": "0.5 km", "value": 480}, "travel_mode": "DRIVING", "maneuver": "turn-right", "start_location": {"lat": 35.029179, "lng": 135.7669315}, "polyline": {"points": "ksxtEi~s{XL?tAAp@A~BCVAH?n@A`AAhDAzBC`@?B?@??A@??A?CBiB?K"}, "duration": {"text": "1 min", "value": 79}, "end_location": {"lat": 35.0253512, "lng": 135.7676645}}, {"html_instructions": "Turn <b>right</b> onto <b>\u5bfa\u753a\u901a\u308a</b>", "distance": {"text": "0.2 km", "value": 239}, "travel_mode": "DRIVING", "maneuver": "turn-right", "start_location": {"lat": 35.0253512, "lng": 135.7676645}, "polyline": {"points": "m{wtE{bt{XN?fBDL?pADF?dABbBDN@P?@?"}, "duration": {"text": "1 min", "value": 40}, "end_location": {"lat": 35.0232013, "lng": 135.7675367}}, {"html_instructions": "Turn <b>right</b>", "distance": {"text": "42 m", "value": 42}, "travel_mode": "DRIVING", "maneuver": "turn-right", "start_location": {"lat": 35.0232013, "lng": 135.7675367}, "polyline": {"points": "_nwtEcbt{XA^?FCr@"}, "duration": {"text": "1 min", "value": 27}, "end_location": {"lat": 35.0232277, "lng": 135.7670774}}], "duration": {"text": "7 mins", "value": 429}, "end_location": {"lat": 35.0232277, "lng": 135.7670774}}]}], "status": "OK", "geocoded_waypoints": [{"place_id": "ChIJO5J5LXcIAWARScE4Icy3W9c", "geocoder_status": "OK", "types": ["premise"]}, {"place_id": "ChIJh5ZvM2QIAWARvhzCoZXG_7I", "geocoder_status": "OK", "types": ["street_address"]}]}