{"routes": [{"overview_polyline": {"points": "cqwtEoyu{X?i@BaDK?wAAiAA`@zAj@`Bx@|AJVdAtBrAnEd@~Az@nC^`BFj@@TvA?z@?vEAvJGvECAv@@nBAzBAhCBdBHfEJdDDjB?dH@`K?fM@~IHxCEvEAdH@tEBfB?rH?|G?Xb@JpB@zBB|EDnGDjE@hAAJCVKLA"}, "warnings": [], "bounds": {"northeast": {"lat": 35.0245469, "lng": 135.7774442}, "southwest": {"lat": 35.0118826, "lng": 135.7516786}}, "waypoint_order": [], "summary": "\u4e38\u592a\u753a\u901a\u308a/\u5e9c\u9053187\u53f7", "copyrights": "Map data \u00a92019", "legs": [{"distance": {"text": "3.7 km", "value": 3734}, "traffic_speed_entry": [], "end_address": "Nijojo-mae Sta.(Nijo-jo Castle), Japan", "via_waypoint": [], "start_address": "1 Yoshidatachibanach\u014d, Saky\u014d-ku, Kyoto, 606-8303, Japan", "start_location": {"lat": 35.0237031, "lng": 135.7764015}, "steps": [{"html_instructions": "Head <b>east</b><div style=\"font-size:0.9em\">Restricted usage road</div>", "distance": {"text": "93 m", "value": 93}, "travel_mode": "DRIVING", "start_location": {"lat": 35.0237031, "lng": 135.7764015}, "polyline": {"points": "cqwtEoyu{X?_@?IBaD"}, "duration": {"text": "1 min", "value": 26}, "end_location": {"lat": 35.0236829, "lng": 135.7774175}}, {"html_instructions": "Turn <b>left</b><div style=\"font-size:0.9em\">Restricted usage road</div>", "distance": {"text": "0.1 km", "value": 96}, "travel_mode": "DRIVING", "maneuver": "turn-left", "start_location": {"lat": 35.0236829, "lng": 135.7774175}, "polyline": {"points": "_qwtE{_v{XK?kAAK?M?{@A"}, "duration": {"text": "1 min", "value": 29}, "end_location": {"lat": 35.0245469, "lng": 135.7774442}}, {"html_instructions": "Turn <b>left</b><div style=\"font-size:0.9em\">Pass by \u30af\u30ea\u30fc\u30cb\u30f3\u30b0 (on the left in 300&nbsp;m)</div>", "distance": {"text": "0.5 km", "value": 536}, "travel_mode": "DRIVING", "maneuver": "turn-left", "start_location": {"lat": 35.0245469, "lng": 135.7774442}, "polyline": {"points": "mvwtE_`v{XTz@J^Tr@Tl@HPDJLRZj@@B?@FL@BRb@\\l@HNHRPh@Rj@BJh@lBLd@JZFTBFZ`ABHFRRn@Np@FVDN@F@F@H@L@J@T"}, "duration": {"text": "2 mins", "value": 112}, "end_location": {"lat": 35.0223398, "lng": 135.7722531}}, {"html_instructions": "Turn <b>left</b> onto <b>\u5ddd\u7aef\u901a\u308a</b>", "distance": {"text": "0.5 km", "value": 532}, "travel_mode": "DRIVING", "maneuver": "turn-left", "start_location": {"lat": 35.0223398, "lng": 135.7722531}, "polyline": {"points": "shwtEq_u{XvA?Z?^?\\AbA?pAAb@@D?xAAz@AzEChBAlBA"}, "duration": {"text": "2 mins", "value": 101}, "end_location": {"lat": 35.0175601, "lng": 135.7723169}}, {"html_instructions": "Turn <b>right</b> onto <b>\u4e38\u592a\u753a\u6a4b</b>/<wbr/><b>\u4e38\u592a\u753a\u901a\u308a</b>/<wbr/><b>\u5e9c\u9053187\u53f7</b> (signs for <b>Karasumamarutamachi</b>)<div style=\"font-size:0.9em\">Continue to follow \u4e38\u592a\u753a\u901a\u308a/<wbr/>\u5e9c\u9053187\u53f7</div>", "distance": {"text": "1.9 km", "value": 1865}, "travel_mode": "DRIVING", "maneuver": "turn-right", "start_location": {"lat": 35.0175601, "lng": 135.7723169}, "polyline": {"points": "wjvtE_`u{X?RAb@?F?H?H@rAAr@?F?F?P?D?D?H?N?PAdB?D?J@|@@f@BvBDnA@JD`B@D@p@BdB@D?zC?hC?dA?`@?x@@~E?rC?|B?Z?xC?V?N@d@?D?fAAd@@fB?t@?L@H?NBV@^@V?P?NAfACnC?|CAfC?tC?H?X@Z@xA@L?pC?`D?~@?`E?R?F?F?P"}, "duration": {"text": "6 mins", "value": 380}, "end_location": {"lat": 35.0173572, "lng": 135.751845}}, {"html_instructions": "Turn <b>left</b> at <b>\u5800\u5ddd\u4e38\u592a\u753a\uff08\u4ea4\u5dee\u70b9\uff09</b> onto <b>\u5800\u5ddd\u901a\u308a</b>/<wbr/><b>\u978d\u99ac\u8857\u9053</b>/<wbr/><b>\u5e9c\u905338\u53f7</b> (signs for <b>Meishin Expressway</b>/<wbr/><b>Horikawagojo</b>/<wbr/><b>Nshihonganji Temple</b>/<wbr/><b>Nijojo Castle</b>)<div style=\"font-size:0.9em\">Destination will be on the left</div>", "distance": {"text": "0.6 km", "value": 612}, "travel_mode": "DRIVING", "maneuver": "turn-left", "start_location": {"lat": 35.0173572, "lng": 135.751845}, "polyline": {"points": "oivtE_`q{Xb@JpB@xA@`@@n@?lDDtCB\\@`AAX@rA@r@?f@?Z?p@AV?B?FCDCPGLA"}, "duration": {"text": "2 mins", "value": 108}, "end_location": {"lat": 35.0118826, "lng": 135.751785}}], "duration": {"text": "13 mins", "value": 756}, "end_location": {"lat": 35.0118826, "lng": 135.751785}}]}], "status": "OK", "geocoded_waypoints": [{"place_id": "ChIJGUGnA_YIAWARltI7F5LoANw", "geocoder_status": "OK", "types": ["street_address"]}, {"place_id": "ChIJEe7XzCoGAWARG9mcH9MIF_g", "geocoder_status": "OK", "types": ["establishment", "point_of_interest", "subway_station", "transit_station"]}]}