{"routes": [{"overview_polyline": {"points": "mzutE}sq{X~CBlB??U@uC@gCEmCEaDAqHaDFaIJeC@gA@YH{@RkAB}GDcKAuL@{HC?aCb@Gj@?"}, "warnings": [], "bounds": {"northeast": {"lat": 35.0250513, "lng": 135.7599947}, "southwest": {"lat": 35.0135829, "lng": 135.755008}}, "waypoint_order": [], "summary": "\u70cf\u4e38\u901a\u308a/\u56fd\u9053367\u53f7", "copyrights": "Map data \u00a92019", "legs": [{"distance": {"text": "1.9 km", "value": 1942}, "traffic_speed_entry": [], "end_address": "3 Ky\u014dtogyoen, Kamigy\u014d-ku, Kyoto, \u4eac\u90fd\u5e9c Kyoto 602-0881, Japan", "via_waypoint": [], "start_address": "409 Bishamonch\u014d, Nakagy\u014d-ku, Kyoto, 604-0082, Japan", "start_location": {"lat": 35.0149499, "lng": 135.755032}, "steps": [{"html_instructions": "Head <b>south</b> on <b>\u897f\u6d1e\u9662\u901a\u308a</b> toward <b>\u5937\u5ddd\u901a\u308a</b>", "distance": {"text": "0.2 km", "value": 150}, "travel_mode": "DRIVING", "start_location": {"lat": 35.0149499, "lng": 135.755032}, "polyline": {"points": "mzutE}sq{XL?fA@z@?L@lB?"}, "duration": {"text": "1 min", "value": 37}, "end_location": {"lat": 35.0136039, "lng": 135.755008}}, {"html_instructions": "Turn <b>left</b> onto <b>\u4e8c\u6761\u901a\u308a</b>", "distance": {"text": "0.4 km", "value": 418}, "travel_mode": "DRIVING", "maneuver": "turn-left", "start_location": {"lat": 35.0136039, "lng": 135.755008}, "polyline": {"points": "_rutEysq{X?U@iC?K@_C?G?EEgCAK?aAAe@Am@?EAoC?Y?aC"}, "duration": {"text": "2 mins", "value": 124}, "end_location": {"lat": 35.0136547, "lng": 135.7595959}}, {"html_instructions": "Turn <b>left</b> onto <b>\u70cf\u4e38\u901a\u308a</b>/<wbr/><b>\u56fd\u9053367\u53f7</b>", "distance": {"text": "1.3 km", "value": 1269}, "travel_mode": "DRIVING", "maneuver": "turn-left", "start_location": {"lat": 35.0136547, "lng": 135.7595959}, "polyline": {"points": "irutEopr{XeABS?a@@e@@e@@m@@eCBgBBc@@s@?a@?K?[?Q?O?I@SDEBYJa@FE@Q@W?[?s@@oB@aA?w@@}B?K?a@?E?]?cCAa@?M?uB?iC@_C?u@?aAAcD?K?iAA"}, "duration": {"text": "3 mins", "value": 205}, "end_location": {"lat": 35.0250476, "lng": 135.7592953}}, {"html_instructions": "Turn <b>right</b> at <b>\u4e2d\u7acb\u58f2\u901a\u308a</b>", "distance": {"text": "0.1 km", "value": 105}, "travel_mode": "DRIVING", "maneuver": "turn-right", "start_location": {"lat": 35.0250476, "lng": 135.7592953}, "polyline": {"points": "qywtEsnr{X?O?qBNCRCL?\\?"}, "duration": {"text": "1 min", "value": 73}, "end_location": {"lat": 35.0246506, "lng": 135.7599947}}], "duration": {"text": "7 mins", "value": 439}, "end_location": {"lat": 35.0246506, "lng": 135.7599947}}]}], "status": "OK", "geocoded_waypoints": [{"place_id": "ChIJL8v4SX4IAWARcK2cdX6qP-0", "geocoder_status": "OK", "types": ["street_address"]}, {"place_id": "ChIJIWCiKGUIAWARPLRBv0Fb4Ws", "geocoder_status": "OK", "types": ["street_address"]}]}