{"routes": [{"overview_polyline": {"points": "svvtEwsq{XnHApB?CuB@aIDeKGaBA}AAcMAyXAaDc@A{AAwKImS_@sKWyL[g@A@N?|@@zAlCE"}, "warnings": [], "bounds": {"northeast": {"lat": 35.0278053, "lng": 135.7678207}, "southwest": {"lat": 35.0173526, "lng": 135.7549953}}, "waypoint_order": [], "summary": "\u4e38\u592a\u753a\u901a\u308a/\u5e9c\u9053187\u53f7 and \u5bfa\u753a\u901a\u308a", "copyrights": "Map data \u00a92019", "legs": [{"distance": {"text": "2.7 km", "value": 2666}, "traffic_speed_entry": [], "end_address": "665-1 Somedonoch\u014d, Kamigy\u014d-ku, Kyoto, 602-0844, Japan", "via_waypoint": [], "start_address": "144 Nishi\u014djich\u014d, Kamigy\u014d-ku, Kyoto, 602-8048, Japan", "start_location": {"lat": 35.0194601, "lng": 135.7549953}, "steps": [{"html_instructions": "Head <b>south</b> on <b>\u897f\u6d1e\u9662\u901a\u308a</b> toward <b>\u4e38\u592a\u753a\u901a\u308a</b>/<wbr/><b>\u5e9c\u9053187\u53f7</b>", "distance": {"text": "0.2 km", "value": 233}, "travel_mode": "DRIVING", "start_location": {"lat": 35.0194601, "lng": 135.7549953}, "polyline": {"points": "svvtEwsq{X|@@zA?FAlCA`A?n@?"}, "duration": {"text": "1 min", "value": 69}, "end_location": {"lat": 35.0173678, "lng": 135.7550108}}, {"html_instructions": "Turn <b>left</b> onto <b>\u4e38\u592a\u753a\u901a\u308a</b>/<wbr/><b>\u5e9c\u9053187\u53f7</b>", "distance": {"text": "1.1 km", "value": 1119}, "travel_mode": "DRIVING", "maneuver": "turn-left", "start_location": {"lat": 35.0173678, "lng": 135.7550108}, "polyline": {"points": "qivtEysq{XAyAA[?Y?I?uC@gC?}CBoC@gA?O?QAWA_@CW?OAI?M?u@AgB@e@?gA?EAe@?O?W?yC?[?}B?sCA_F?y@?a@?eA?iC?{C"}, "duration": {"text": "4 mins", "value": 212}, "end_location": {"lat": 35.0174239, "lng": 135.7672912}}, {"html_instructions": "Turn <b>left</b> onto <b>\u5bfa\u753a\u901a\u308a</b>", "distance": {"text": "1.2 km", "value": 1158}, "travel_mode": "DRIVING", "maneuver": "turn-left", "start_location": {"lat": 35.0174239, "lng": 135.7672912}, "polyline": {"points": "{ivtEq`t{XAEW?KA[AW?S?S?w@AcAAe@?_BAu@Ai@?U?_@AwFIwBEuBEiACy@CA?Q?OAcBEeACG?qAEM?gBEO?IAwGSaDGg@A"}, "duration": {"text": "2 mins", "value": 140}, "end_location": {"lat": 35.0278053, "lng": 135.7678207}}, {"html_instructions": "Turn <b>left</b><div style=\"font-size:0.9em\">Destination will be on the right</div>", "distance": {"text": "0.2 km", "value": 156}, "travel_mode": "DRIVING", "maneuver": "turn-left", "start_location": {"lat": 35.0278053, "lng": 135.7678207}, "polyline": {"points": "yjxtE{ct{X@N?X?b@@dA?TVAH?n@Az@A"}, "duration": {"text": "1 min", "value": 31}, "end_location": {"lat": 35.0270796, "lng": 135.7669956}}], "duration": {"text": "8 mins", "value": 452}, "end_location": {"lat": 35.0270796, "lng": 135.7669956}}]}], "status": "OK", "geocoded_waypoints": [{"place_id": "ChIJc87hHXkIAWAR7lBFGAqbJck", "geocoder_status": "OK", "types": ["street_address"]}, {"place_id": "ChIJvc5fZmYIAWARC8eOtnZTEAg", "geocoder_status": "OK", "types": ["premise"]}]}