{"routes": [{"overview_polyline": {"points": "i}utEsfs{X|I??wC@cO@uCh@?J?PKDMBwBBgEpC?dA?LAErB"}, "warnings": [], "bounds": {"northeast": {"lat": 35.0154065, "lng": 135.7689668}, "southwest": {"lat": 35.0120573, "lng": 135.7631407}}, "waypoint_order": [], "summary": "\u4e8c\u6761\u901a\u308a", "copyrights": "Map data \u00a92019", "legs": [{"distance": {"text": "0.9 km", "value": 941}, "traffic_speed_entry": [], "end_address": "Japan, \u3012604-0925 Kyoto, Nakagyo Ward, \u5bfa\u753a\u901a\u5fa1\u6c60\u4e0a\u308b\u4e0a\u672c\u80fd\u5bfa\u524d\u753a488", "via_waypoint": [], "start_address": "Japan, \u3012604-0804 Kyoto, Nakagy\u014d-ku, Kinuyach\u014d, \u583a\u753a\u901a\u5937\u5ddd\u4e0a\u308b\u2212\uff11\uff12\uff15\u2212\uff12", "start_location": {"lat": 35.0154065, "lng": 135.7631424}, "steps": [{"html_instructions": "Head <b>south</b> on <b>\u583a\u753a\u901a\u308a</b> toward <b>\u5937\u5ddd\u901a\u308a</b>", "distance": {"text": "0.2 km", "value": 194}, "travel_mode": "DRIVING", "start_location": {"lat": 35.0154065, "lng": 135.7631424}, "polyline": {"points": "i}utEsfs{XhA?X?jB?lC?"}, "duration": {"text": "1 min", "value": 60}, "end_location": {"lat": 35.0136577, "lng": 135.7631407}}, {"html_instructions": "Turn <b>left</b> onto <b>\u4e8c\u6761\u901a\u308a</b>", "distance": {"text": "0.4 km", "value": 372}, "travel_mode": "DRIVING", "maneuver": "turn-left", "start_location": {"lat": 35.0136577, "lng": 135.7631407}, "polyline": {"points": "krutEsfs{X?C?sA?k@?S@yE@_D?AAgC@uC"}, "duration": {"text": "2 mins", "value": 108}, "end_location": {"lat": 35.0136387, "lng": 135.7672305}}, {"html_instructions": "Turn <b>right</b> onto <b>\u4e8c\u6761\u901a\u308a</b>/<wbr/><b>\u5bfa\u753a\u901a\u308a</b><div style=\"font-size:0.9em\">Continue to follow \u4e8c\u6761\u901a\u308a</div>", "distance": {"text": "0.2 km", "value": 194}, "travel_mode": "DRIVING", "maneuver": "turn-right", "start_location": {"lat": 35.0136387, "lng": 135.7672305}, "polyline": {"points": "grutEe`t{Xh@?F?B?BALIBG@E?C@Y?q@@g@@_B@gB"}, "duration": {"text": "1 min", "value": 63}, "end_location": {"lat": 35.0132105, "lng": 135.7689591}}, {"html_instructions": "Turn <b>right</b> at <b>\u6cb3\u539f\u753a\u4e8c\u6761\uff08\u4ea4\u5dee\u70b9\uff09</b> onto <b>\u6cb3\u539f\u753a\u901a\u308a</b>/<wbr/><b>\u5e9c\u905332\u53f7</b>", "distance": {"text": "0.1 km", "value": 120}, "travel_mode": "DRIVING", "maneuver": "turn-right", "start_location": {"lat": 35.0132105, "lng": 135.7689591}, "polyline": {"points": "qoutE_kt{XzAAt@@B?J?N?d@?"}, "duration": {"text": "1 min", "value": 32}, "end_location": {"lat": 35.0121319, "lng": 135.7689618}}, {"html_instructions": "Turn <b>right</b> onto <b>\u62bc\u5c0f\u8def\u901a\u308a</b><div style=\"font-size:0.9em\">Destination will be on the left</div>", "distance": {"text": "61 m", "value": 61}, "travel_mode": "DRIVING", "maneuver": "turn-right", "start_location": {"lat": 35.0121319, "lng": 135.7689618}, "polyline": {"points": "yhutE_kt{XLAErB"}, "duration": {"text": "1 min", "value": 19}, "end_location": {"lat": 35.0120891, "lng": 135.7683878}}], "duration": {"text": "5 mins", "value": 282}, "end_location": {"lat": 35.0120891, "lng": 135.7683878}}]}], "status": "OK", "geocoded_waypoints": [{"place_id": "ChIJmcug94gIAWARFUdHIgljstk", "geocoder_status": "OK", "types": ["premise"]}, {"place_id": "ChIJwfwekI0IAWARzSWABXy6lIw", "geocoder_status": "OK", "types": ["city_hall", "establishment", "local_government_office", "point_of_interest"]}]}