{"routes": [{"overview_polyline": {"points": "qistEyyr{XzIAN??j@?h@@vA?rA@N@TU?eD?g@?mA?gD@uB@}Q?yLBm@@?|A@lE?fA?jG?|C"}, "warnings": [], "bounds": {"northeast": {"lat": 35.0085892, "lng": 135.7611026}, "southwest": {"lat": 35.0001635, "lng": 135.7555832}}, "waypoint_order": [], "summary": "\u70cf\u4e38\u901a\u308a/\u56fd\u9053367\u53f7", "copyrights": "Map data \u00a92019", "legs": [{"distance": {"text": "1.6 km", "value": 1636}, "traffic_speed_entry": [], "end_address": "16-1 Kamanzach\u014d, Nakagy\u014d-ku, Kyoto, 604-8241, Japan", "via_waypoint": [], "start_address": "289 \u014cgisakayach\u014d, Shimogy\u014d-ku, Kyoto, 600-8095, Japan", "start_location": {"lat": 35.00201, "lng": 135.7610907}, "steps": [{"html_instructions": "Head <b>south</b> on <b>\u6771\u6d1e\u9662\u901a\u308a</b> toward <b>\u4ecf\u5149\u5bfa\u901a\u308a</b>", "distance": {"text": "0.2 km", "value": 202}, "travel_mode": "DRIVING", "start_location": {"lat": 35.00201, "lng": 135.7610907}, "polyline": {"points": "qistEyyr{XH?|B?b@?|@A^?h@@\\AH?N?"}, "duration": {"text": "1 min", "value": 62}, "end_location": {"lat": 35.0001906, "lng": 135.7611026}}, {"html_instructions": "Turn <b>right</b> onto <b>\u9ad8\u8fbb\u901a\u308a</b>", "distance": {"text": "0.1 km", "value": 125}, "travel_mode": "DRIVING", "maneuver": "turn-right", "start_location": {"lat": 35.0001906, "lng": 135.7611026}, "polyline": {"points": "e~rtE{yr{X?j@?J?\\@L?j@?X?B?v@?L?D?F?B@J"}, "duration": {"text": "1 min", "value": 62}, "end_location": {"lat": 35.0001694, "lng": 135.75973}}, {"html_instructions": "Turn <b>right</b> at <b>\u70cf\u4e38\u9ad8\u8fbb\uff08\u4ea4\u5dee\u70b9\uff09</b> onto <b>\u70cf\u4e38\u901a\u308a</b>/<wbr/><b>\u56fd\u9053367\u53f7</b>", "distance": {"text": "0.9 km", "value": 946}, "travel_mode": "DRIVING", "maneuver": "turn-right", "start_location": {"lat": 35.0001694, "lng": 135.75973}, "polyline": {"points": "a~rtEiqr{X@TU?q@?sB?C?c@?E?c@?S?O?S?Q?eA?C?C?I@c@?E?W?c@@a@?A?E?A?K?A?U?K?g@?c@?A@E?e@AA?w@?mA?c@?e@@GAgA?c@?{B?oA?wA@aA?A?g@?yA?c@@g@?m@@"}, "duration": {"text": "3 mins", "value": 208}, "end_location": {"lat": 35.0085858, "lng": 135.7595736}}, {"html_instructions": "Turn <b>left</b> at <b>\u70cf\u4e38\u4e09\u6761\uff08\u4ea4\u5dee\u70b9\uff09</b> onto <b>\u4e09\u6761\u901a\u308a</b><div style=\"font-size:0.9em\">Destination will be on the left</div>", "distance": {"text": "0.4 km", "value": 363}, "travel_mode": "DRIVING", "maneuver": "turn-left", "start_location": {"lat": 35.0085858, "lng": 135.7595736}, "polyline": {"points": "urttEipr{X?|A?~@@lCAB@`@?`@?xA?J?nA?@?N?R?H?d@?f@?|@?j@?J"}, "duration": {"text": "2 mins", "value": 103}, "end_location": {"lat": 35.008575, "lng": 135.7555832}}], "duration": {"text": "7 mins", "value": 435}, "end_location": {"lat": 35.008575, "lng": 135.7555832}}]}], "status": "OK", "geocoded_waypoints": [{"place_id": "ChIJ2RL72ZkIAWARfPwtuHUVxQs", "geocoder_status": "OK", "types": ["premise"]}, {"place_id": "ChIJG_JivYMIAWARsznSPXgeIXs", "geocoder_status": "OK", "types": ["street_address"]}]}