{"routes": [{"overview_polyline": {"points": "cgstEwhq{Xs@AAC@kAkB?I?@BcB?mC?BbD\\@"}, "warnings": [], "bounds": {"northeast": {"lat": 35.00366710000001, "lng": 135.7536545}, "southwest": {"lat": 35.0016174, "lng": 135.7528015}}, "waypoint_order": [], "summary": "\u6cb9\u5c0f\u8def\u901a\u308a", "copyrights": "Map data \u00a92020", "legs": [{"distance": {"text": "0.4 km", "value": 359}, "traffic_speed_entry": [], "end_address": "15 Kashiwayach\u014d, Shimogy\u014d-ku, Kyoto, \u4eac\u90fd\u5e9c Kyoto 600-8481, Japan", "via_waypoint": [], "start_address": "Japan, \u3012600-8475 Kyoto, Shimogy\u014d-ku, \u6cb9\u5c0f\u8def\u901a\u7dbe\u5c0f\u8def\u4e0b\u308b\u98a8\u65e9\u753a\uff15\uff17\uff10", "start_location": {"lat": 35.0016174, "lng": 135.7532419}, "steps": [{"html_instructions": "Head <b>north</b> toward <b>\u6cb9\u5c0f\u8def\u901a\u308a</b>", "distance": {"text": "66 m", "value": 66}, "travel_mode": "DRIVING", "start_location": {"lat": 35.0016174, "lng": 135.7532419}, "polyline": {"points": "cgstEwhq{Xo@?AAA??AAA?C?O@w@"}, "duration": {"text": "1 min", "value": 16}, "end_location": {"lat": 35.0018786, "lng": 135.7536545}}, {"html_instructions": "Turn <b>left</b> onto <b>\u6cb9\u5c0f\u8def\u901a\u308a</b>", "distance": {"text": "0.2 km", "value": 201}, "travel_mode": "DRIVING", "maneuver": "turn-left", "start_location": {"lat": 35.0018786, "lng": 135.7536545}, "polyline": {"points": "whstEikq{XS?wA?I?@BU?mA?u@?wA?"}, "duration": {"text": "1 min", "value": 67}, "end_location": {"lat": 35.00366710000001, "lng": 135.7536266}}, {"html_instructions": "Turn <b>left</b> onto <b>\u56db\u6761\u901a\u308a</b>/<wbr/><b>\u5e9c\u9053186\u53f7</b>", "distance": {"text": "75 m", "value": 75}, "travel_mode": "DRIVING", "maneuver": "turn-left", "start_location": {"lat": 35.00366710000001, "lng": 135.7536266}, "polyline": {"points": "}sstEekq{XBnC?R"}, "duration": {"text": "1 min", "value": 40}, "end_location": {"lat": 35.0036524, "lng": 135.7528072}}, {"html_instructions": "Turn <b>left</b> onto <b>\u9192\u30f6\u4e95\u901a</b>", "distance": {"text": "17 m", "value": 17}, "travel_mode": "DRIVING", "maneuver": "turn-left", "start_location": {"lat": 35.0036524, "lng": 135.7528072}, "polyline": {"points": "ysstEafq{XR@H?"}, "duration": {"text": "1 min", "value": 9}, "end_location": {"lat": 35.003497, "lng": 135.7528015}}], "duration": {"text": "2 mins", "value": 132}, "end_location": {"lat": 35.003497, "lng": 135.7528015}}]}], "status": "OK", "geocoded_waypoints": [{"place_id": "ChIJ705amJ0IAWARG4x4-f2HE_Q", "geocoder_status": "OK", "types": ["street_address"]}, {"place_id": "ChIJ02-cRZ0IAWARlQaSsJlK7rw", "geocoder_status": "OK", "types": ["street_address"]}]}