{"routes": [{"overview_polyline": {"points": "}ustEwyr{XhHA?bA"}, "warnings": [], "bounds": {"northeast": {"lat": 35.0039873, "lng": 135.7610944}, "southwest": {"lat": 35.0025007, "lng": 135.7607534}}, "waypoint_order": [], "summary": "\u6771\u6d1e\u9662\u901a\u308a", "copyrights": "Map data \u00a92019", "legs": [{"distance": {"text": "0.2 km", "value": 196}, "traffic_speed_entry": [], "end_address": "284 Takeyanoch\u014d, Shimogy\u014d-ku, Kyoto, 600-8090, Japan", "via_waypoint": [], "start_address": "Japan, \u3012604-8143 Kyoto, Nakagy\u014d-ku, \u6771\u6d1e\u9662\u901a\u56db\u6761\u4e0a\u308b\u962a\u6771\u5c4b\u753a\uff16\uff17\uff14", "start_location": {"lat": 35.0039873, "lng": 135.7610843}, "steps": [{"html_instructions": "Head <b>south</b> on <b>\u6771\u6d1e\u9662\u901a\u308a</b> toward <b>\u56db\u6761\u901a\u308a</b>/<wbr/><b>\u5e9c\u9053186\u53f7</b>", "distance": {"text": "0.2 km", "value": 165}, "travel_mode": "DRIVING", "start_location": {"lat": 35.0039873, "lng": 135.7610843}, "polyline": {"points": "}ustEwyr{XT?h@?b@?r@Ap@?D?b@?t@?"}, "duration": {"text": "1 min", "value": 68}, "end_location": {"lat": 35.0025015, "lng": 135.7610944}}, {"html_instructions": "Turn <b>right</b> onto <b>\u7dbe\u5c0f\u8def\u901a\u308a</b><div style=\"font-size:0.9em\">Destination will be on the left</div>", "distance": {"text": "31 m", "value": 31}, "travel_mode": "DRIVING", "maneuver": "turn-right", "start_location": {"lat": 35.0025015, "lng": 135.7610944}, "polyline": {"points": "slstEyyr{X?j@?V"}, "duration": {"text": "1 min", "value": 16}, "end_location": {"lat": 35.0025007, "lng": 135.7607534}}], "duration": {"text": "1 min", "value": 84}, "end_location": {"lat": 35.0025007, "lng": 135.7607534}}]}], "status": "OK", "geocoded_waypoints": [{"place_id": "ChIJBwn9D5oIAWAR67_CTri4MxI", "geocoder_status": "OK", "types": ["street_address"]}, {"place_id": "ChIJk-DZ65kIAWAR1_ViCD9awQQ", "geocoder_status": "OK", "types": ["street_address"]}]}