{"routes": [{"overview_polyline": {"points": "}{stEibr{X?yC?aC?gDGAkB?eJ@gD@uA@?|C@rD?fG?vD?`B?xA@dC@|@?PO@{B?_BAEA?B_@?{@B"}, "warnings": [], "bounds": {"northeast": {"lat": 35.0102322, "lng": 135.7595975}, "southwest": {"lat": 35.0049451, "lng": 135.7535976}}, "waypoint_order": [], "summary": "\u70cf\u4e38\u901a\u308a/\u56fd\u9053367\u53f7 and \u4e09\u6761\u901a\u308a", "copyrights": "Map data \u00a92019", "legs": [{"distance": {"text": "1.3 km", "value": 1343}, "traffic_speed_entry": [], "end_address": "Japan, \u3012604-8261 Kyoto, Nakagy\u014d-ku, Shikiamich\u014d, \uff11\uff12\uff16 \u30b8\u30aa\u4eac\u90fd\u5fa1\u6c60\u6cb9\u5c0f\u8def\u30b6\u30fb\u30c6\u30e9\u30b9", "via_waypoint": [], "start_address": "Japan, \u3012604-8221 Kyoto, Nakagy\u014d-ku, Tenjinyamach\u014d, \u9326\u5c0f\u8def\u901a\u5ba4\u753a\u897f\u5165\uff12\uff18\uff10", "start_location": {"lat": 35.0049529, "lng": 135.7573285}, "steps": [{"html_instructions": "Head <b>east</b> on <b>\u9326\u5c0f\u8def\u901a\u308a</b> toward <b>\u5ba4\u753a\u901a\u308a</b>", "distance": {"text": "0.2 km", "value": 208}, "travel_mode": "DRIVING", "start_location": {"lat": 35.0049529, "lng": 135.7573285}, "polyline": {"points": "}{stEibr{X?cA?uA?@?cC?gD"}, "duration": {"text": "1 min", "value": 74}, "end_location": {"lat": 35.0049506, "lng": 135.7595941}}, {"html_instructions": "Turn <b>left</b> onto <b>\u70cf\u4e38\u901a\u308a</b>/<wbr/><b>\u56fd\u9053367\u53f7</b>", "distance": {"text": "0.4 km", "value": 404}, "travel_mode": "DRIVING", "maneuver": "turn-left", "start_location": {"lat": 35.0049506, "lng": 135.7595941}, "polyline": {"points": "}{stEmpr{XGAgA?c@?{B?oA?wA@aA?A?g@?yA?c@@g@?m@@"}, "duration": {"text": "2 mins", "value": 97}, "end_location": {"lat": 35.0085858, "lng": 135.7595736}}, {"html_instructions": "Turn <b>left</b> at <b>\u70cf\u4e38\u4e09\u6761\uff08\u4ea4\u5dee\u70b9\uff09</b> onto <b>\u4e09\u6761\u901a\u308a</b>", "distance": {"text": "0.5 km", "value": 543}, "travel_mode": "DRIVING", "maneuver": "turn-left", "start_location": {"lat": 35.0085858, "lng": 135.7595736}, "polyline": {"points": "urttEipr{X?|A?~@@lCAB@`@?`@?xA?J?nA?@?N?R?H?d@?f@?|@?j@@~AA@?X?~@@x@?D?Z?h@@T?B?R?N?P"}, "duration": {"text": "2 mins", "value": 145}, "end_location": {"lat": 35.0085566, "lng": 135.7536258}}, {"html_instructions": "Turn <b>right</b> onto <b>\u6cb9\u5c0f\u8def\u901a\u308a</b><div style=\"font-size:0.9em\">Destination will be on the left</div>", "distance": {"text": "0.2 km", "value": 188}, "travel_mode": "DRIVING", "maneuver": "turn-right", "start_location": {"lat": 35.0085566, "lng": 135.7536258}, "polyline": {"points": "orttEekq{XO@q@?iA?E?C?q@Ac@?EA?BE?Y?e@@U@"}, "duration": {"text": "1 min", "value": 51}, "end_location": {"lat": 35.0102322, "lng": 135.7535976}}], "duration": {"text": "6 mins", "value": 367}, "end_location": {"lat": 35.0102322, "lng": 135.7535976}}]}], "status": "OK", "geocoded_waypoints": [{"place_id": "ChIJ0-KrXZsIAWARhLapSHnQX8I", "geocoder_status": "OK", "types": ["street_address"]}, {"place_id": "ChIJNQosv4EIAWARSLeoMIufMm0", "geocoder_status": "OK", "types": ["premise"]}]}