{"routes": [{"overview_polyline": {"points": "}`utEguq{XBs@DyC@wFAaL?U|DDfD?rB?vPCjB?N??cC?qCfA?p@?bB@rDAh@?t@??j@?v@"}, "warnings": [], "bounds": {"northeast": {"lat": 35.0108714, "lng": 135.7610944}, "southwest": {"lat": 35.0025003, "lng": 135.7552385}}, "waypoint_order": [], "summary": "\u5fa1\u6c60\u901a\u308a/\u5e9c\u905337\u53f7 and \u70cf\u4e38\u901a\u308a/\u56fd\u9053367\u53f7", "copyrights": "Map data \u00a92019", "legs": [{"distance": {"text": "1.5 km", "value": 1504}, "traffic_speed_entry": [], "end_address": "Japan, \u3012600-8090 Kyoto, Shimogy\u014d-ku, Takeyanoch\u014d, \u7dbe\u5c0f\u8def\u901a\u70cf\u4e38\u6771\u5165\u7af9\u5c4b\u4e4b\u753a252\u22121", "via_waypoint": [], "start_address": "Japan, \u3012604-8277 Kyoto, Nakagy\u014d-ku, Sanb\u014dnishit\u014dinch\u014d, \uff15\uff17\uff19\u2212\uff13 \u30d5\u30a1\u30df\u30ea\u30fc\u30de\u30fc\u30c8\u5fa1\u6c60\u897f\u6d1e\u9662\u5e97", "start_location": {"lat": 35.0108714, "lng": 135.7552385}, "steps": [{"html_instructions": "Head <b>east</b> on <b>\u5fa1\u6c60\u901a\u308a</b>/<wbr/><b>\u5e9c\u905337\u53f7</b> toward <b>\u91dc\u5ea7\u901a\u308a</b>", "distance": {"text": "0.4 km", "value": 397}, "travel_mode": "DRIVING", "start_location": {"lat": 35.0108714, "lng": 135.7552385}, "polyline": {"points": "}`utEguq{XBo@?CBgA@qA?_A?aB?a@@s@A_B?G@gA?oA?a@?W?OAwA"}, "duration": {"text": "1 min", "value": 71}, "end_location": {"lat": 35.0108185, "lng": 135.7595962}}, {"html_instructions": "Turn <b>right</b> at <b>\u70cf\u4e38\u5fa1\u6c60\uff08\u4ea4\u5dee\u70b9\uff09</b> onto <b>\u70cf\u4e38\u901a\u308a</b>/<wbr/><b>\u56fd\u9053367\u53f7</b> (signs for <b>Karasumagojo</b>)", "distance": {"text": "0.7 km", "value": 658}, "travel_mode": "DRIVING", "maneuver": "turn-right", "start_location": {"lat": 35.0108185, "lng": 135.7595962}, "polyline": {"points": "s`utEopr{X?U|DDD?`D?F?hA?D?Z?|@AxA?\\Aj@@tCArA?T?tA?b@?fA?N?"}, "duration": {"text": "2 mins", "value": 128}, "end_location": {"lat": 35.0049886, "lng": 135.7597038}}, {"html_instructions": "Turn <b>left</b> onto <b>\u9326\u5c0f\u8def\u901a\u308a</b>", "distance": {"text": "0.1 km", "value": 126}, "travel_mode": "DRIVING", "maneuver": "turn-left", "start_location": {"lat": 35.0049886, "lng": 135.7597038}, "polyline": {"points": "e|stEcqr{X?cC?iC?G"}, "duration": {"text": "1 min", "value": 54}, "end_location": {"lat": 35.0049928, "lng": 135.7610924}}, {"html_instructions": "Turn <b>right</b> onto <b>\u6771\u6d1e\u9662\u901a\u308a</b>", "distance": {"text": "0.3 km", "value": 277}, "travel_mode": "DRIVING", "maneuver": "turn-right", "start_location": {"lat": 35.0049928, "lng": 135.7610924}, "polyline": {"points": "e|stEyyr{Xb@?b@?H?B?B?^?@?r@?R@X?h@?b@?r@Ap@?D?b@?t@?"}, "duration": {"text": "2 mins", "value": 134}, "end_location": {"lat": 35.0025015, "lng": 135.7610944}}, {"html_instructions": "Turn <b>right</b> onto <b>\u7dbe\u5c0f\u8def\u901a\u308a</b><div style=\"font-size:0.9em\">Destination will be on the right</div>", "distance": {"text": "46 m", "value": 46}, "travel_mode": "DRIVING", "maneuver": "turn-right", "start_location": {"lat": 35.0025015, "lng": 135.7610944}, "polyline": {"points": "slstEyyr{X?j@?h@?L"}, "duration": {"text": "1 min", "value": 21}, "end_location": {"lat": 35.0025003, "lng": 135.7605856}}], "duration": {"text": "7 mins", "value": 408}, "end_location": {"lat": 35.0025003, "lng": 135.7605856}}]}], "status": "OK", "geocoded_waypoints": [{"place_id": "ChIJXSgJbIEIAWARx3EuZXKvi_o", "geocoder_status": "OK", "types": ["premise"]}, {"place_id": "ChIJ_WeG7ZkIAWARcIFiDc3iQyA", "geocoder_status": "OK", "types": ["establishment", "point_of_interest"]}]}