{"routes": [{"overview_polyline": {"points": "ewstEopr{X_D??iHnD?l@@h@??c@?kBAY?sDAqA@q@Cm@?aE?qBAcIG{FE}GEwD?kACq@?sC?i@N@ZD|@NlAZvBr@f@PNHDKPaAH}A"}, "warnings": [], "bounds": {"northeast": {"lat": 35.0049928, "lng": 135.7722729}, "southwest": {"lat": 35.0018617, "lng": 135.7595953}}, "waypoint_order": [], "summary": "\u56db\u6761\u901a\u308a/\u5e9c\u9053186\u53f7", "copyrights": "Map data \u00a92020", "legs": [{"distance": {"text": "1.7 km", "value": 1666}, "traffic_speed_entry": [], "end_address": "Japan, \u3012605-0806 Kyoto, Higashiyama-ku, Rokukench\u014d, \uff12\uff10\uff13\u2212\uff12 \u5343\u767b\u5229\u4ead", "via_waypoint": [], "start_address": "101 Kankobokoch\u014d, Shimogy\u014d-ku, Kyoto, 600-8009, Japan", "start_location": {"lat": 35.0041941, "lng": 135.7595998}, "steps": [{"html_instructions": "Head <b>north</b> on <b>\u70cf\u4e38\u901a\u308a</b>/<wbr/><b>\u56fd\u9053367\u53f7</b> toward <b>\u9326\u5c0f\u8def\u901a\u308a</b>", "distance": {"text": "84 m", "value": 84}, "travel_mode": "DRIVING", "start_location": {"lat": 35.0041941, "lng": 135.7595998}, "polyline": {"points": "ewstEopr{XmA?c@?e@@"}, "duration": {"text": "1 min", "value": 17}, "end_location": {"lat": 35.0049506, "lng": 135.7595941}}, {"html_instructions": "Turn <b>right</b> onto <b>\u9326\u5c0f\u8def\u901a\u308a</b>", "distance": {"text": "0.1 km", "value": 141}, "travel_mode": "DRIVING", "maneuver": "turn-right", "start_location": {"lat": 35.0049506, "lng": 135.7595941}, "polyline": {"points": "}{stEmpr{XGA?S?cC?iC?G"}, "duration": {"text": "1 min", "value": 68}, "end_location": {"lat": 35.0049928, "lng": 135.7610924}}, {"html_instructions": "Turn <b>right</b> onto <b>\u6771\u6d1e\u9662\u901a\u308a</b>", "distance": {"text": "0.1 km", "value": 147}, "travel_mode": "DRIVING", "maneuver": "turn-right", "start_location": {"lat": 35.0049928, "lng": 135.7610924}, "polyline": {"points": "e|stEyyr{Xb@?b@?H?B?B?^?@?r@?R@X?h@?"}, "duration": {"text": "1 min", "value": 79}, "end_location": {"lat": 35.0036681, "lng": 135.7610824}}, {"html_instructions": "Turn <b>left</b> onto <b>\u56db\u6761\u901a\u308a</b>/<wbr/><b>\u5e9c\u9053186\u53f7</b>", "distance": {"text": "1.0 km", "value": 1002}, "travel_mode": "DRIVING", "maneuver": "turn-left", "start_location": {"lat": 35.0036681, "lng": 135.7610824}, "polyline": {"points": "}sstEwyr{X?c@?k@?_AAK?M?aA?Y?e@?q@Ak@?C?S?M?G@O?W?A?OAKAK?E?e@@O?k@A_B?k@?k@?I?OAaA?C?cC?M?c@?U?O?a@Ak@?QAgAA[A{@?Q?A?IA{@?[?OAa@?O?c@?k@As@AkA?C?m@A_@?AAI?G?E?E@G?IAs@AY?G?KAC@E?K?A?MAo@?o@?I?G?i@"}, "duration": {"text": "6 mins", "value": 361}, "end_location": {"lat": 35.0038279, "lng": 135.7720738}}, {"html_instructions": "Turn <b>right</b> at <b>\u56db\u6761\u5927\u6a4b\uff08\u4ea4\u5dee\u70b9\uff09</b> onto <b>\u5ddd\u7aef\u901a\u308a</b>", "distance": {"text": "0.2 km", "value": 210}, "travel_mode": "DRIVING", "maneuver": "turn-right", "start_location": {"lat": 35.0038279, "lng": 135.7720738}, "polyline": {"points": "}tstEm~t{XN@F@RBF@^F@?RDJ@B@b@JXJXHhA`@@?PFTHPFNH"}, "duration": {"text": "1 min", "value": 57}, "end_location": {"lat": 35.002026, "lng": 135.7714096}}, {"html_instructions": "Turn <b>left</b> onto <b>\u56e3\u6817\u901a\u308a</b>", "distance": {"text": "82 m", "value": 82}, "travel_mode": "DRIVING", "maneuver": "turn-left", "start_location": {"lat": 35.002026, "lng": 135.7714096}, "polyline": {"points": "uistEizt{XDKNk@@U@c@Fy@"}, "duration": {"text": "1 min", "value": 34}, "end_location": {"lat": 35.0018617, "lng": 135.7722729}}], "duration": {"text": "10 mins", "value": 616}, "end_location": {"lat": 35.0018617, "lng": 135.7722729}}]}], "status": "OK", "geocoded_waypoints": [{"place_id": "ChIJZ2CmTJoIAWARicPb2uiwqw0", "geocoder_status": "OK", "types": ["street_address"]}, {"place_id": "ChIJMTYMYMAIAWARwazdq9TKsi8", "geocoder_status": "OK", "types": ["premise"]}]}