{"routes": [{"overview_polyline": {"points": "e~rtEqct{XCnDN??nB?fA@rCDtF@pHGjAGZEP?P?dC@bB?`DB`@?bD@nK@Ta@@gE@aD?aKBsI?"}, "warnings": [], "bounds": {"northeast": {"lat": 35.0057517, "lng": 135.7677674}, "southwest": {"lat": 35.0000813, "lng": 135.756649}}, "waypoint_order": [], "summary": "\u9ad8\u8fbb\u901a\u308a and \u65b0\u753a\u901a", "copyrights": "Map data \u00a92019", "legs": [{"distance": {"text": "1.6 km", "value": 1644}, "traffic_speed_entry": [], "end_address": "380 Mukadeyach\u014d, Nakagy\u014d-ku, Kyoto, 604-8214, Japan", "via_waypoint": [], "start_address": "Japan, \u3012600-8034 Kyoto, Shimogy\u014d-ku, K\u014dtakech\u014d, \u677e\u539f\u901a\u6cb3\u539f\u753a\u897f\u5165\u4e0a\u308b\u2212\uff13\uff17\uff12\u2212\uff12", "start_location": {"lat": 35.0001936, "lng": 135.7677674}, "steps": [{"html_instructions": "Head <b>west</b> on <b>\u9ad8\u8fbb\u901a\u308a</b> toward <b>\u5bfa\u753a\u901a\u308a</b>", "distance": {"text": "1.0 km", "value": 1020}, "travel_mode": "DRIVING", "start_location": {"lat": 35.0001936, "lng": 135.7677674}, "polyline": {"points": "e~rtEqct{X?H?TAt@AxAN??nB?N?v@@rA?H?J?h@@zA?L?FBbC?lB@V?lA?B?dA?@?N?@?D?RAH?BALAN?@AB?BAHCDAFCBAL?H?F?@?h@?l@?j@?j@?J?\\@L?j@?X?B?v@?L?D?F?B@J@T?V?jC@dC?xA?dC?h@@T"}, "duration": {"text": "5 mins", "value": 283}, "end_location": {"lat": 35.0001418, "lng": 135.7566903}}, {"html_instructions": "Turn <b>right</b> onto <b>\u65b0\u753a\u901a</b><div style=\"font-size:0.9em\">Destination will be on the right</div>", "distance": {"text": "0.6 km", "value": 624}, "travel_mode": "DRIVING", "maneuver": "turn-right", "start_location": {"lat": 35.0001418, "lng": 135.7566903}, "polyline": {"points": "{}rtEi~q{Xa@@oC?w@@a@?O?[?sA?gA?wA@}@?gA?G?M@i@?[?G?w@?oA@e@?}@?c@?c@AW?"}, "duration": {"text": "3 mins", "value": 182}, "end_location": {"lat": 35.0057517, "lng": 135.756649}}], "duration": {"text": "8 mins", "value": 465}, "end_location": {"lat": 35.0057517, "lng": 135.756649}}]}], "status": "OK", "geocoded_waypoints": [{"place_id": "ChIJX_9QW74IAWARhptfU2-F0TE", "geocoder_status": "OK", "types": ["street_address"]}, {"place_id": "ChIJMahhVpsIAWARw0RkAfxy_Mg", "geocoder_status": "OK", "types": ["premise"]}]}