{"routes": [{"overview_polyline": {"points": "kcttEwrq{X?rAo@@_E?A{@?yABA?_CAuIAaEBiE@e@A}C?yBzBA"}, "warnings": [], "bounds": {"northeast": {"lat": 35.0073519, "lng": 135.7610958}, "southwest": {"lat": 35.0061365, "lng": 135.7544097}}, "waypoint_order": [], "summary": "\u516d\u89d2\u901a\u308a", "copyrights": "Map data \u00a92020", "legs": [{"distance": {"text": "0.9 km", "value": 854}, "traffic_speed_entry": [], "end_address": "Japan, \u3012604-8147 Kyoto, Nakagy\u014d-ku, Misayamach\u014d, \u6771\u6d1e\u9662\u901a\u516d\u89d2\u4e0b\u308b\u2212\uff12\uff16\uff12", "via_waypoint": [], "start_address": "432 Furunishich\u014d, Nakagy\u014d-ku, Kyoto, 604-8227, Japan", "start_location": {"lat": 35.0061368, "lng": 135.7548424}, "steps": [{"html_instructions": "Head <b>west</b> on <b>\u86f8\u85ac\u5e2b\u901a\u308a</b> toward <b>\u5c0f\u5ddd\u901a\u308a</b>", "distance": {"text": "36 m", "value": 36}, "travel_mode": "DRIVING", "start_location": {"lat": 35.0061368, "lng": 135.7548424}, "polyline": {"points": "kcttEwrq{X?nA"}, "duration": {"text": "1 min", "value": 10}, "end_location": {"lat": 35.006136, "lng": 135.7544436}}, {"html_instructions": "Turn <b>right</b> onto <b>\u5c0f\u5ddd\u901a\u308a</b>", "distance": {"text": "0.1 km", "value": 137}, "travel_mode": "DRIVING", "maneuver": "turn-right", "start_location": {"lat": 35.006136, "lng": 135.7544436}, "polyline": {"points": "kcttEgpq{X?BO@_@?s@?sA?S?c@?"}, "duration": {"text": "1 min", "value": 36}, "end_location": {"lat": 35.00734449999999, "lng": 135.7544097}}, {"html_instructions": "Turn <b>right</b> onto <b>\u516d\u89d2\u901a\u308a</b>", "distance": {"text": "0.6 km", "value": 611}, "travel_mode": "DRIVING", "maneuver": "turn-right", "start_location": {"lat": 35.00734449999999, "lng": 135.7544097}, "polyline": {"points": "{jttEapq{XAE?G?[?Q?yABA?W?gB?A?aDAuB?{@?oBAG?]?k@@q@?aA?o@@e@?Q@SAsB?i@?e@Ay@?O@I"}, "duration": {"text": "3 mins", "value": 201}, "end_location": {"lat": 35.007335, "lng": 135.7610883}}, {"html_instructions": "Turn <b>right</b> onto <b>\u6771\u6d1e\u9662\u901a\u308a</b><div style=\"font-size:0.9em\">Destination will be on the left</div>", "distance": {"text": "70 m", "value": 70}, "travel_mode": "DRIVING", "maneuver": "turn-right", "start_location": {"lat": 35.007335, "lng": 135.7610883}, "polyline": {"points": "yjttEyyr{Xp@?hAA"}, "duration": {"text": "1 min", "value": 22}, "end_location": {"lat": 35.0067099, "lng": 135.7610958}}], "duration": {"text": "4 mins", "value": 269}, "end_location": {"lat": 35.0067099, "lng": 135.7610958}}]}], "status": "OK", "geocoded_waypoints": [{"place_id": "ChIJwQCFI4MIAWARHOvQ-YbqOAQ", "geocoder_status": "OK", "types": ["premise"]}, {"place_id": "ChIJR2z6npoIAWAR9vlz7gCxY8s", "geocoder_status": "OK", "types": ["street_address"]}]}