{"routes": [{"overview_polyline": {"points": "yjttEexq{XAmH?kDL?tCAxH?vECb@??G|A@tBARADF@R@j@?xC?|@?HaA?"}, "warnings": [], "bounds": {"northeast": {"lat": 35.0073419, "lng": 135.7581603}, "southwest": {"lat": 35.0024763, "lng": 135.7557128}}, "waypoint_order": [], "summary": "\u5ba4\u753a\u901a\u308a", "copyrights": "Map data \u00a92019", "legs": [{"distance": {"text": "0.9 km", "value": 928}, "traffic_speed_entry": [], "end_address": "365 Shij\u014dch\u014d, Shimogy\u014d-ku, Kyoto, 600-8441, Japan", "via_waypoint": [], "start_address": "101 Nishirokkakuch\u014d, Nakagy\u014d-ku, Kyoto, 604-8217, Japan", "start_location": {"lat": 35.0073325, "lng": 135.7557128}, "steps": [{"html_instructions": "Head <b>east</b> on <b>\u516d\u89d2\u901a\u308a</b> toward <b>\u65b0\u753a\u901a</b>", "distance": {"text": "0.2 km", "value": 215}, "travel_mode": "DRIVING", "start_location": {"lat": 35.0073325, "lng": 135.7557128}, "polyline": {"points": "yjttEexq{X?S?A?aDAuB?{@?oB"}, "duration": {"text": "1 min", "value": 58}, "end_location": {"lat": 35.0073419, "lng": 135.7580788}}, {"html_instructions": "Turn <b>right</b> onto <b>\u5ba4\u753a\u901a\u308a</b>", "distance": {"text": "0.5 km", "value": 539}, "travel_mode": "DRIVING", "maneuver": "turn-right", "start_location": {"lat": 35.0073419, "lng": 135.7580788}, "polyline": {"points": "{jttE_gr{XB?H?`@?hAA\\?J?dA?jB?b@?bB??AJ?b@?V?X?HA~A?J?b@??GZ?`A@p@?f@ABAV@J?FA"}, "duration": {"text": "3 mins", "value": 173}, "end_location": {"lat": 35.0025273, "lng": 135.7581603}}, {"html_instructions": "Turn <b>right</b> onto <b>\u5ba4\u753a\u901a\u308a</b>/<wbr/><b>\u7dbe\u5c0f\u8def\u901a\u308a</b>", "distance": {"text": "5 m", "value": 5}, "travel_mode": "DRIVING", "maneuver": "turn-right", "start_location": {"lat": 35.0025273, "lng": 135.7581603}, "polyline": {"points": "ylstEogr{XDF"}, "duration": {"text": "1 min", "value": 1}, "end_location": {"lat": 35.0024977, "lng": 135.7581186}}, {"html_instructions": "Turn <b>right</b> onto <b>\u7dbe\u5c0f\u8def\u901a\u308a</b>", "distance": {"text": "0.1 km", "value": 132}, "travel_mode": "DRIVING", "maneuver": "turn-right", "start_location": {"lat": 35.0024977, "lng": 135.7581186}, "polyline": {"points": "slstEggr{X@R@V?R?zA?|@A`@@Z?H"}, "duration": {"text": "1 min", "value": 40}, "end_location": {"lat": 35.0024763, "lng": 135.7566711}}, {"html_instructions": "Turn <b>right</b> onto <b>\u65b0\u753a\u901a</b><div style=\"font-size:0.9em\">Destination will be on the right</div>", "distance": {"text": "37 m", "value": 37}, "travel_mode": "DRIVING", "maneuver": "turn-right", "start_location": {"lat": 35.0024763, "lng": 135.7566711}, "polyline": {"points": "olstEe~q{XaA?"}, "duration": {"text": "1 min", "value": 15}, "end_location": {"lat": 35.0028126, "lng": 135.7566658}}], "duration": {"text": "5 mins", "value": 287}, "end_location": {"lat": 35.0028126, "lng": 135.7566658}}]}], "status": "OK", "geocoded_waypoints": [{"place_id": "ChIJDcgQdYMIAWAR_6bOHgmdRwM", "geocoder_status": "OK", "types": ["street_address"]}, {"place_id": "ChIJCZyOipsIAWARxctcXiNuSi8", "geocoder_status": "OK", "types": ["street_address"]}]}