{"routes": [{"overview_polyline": {"points": "ylstE}mr{X?sA?WD?rA?~AAn@?D??{A?eC?wA?iBAK?WAgB@IcA?_B?_A?G??j@@jB@bB?n@`B?f@?"}, "warnings": [], "bounds": {"northeast": {"lat": 35.0025325, "lng": 135.7625927}, "southwest": {"lat": 35.0013272, "lng": 135.7591854}}, "waypoint_order": [], "summary": "\u4ecf\u5149\u5bfa\u901a\u308a", "copyrights": "Map data \u00a92020", "legs": [{"distance": {"text": "0.8 km", "value": 787}, "traffic_speed_entry": [], "end_address": "Japan, \u3012600-8095 Kyoto, Shimogy\u014d-ku, \u6771\u6d1e\u9662\u901a\u7dbe\u5c0f\u8def\u4e0b\u308b\u6247\u9152\u5c4b\u753a\uff12\uff19\uff13", "via_waypoint": [], "start_address": "167 D\u014djishach\u014d, Shimogy\u014d-ku, Kyoto, 600-8421, Japan", "start_location": {"lat": 35.0025259, "lng": 135.7591854}, "steps": [{"html_instructions": "Head <b>east</b> on <b>\u7dbe\u5c0f\u8def\u901a\u308a</b> toward <b>\u70cf\u4e38\u901a\u308a</b>/<wbr/><b>\u56fd\u9053367\u53f7</b>", "distance": {"text": "38 m", "value": 38}, "travel_mode": "DRIVING", "start_location": {"lat": 35.0025259, "lng": 135.7591854}, "polyline": {"points": "ylstE}mr{X?g@?k@"}, "duration": {"text": "1 min", "value": 14}, "end_location": {"lat": 35.0025305, "lng": 135.7596071}}, {"html_instructions": "Turn <b>right</b> onto <b>\u70cf\u4e38\u901a\u308a</b>/<wbr/><b>\u56fd\u9053367\u53f7</b>", "distance": {"text": "0.1 km", "value": 145}, "travel_mode": "DRIVING", "maneuver": "turn-right", "start_location": {"lat": 35.0025305, "lng": 135.7596071}, "polyline": {"points": "ylstEqpr{X?WD?b@?n@?b@?z@A^?N?D?"}, "duration": {"text": "1 min", "value": 45}, "end_location": {"lat": 35.0013277, "lng": 135.7597355}}, {"html_instructions": "Turn <b>left</b> onto <b>\u4ecf\u5149\u5bfa\u901a\u308a</b>", "distance": {"text": "0.3 km", "value": 260}, "travel_mode": "DRIVING", "maneuver": "turn-left", "start_location": {"lat": 35.0013277, "lng": 135.7597355}, "polyline": {"points": "iestEkqr{X?{A?m@?wA?k@?k@?S?Y?k@?O?A?C?AAC?A?E?K?C?oAAW@I"}, "duration": {"text": "1 min", "value": 68}, "end_location": {"lat": 35.0013436, "lng": 135.7625898}}, {"html_instructions": "Turn <b>left</b> onto <b>\u9ad8\u5009\u901a\u308a</b>", "distance": {"text": "0.1 km", "value": 131}, "travel_mode": "DRIVING", "maneuver": "turn-left", "start_location": {"lat": 35.0013436, "lng": 135.7625898}, "polyline": {"points": "kestEecs{XcA?s@Ak@@[?c@?G?"}, "duration": {"text": "1 min", "value": 37}, "end_location": {"lat": 35.0025207, "lng": 135.762586}}, {"html_instructions": "Turn <b>left</b> onto <b>\u7dbe\u5c0f\u8def\u901a\u308a</b>", "distance": {"text": "0.1 km", "value": 136}, "travel_mode": "DRIVING", "maneuver": "turn-left", "start_location": {"lat": 35.0025207, "lng": 135.762586}, "polyline": {"points": "wlstEecs{X?j@@~@?j@?f@?N@Z?N?n@"}, "duration": {"text": "1 min", "value": 51}, "end_location": {"lat": 35.0025015, "lng": 135.7610944}}, {"html_instructions": "Turn <b>left</b> onto <b>\u6771\u6d1e\u9662\u901a\u308a</b><div style=\"font-size:0.9em\">Destination will be on the right</div>", "distance": {"text": "77 m", "value": 77}, "travel_mode": "DRIVING", "maneuver": "turn-left", "start_location": {"lat": 35.0025015, "lng": 135.7610944}, "polyline": {"points": "slstEyyr{X`B?H?\\?"}, "duration": {"text": "1 min", "value": 25}, "end_location": {"lat": 35.0018106, "lng": 135.7610903}}], "duration": {"text": "4 mins", "value": 240}, "end_location": {"lat": 35.0018106, "lng": 135.7610903}}]}], "status": "OK", "geocoded_waypoints": [{"place_id": "ChIJl5MJf5kIAWAR5-qRYjJO1bU", "geocoder_status": "OK", "types": ["street_address"]}, {"place_id": "ChIJ6UEaxJkIAWARLkXdB810C8Q", "geocoder_status": "OK", "types": ["street_address"]}]}